GpuName,SeqLen,HeadDim,Run,Range,Action,dram__bytes_read.sum,dram__bytes_write.sum,dram__cycles_active.avg,gpu__time_duration.sum,l1tex__cycles_active.avg,l1tex__t_sectors_pipe_lsu_mem_global_op_ld.sum,lts__cycles_active.avg,lts__t_sector_hit_rate.pct,lts__t_sectors.sum,lts__t_sectors_op_read.sum,lts__t_sectors_op_write.sum,sm__cycles_active.avg,sm__cycles_elapsed.avg,sm__inst_executed.sum,sm__inst_executed_pipe_lsu.avg,sm__pipe_alu_cycles_active.avg,sm__pipe_fma_cycles_active.avg,sm__pipe_fmaheavy_cycles_active.avg,sm__pipe_fmalite_cycles_active.avg,sm__pipe_fp64_cycles_active.avg,sm__pipe_tensor_cycles_active.avg,sm__sass_thread_inst_executed_op_fadd_pred_on.sum,sm__sass_thread_inst_executed_op_ffma_pred_on.sum,sm__sass_thread_inst_executed_op_fmul_pred_on.sum,sm__sass_thread_inst_executed_op_hadd_pred_on.sum,smsp__inst_executed_pipe_alu.sum,smsp__inst_executed_pipe_fma.sum,smsp__inst_executed_pipe_lsu.sum,smsp__inst_executed_pipe_tensor.sum,smsp__inst_executed_pipe_xu.avg.pct_of_peak_sustained_elapsed,smsp__inst_executed_pipe_xu.sum,smsp__issue_active.avg.pct_of_peak_sustained_elapsed,smsp__pcsamp_warps_issue_stalled_lg_throttle,smsp__pcsamp_warps_issue_stalled_long_scoreboard,smsp__pcsamp_warps_issue_stalled_math_pipe_throttle,smsp__pcsamp_warps_issue_stalled_membar,smsp__pcsamp_warps_issue_stalled_not_selected,smsp__pcsamp_warps_issue_stalled_short_scoreboard,smsp__warps_issue_stalled_long_scoreboard.avg,smsp__warps_issue_stalled_math_pipe_throttle.avg,smsp__warps_issue_stalled_mio_throttle.avg,smsp__warps_issue_stalled_not_selected.avg,smsp__warps_issue_stalled_short_scoreboard.avg,smsp__warps_issue_stalled_wait.avg
l4,256,64,0,0,unrolled_elementwise_kernel,73344.0,0.0,1528.0,8640.0,2513.0862068965516,1024.0,1799.4166666666667,72.57388619320689,9068.0,6141.0,2313.0,2513.0862068965516,6802.3448275862065,24448.0,24.275862068965516,291.3103448275862,176.55172413793105,176.55172413793105,0.0,0.0,0.0,0.0,0.0,0.0,16384.0,8448.0,5120.0,1408.0,0.0,0.0,0.0,1.63026948111199,0.0,51.0,0.0,0.0,0.0,1.0,903.2844827586207,0.0,0.0,0.0,54.418103448275865,448.55172413793105
l4,256,64,0,0,unrolled_elementwise_kernel,73984.0,0.0,1541.3333333333333,8640.0,2552.8793103448274,1024.0,1792.4583333333333,75.18014411529222,8743.0,6162.0,2187.0,2552.8793103448274,6804.068965517241,24448.0,24.275862068965516,291.3103448275862,176.55172413793105,176.55172413793105,0.0,0.0,0.0,0.0,0.0,0.0,16384.0,8448.0,5120.0,1408.0,0.0,0.0,0.0,1.6298563739750052,0.0,49.0,0.0,0.0,0.0,3.0,914.0258620689655,0.0,0.0,0.0,54.22844827586207,448.55172413793105
l4,256,64,0,0,unrolled_elementwise_kernel,74240.0,0.0,1546.6666666666667,8640.0,2523.4655172413795,1024.0,1757.5416666666667,76.29475147723322,8631.0,6170.0,2065.0,2523.4655172413795,6783.896551724138,24448.0,24.275862068965516,291.3103448275862,176.55172413793105,176.55172413793105,0.0,0.0,0.0,0.0,0.0,0.0,16384.0,8448.0,5120.0,1408.0,0.0,0.0,0.0,1.6347028714043907,0.0,53.0,0.0,0.0,0.0,3.0,917.9525862068965,0.0,0.0,0.0,54.474137931034484,448.55172413793105
l4,256,64,0,0,vectorized_elementwise_kernel,75648.0,0.0,1576.0,4640.0,410.0689655172414,2048.0,932.0833333333334,59.49899433168769,5469.0,2879.0,2182.0,410.0689655172414,3600.551724137931,1664.0,5.517241379310345,8.827586206896552,37.51724137931034,28.689655172413794,8.827586206896552,0.0,0.0,0.0,0.0,16384.0,0.0,256.0,832.0,320.0,0.0,0.0,0.0,0.24517315353968738,0.0,6.0,0.0,0.0,0.0,0.0,148.66810344827587,0.0,0.0,0.0,3.8620689655172415,17.103448275862068
l4,256,64,0,0,vectorized_elementwise_kernel,76160.0,0.0,1586.6666666666667,4544.0,409.55172413793105,2048.0,839.8333333333334,58.78290087735674,5357.0,2888.0,2061.0,409.55172413793105,3522.7241379310344,1664.0,5.517241379310345,8.827586206896552,37.51724137931034,28.689655172413794,8.827586206896552,0.0,0.0,0.0,0.0,16384.0,0.0,256.0,832.0,320.0,0.0,0.0,0.0,0.2505897669319394,0.0,9.0,0.0,0.0,0.0,0.0,147.7456896551724,0.0,0.0,0.0,3.8620689655172415,17.103448275862068
l4,256,64,0,0,ampere_sgemm_64x32_sliced1x4_tn,170880.0,0.0,3560.0,13216.0,4585.086206896552,24576.0,2976.2083333333335,87.02191780821917,36500.0,27257.0,8331.0,4585.086206896552,10395.172413793103,331264.0,812.1379310344828,3804.689655172414,5172.9655172413795,1534.7931034482758,3638.1724137931033,0.0,0.0,196608.0,4194304.0,262144.0,0.0,110336.0,148480.0,47104.0,0.0,0.0,0.0,13.863199097724408,0.0,25.0,4.0,0.0,12.0,14.0,1131.1336206896551,138.26724137931035,601.2844827586207,380.6939655172414,527.5905172413793,2338.7887931034484
l4,256,64,0,0,softmax_warp_forward,303360.0,0.0,6320.0,7136.0,3357.6206896551726,8192.0,2559.625,54.90060959448715,18865.0,9808.0,8205.0,3357.6206896551726,5600.068965517241,82176.0,154.48275862068965,706.2068965517242,1085.7931034482758,336.0,749.7931034482758,0.0,0.0,237568.0,589824.0,65536.0,0.0,20480.0,31232.0,8960.0,0.0,3.783204640336942,6144.0,6.5005357076883294,0.0,50.0,0.0,0.0,1.0,28.0,948.2758620689655,3.6767241379310347,0.7370689655172413,15.185344827586206,489.82758620689657,712.9310344827586
l4,256,64,0,0,vectorized_elementwise_kernel,294400.0,0.0,6133.333333333333,5344.0,1942.9655172413793,8192.0,1421.2916666666667,29.349202329703722,11847.0,9116.0,2061.0,1942.9655172413793,4157.896551724138,10496.0,22.06896551724138,220.68965517241378,88.27586206896552,88.27586206896552,0.0,0.0,0.0,0.0,0.0,0.0,0.0,6400.0,1792.0,1280.0,0.0,0.0,0.0,1.2473150382736629,0.0,51.0,0.0,0.0,0.0,1.0,947.6336206896551,0.1939655172413793,0.0,0.30603448275862066,15.439655172413794,85.48275862068965
l4,256,64,0,0,reduce_kernel,140672.0,0.0,2930.6666666666665,9312.0,1457.896551724138,2048.0,1761.625,63.137457934248,11589.0,10780.0,239.0,1457.896551724138,7316.827586206897,61440.0,48.55172413793103,1297.655172413793,300.13793103448273,300.13793103448273,0.0,0.0,0.0,0.0,0.0,0.0,0.0,37632.0,7680.0,2816.0,0.0,0.0,0.0,3.9859110788546004,0.0,10.0,5.0,0.0,2.0,9.0,836.323275862069,207.7198275862069,2.060344827586207,233.0344827586207,209.1293103448276,659.875
l4,256,64,0,0,vectorized_elementwise_kernel,4608.0,0.0,96.0,3840.0,18.25862068965517,0.0,164.75,83.61581920903954,885.0,654.0,14.0,18.25862068965517,2973.3793103448274,112.0,0.13793103448275862,1.2413793103448276,0.8275862068965517,0.8275862068965517,0.0,0.0,0.0,0.0,0.0,0.0,0.0,36.0,20.0,8.0,0.0,0.0,0.0,0.02029503177622118,0.0,0.0,0.0,0.0,0.0,0.0,0.0,0.0,0.0,0.0,0.2413793103448276,2.0
l4,256,64,0,0,elementwise_kernel,316544.0,0.0,6594.666666666667,6880.0,3198.2586206896553,10240.0,2029.625,54.95118549511855,19359.0,10403.0,8353.0,3198.2586206896553,5361.586206896552,97280.0,158.89655172413794,1659.5862068965516,988.6896551724138,988.6896551724138,0.0,0.0,0.0,0.0,0.0,0.0,0.0,48128.0,24576.0,9216.0,0.0,0.0,0.0,9.037630397592068,0.0,64.0,3.0,0.0,1.0,0.0,4330.0948275862065,301.0215517241379,0.0,295.0948275862069,133.88793103448276,1189.5
l4,256,64,0,0,vectorized_elementwise_kernel,287104.0,0.0,5981.333333333333,5248.0,1891.5689655172414,8192.0,1504.2083333333333,39.7174367476393,13873.0,9078.0,4109.0,1891.5689655172414,4085.8275862068967,5888.0,22.06896551724138,52.96551724137931,105.93103448275862,105.93103448275862,0.0,0.0,0.0,0.0,0.0,0.0,0.0,1536.0,2048.0,1280.0,0.0,0.0,0.0,0.7831950645207573,0.0,52.0,0.0,0.0,0.0,2.0,956.7284482758621,0.04741379310344827,0.0,0.3146551724137931,15.560344827586206,79.21120689655173
l4,256,64,0,0,ampere_sgemm_64x32_sliced1x4_nn,395392.0,0.0,8237.333333333334,12896.0,4435.448275862069,24576.0,3745.875,69.48163032557635,36827.0,27191.0,8508.0,4435.448275862069,10167.103448275862,332032.0,812.1379310344828,3751.7241379310344,5270.068965517241,1701.6896551724137,3568.3793103448274,0.0,0.0,196608.0,4194304.0,262144.0,0.0,108800.0,150272.0,47104.0,0.0,0.0,0.0,14.217591556270051,0.0,37.0,5.0,0.0,10.0,6.0,1185.6293103448277,144.76293103448276,301.8965517241379,368.2068965517241,282.37931034482756,2507.564655172414
l4,256,64,0,0,splitKreduce_kernel,295552.0,0.0,6157.333333333333,5696.0,1327.344827586207,8192.0,1532.75,32.39932751581138,12491.0,9518.0,2061.0,1327.344827586207,4445.827586206897,46592.0,97.10344827586206,741.5172413793103,476.6896551724138,372.13793103448273,104.55172413793103,0.0,0.0,65536.0,0.0,16384.0,0.0,21504.0,10240.0,5632.0,0.0,0.0,0.0,5.236990901969301,3.0,26.0,2.0,0.0,0.0,0.0,1845.073275862069,90.0603448275862,19.28448275862069,121.84482758620689,0.17672413793103448,694.7801724137931
l4,256,64,0,0,vectorized_elementwise_kernel,76544.0,0.0,1594.6666666666667,4544.0,407.0344827586207,2048.0,784.3333333333334,48.975834292289996,4345.0,2928.0,1037.0,407.0344827586207,3550.6206896551726,1472.0,5.517241379310345,13.241379310344827,26.482758620689655,26.482758620689655,0.0,0.0,0.0,0.0,0.0,0.0,0.0,384.0,512.0,320.0,0.0,0.0,0.0,0.22531271851448992,0.0,6.0,0.0,0.0,0.0,0.0,150.5,0.0,0.0,0.0,3.8620689655172415,19.586206896551722
l4,256,64,1,0,unrolled_elementwise_kernel,73344.0,0.0,1528.0,8640.0,2506.9655172413795,1024.0,1792.7916666666667,72.86598850066342,9044.0,6139.0,2291.0,2506.9655172413795,6788.413793103448,24448.0,24.275862068965516,291.3103448275862,176.55172413793105,176.55172413793105,0.0,0.0,0.0,0.0,0.0,0.0,16384.0,8448.0,5120.0,1408.0,0.0,0.0,0.0,1.6336150845253576,0.0,54.0,0.0,0.0,0.0,1.0,897.2629310344828,0.0,0.0,0.0,54.52155172413793,448.55172413793105
l4,256,64,1,0,unrolled_elementwise_kernel,73856.0,0.0,1538.6666666666667,8672.0,2532.2758620689656,1024.0,1733.2916666666667,76.3832502029927,8621.0,6166.0,2061.0,2532.2758620689656,6794.413793103448,24448.0,24.275862068965516,291.3103448275862,176.55172413793105,176.55172413793105,0.0,0.0,0.0,0.0,0.0,0.0,16384.0,8448.0,5120.0,1408.0,0.0,0.0,0.0,1.63217247434505,0.0,57.0,0.0,0.0,0.0,7.0,918.0172413793103,0.0,0.0,0.0,54.2801724137931,448.55172413793105
l4,256,64,1,0,unrolled_elementwise_kernel,74240.0,0.0,1546.6666666666667,8672.0,2524.689655172414,1024.0,1886.4166666666667,72.50908290212486,9083.0,6141.0,2330.0,2524.689655172414,6797.724137931034,24448.0,24.275862068965516,291.3103448275862,176.55172413793105,176.55172413793105,0.0,0.0,0.0,0.0,0.0,0.0,16384.0,8448.0,5120.0,1408.0,0.0,0.0,0.0,1.631377641604188,0.0,53.0,0.0,0.0,0.0,2.0,911.7844827586207,0.0,0.0,0.0,54.0948275862069,448.55172413793105
l4,256,64,1,0,vectorized_elementwise_kernel,76032.0,0.0,1584.0,4480.0,409.6896551724138,2048.0,870.125,58.66442827830628,5361.0,2892.0,2061.0,409.6896551724138,3488.310344827586,1664.0,5.517241379310345,8.827586206896552,37.51724137931034,28.689655172413794,8.827586206896552,0.0,0.0,0.0,0.0,16384.0,0.0,256.0,832.0,320.0,0.0,0.0,0.0,0.2530619507517719,0.0,7.0,0.0,0.0,0.0,0.0,149.7543103448276,0.0,0.0,0.0,3.8620689655172415,17.103448275862068
l4,256,64,1,0,vectorized_elementwise_kernel,75904.0,0.0,1581.3333333333333,4512.0,407.98275862068965,2048.0,849.2083333333334,58.58981533296027,5361.0,2892.0,2061.0,407.98275862068965,3513.448275862069,1664.0,5.517241379310345,8.827586206896552,37.51724137931034,28.689655172413794,8.827586206896552,0.0,0.0,0.0,0.0,16384.0,0.0,256.0,832.0,320.0,0.0,0.0,0.0,0.25125134949455297,0.0,9.0,0.0,0.0,0.0,0.0,150.0905172413793,0.0,0.0,0.0,3.8620689655172415,17.103448275862068
l4,256,64,1,0,ampere_sgemm_64x32_sliced1x4_tn,171008.0,0.0,3562.6666666666665,13120.0,4550.931034482759,24576.0,2998.2916666666665,87.19199671097712,36485.0,27260.0,8313.0,4550.931034482759,10318.586206896553,331264.0,812.1379310344828,3804.689655172414,5172.9655172413795,1535.2068965517242,3637.7586206896553,0.0,0.0,196608.0,4194304.0,262144.0,0.0,110336.0,148480.0,47104.0,0.0,0.0,0.0,13.966093991759095,0.0,40.0,4.0,0.0,13.0,6.0,1077.9008620689656,138.02586206896552,601.6551724137931,382.76293103448273,523.7758620689655,2341.5258620689656
l4,256,64,1,0,softmax_warp_forward,303232.0,0.0,6317.333333333333,7328.0,3448.9137931034484,8192.0,2678.0,54.90539036412784,18867.0,9810.0,8205.0,3448.9137931034484,5743.172413793103,82176.0,154.48275862068965,706.2068965517242,1085.7931034482758,336.17241379310343,749.6206896551724,0.0,0.0,237568.0,589824.0,65536.0,0.0,20480.0,31232.0,8960.0,0.0,3.688937989336664,6144.0,6.338560929919786,0.0,53.0,0.0,0.0,0.0,33.0,955.0086206896551,3.521551724137931,0.3706896551724138,13.883620689655173,490.37068965517244,712.9655172413793
l4,256,64,1,0,vectorized_elementwise_kernel,294912.0,0.0,6144.0,5344.0,1925.5172413793102,8192.0,1418.0,29.33580892902355,11849.0,9118.0,2061.0,1925.5172413793102,4152.103448275862,10496.0,22.06896551724138,220.68965517241378,88.27586206896552,88.27586206896552,0.0,0.0,0.0,0.0,0.0,0.0,0.0,6400.0,1792.0,1280.0,0.0,0.0,0.0,1.2490553188662163,0.0,55.0,0.0,0.0,0.0,0.0,951.4224137931035,0.3103448275862069,0.0,0.30603448275862066,15.512931034482758,85.44827586206897
l4,256,64,1,0,reduce_kernel,136320.0,0.0,2840.0,9312.0,1460.6379310344828,2048.0,1667.9166666666667,65.79775280898876,11125.0,10676.0,95.0,1460.6379310344828,7325.206896551724,61440.0,48.55172413793103,1297.655172413793,300.13793103448273,300.13793103448273,0.0,0.0,0.0,0.0,0.0,0.0,0.0,37632.0,7680.0,2816.0,0.0,0.0,0.0,3.9817634902627206,0.0,14.0,3.0,0.0,1.0,1.0,848.0086206896551,205.88362068965517,2.060344827586207,247.68103448275863,209.18103448275863,660.8318965517242
l4,256,64,1,0,vectorized_elementwise_kernel,4608.0,0.0,96.0,3808.0,18.396551724137932,0.0,174.16666666666666,83.61581920903954,885.0,654.0,14.0,18.396551724137932,2942.793103448276,112.0,0.13793103448275862,1.2413793103448276,0.8275862068965517,0.8275862068965517,0.0,0.0,0.0,0.0,0.0,0.0,0.0,36.0,20.0,8.0,0.0,0.0,0.0,0.020505970166742833,0.0,0.0,0.0,0.0,0.0,0.0,0.0,0.0,0.0,0.0,0.2413793103448276,2.0
l4,256,64,1,0,elementwise_kernel,316800.0,0.0,6600.0,6880.0,3205.4827586206898,10240.0,2045.625,55.33132216789763,19226.0,10418.0,8205.0,3205.4827586206898,5377.896551724138,97280.0,158.89655172413794,1659.5862068965516,988.6896551724138,988.6896551724138,0.0,0.0,0.0,0.0,0.0,0.0,0.0,48128.0,24576.0,9216.0,0.0,0.0,0.0,9.010220634910459,0.0,68.0,0.0,0.0,5.0,1.0,4322.5301724137935,297.78879310344826,0.0,302.3146551724138,133.01724137931035,1190.7155172413793
l4,256,64,1,0,vectorized_elementwise_kernel,286464.0,0.0,5968.0,5312.0,1941.8620689655172,8192.0,1554.4166666666667,39.703020255171914,13873.0,9078.0,4109.0,1941.8620689655172,4143.310344827586,5888.0,22.06896551724138,52.96551724137931,105.93103448275862,105.93103448275862,0.0,0.0,0.0,0.0,0.0,0.0,0.0,1536.0,2048.0,1280.0,0.0,0.0,0.0,0.7723293052365259,0.0,49.0,0.0,0.0,0.0,3.0,948.4525862068965,0.034482758620689655,0.0,0.3275862068965517,15.456896551724139,79.19396551724138
l4,256,64,1,0,ampere_sgemm_64x32_sliced1x4_nn,394752.0,0.0,8224.0,12896.0,4423.241379310345,24576.0,3654.125,70.35906741449467,36372.0,27220.0,8240.0,4423.241379310345,10148.827586206897,332032.0,812.1379310344828,3751.7241379310344,5270.068965517241,1706.103448275862,3563.9655172413795,0.0,0.0,196608.0,4194304.0,262144.0,0.0,108800.0,150272.0,47104.0,0.0,0.0,0.0,14.24319438970358,0.0,35.0,5.0,0.0,9.0,4.0,1110.7370689655172,144.17241379310346,278.69827586206895,371.0,279.9008620689655,2508.7974137931033
l4,256,64,1,0,splitKreduce_kernel,296448.0,0.0,6176.0,5696.0,1327.3103448275863,8192.0,1531.375,32.39414071880253,12493.0,9520.0,2061.0,1327.3103448275863,4431.517241379311,46592.0,97.10344827586206,741.5172413793103,476.6896551724138,372.3103448275862,104.37931034482759,0.0,0.0,65536.0,0.0,16384.0,0.0,21504.0,10240.0,5632.0,0.0,0.0,0.0,5.253902298582255,0.0,28.0,0.0,0.0,0.0,0.0,1802.2931034482758,89.78879310344827,19.012931034482758,122.23706896551724,0.16810344827586207,694.4181034482758
l4,256,64,1,0,vectorized_elementwise_kernel,76544.0,0.0,1594.6666666666667,4544.0,406.36206896551727,2048.0,771.25,48.86128364389234,4347.0,2930.0,1037.0,406.36206896551727,3544.310344827586,1472.0,5.517241379310345,13.241379310344827,26.482758620689655,26.482758620689655,0.0,0.0,0.0,0.0,0.0,0.0,0.0,384.0,512.0,320.0,0.0,0.0,0.0,0.22571386875516858,0.0,10.0,0.0,0.0,0.0,0.0,146.18965517241378,0.0,0.0,0.0,3.8620689655172415,19.586206896551722
l4,256,64,2,0,unrolled_elementwise_kernel,73088.0,0.0,1522.6666666666667,8640.0,2513.793103448276,1024.0,1806.125,72.59398081799141,9071.0,6137.0,2320.0,2513.793103448276,6803.793103448276,24448.0,24.275862068965516,291.3103448275862,176.55172413793105,176.55172413793105,0.0,0.0,0.0,0.0,0.0,0.0,16384.0,8448.0,5120.0,1408.0,0.0,0.0,0.0,1.629922457047286,0.0,58.0,0.0,0.0,0.0,3.0,897.0991379310345,0.0,0.0,0.0,54.74568965517241,448.55172413793105
l4,256,64,2,0,unrolled_elementwise_kernel,74112.0,0.0,1544.0,8640.0,2533.2586206896553,1024.0,1737.5833333333333,76.26274328081557,8632.0,6172.0,2066.0,2533.2586206896553,6774.586206896552,24448.0,24.275862068965516,291.3103448275862,176.55172413793105,176.55172413793105,0.0,0.0,0.0,0.0,0.0,0.0,16384.0,8448.0,5120.0,1408.0,0.0,0.0,0.0,1.636949451041672,0.0,58.0,0.0,0.0,0.0,6.0,936.6465517241379,0.0,0.0,0.0,54.185344827586206,448.55172413793105
l4,256,64,2,0,unrolled_elementwise_kernel,74240.0,0.0,1546.6666666666667,8704.0,2547.603448275862,1024.0,1755.5833333333333,76.33012634751363,8627.0,6170.0,2061.0,2547.603448275862,6843.724137931034,24448.0,24.275862068965516,291.3103448275862,176.55172413793105,176.55172413793105,0.0,0.0,0.0,0.0,0.0,0.0,16384.0,8448.0,5120.0,1408.0,0.0,0.0,0.0,1.6204123586673922,0.0,56.0,0.0,0.0,0.0,3.0,903.1637931034483,0.0,0.0,0.0,54.24568965517241,448.55172413793105
l4,256,64,2,0,vectorized_elementwise_kernel,75392.0,0.0,1570.6666666666667,4416.0,409.55172413793105,2048.0,853.1666666666666,58.7763476963253,5361.0,2892.0,2061.0,409.55172413793105,3427.689655172414,1664.0,5.517241379310345,8.827586206896552,37.51724137931034,28.689655172413794,8.827586206896552,0.0,0.0,0.0,0.0,16384.0,0.0,256.0,832.0,320.0,0.0,0.0,0.0,0.2575374988682434,0.0,11.0,0.0,0.0,0.0,0.0,148.22844827586206,0.0,0.0,0.0,3.8620689655172415,17.103448275862068
l4,256,64,2,0,vectorized_elementwise_kernel,76160.0,0.0,1586.6666666666667,4512.0,410.55172413793105,2048.0,851.5833333333334,58.7017347509793,5361.0,2892.0,2061.0,410.55172413793105,3529.9310344827586,1664.0,5.517241379310345,8.827586206896552,37.51724137931034,28.689655172413794,8.827586206896552,0.0,0.0,0.0,0.0,16384.0,0.0,256.0,832.0,320.0,0.0,0.0,0.0,0.25007814942169426,0.0,8.0,0.0,0.0,0.0,0.0,159.85775862068965,0.0,0.0,0.0,3.8620689655172415,17.103448275862068
l4,256,64,2,0,ampere_sgemm_64x32_sliced1x4_tn,171264.0,0.0,3568.0,13152.0,4589.4655172413795,24576.0,2796.3333333333335,87.02430203567219,36499.0,27260.0,8327.0,4589.4655172413795,10364.551724137931,331264.0,812.1379310344828,3804.689655172414,5172.9655172413795,1527.5172413793102,3645.448275862069,0.0,0.0,196608.0,4194304.0,262144.0,0.0,110336.0,148480.0,47104.0,0.0,0.0,0.0,13.904156075748904,0.0,31.0,2.0,0.0,13.0,12.0,1047.9353448275863,138.05172413793105,571.926724137931,384.98275862068965,513.3491379310345,2341.728448275862
l4,256,64,2,0,softmax_warp_forward,304384.0,0.0,6341.333333333333,7456.0,3453.3793103448274,8192.0,2639.2083333333335,54.80606189063162,18872.0,9810.0,8210.0,3453.3793103448274,5820.6551724137935,82176.0,154.48275862068965,706.2068965517242,1085.7931034482758,335.7241379310345,750.0689655172414,0.0,0.0,237568.0,589824.0,65536.0,0.0,20480.0,31232.0,8960.0,0.0,3.639831989526004,6144.0,6.254183970284184,0.0,46.0,0.0,0.0,0.0,27.0,981.3405172413793,3.6939655172413794,1.146551724137931,13.844827586206897,490.625,713.051724137931
l4,256,64,2,0,vectorized_elementwise_kernel,294016.0,0.0,6125.333333333333,5472.0,1983.6206896551723,8192.0,1458.0833333333333,29.342782417953263,11853.0,9122.0,2061.0,1983.6206896551723,4257.310344827586,10496.0,22.06896551724138,220.68965517241378,88.27586206896552,88.27586206896552,0.0,0.0,0.0,0.0,0.0,0.0,0.0,6400.0,1792.0,1280.0,0.0,0.0,0.0,1.2181885924413989,0.0,56.0,0.0,0.0,0.0,1.0,998.625,0.41810344827586204,0.0,0.4870689655172414,15.435344827586206,85.46551724137932
l4,256,64,2,0,reduce_kernel,136320.0,0.0,2840.0,9312.0,1460.655172413793,2048.0,1667.0833333333333,66.1544024588682,11062.0,10674.0,34.0,1460.655172413793,7320.9655172413795,61440.0,48.55172413793103,1297.655172413793,300.13793103448273,300.13793103448273,0.0,0.0,0.0,0.0,0.0,0.0,0.0,37632.0,7680.0,2816.0,0.0,0.0,0.0,3.9841291896678412,0.0,12.0,3.0,0.0,1.0,9.0,830.0,186.74137931034483,2.060344827586207,246.07327586206895,209.14224137931035,660.8405172413793
l4,256,64,2,0,vectorized_elementwise_kernel,4608.0,0.0,96.0,3840.0,18.275862068965516,0.0,179.70833333333334,77.39221871713985,951.0,720.0,14.0,18.275862068965516,2963.862068965517,112.0,0.13793103448275862,1.2413793103448276,0.8275862068965517,0.8275862068965517,0.0,0.0,0.0,0.0,0.0,0.0,0.0,36.0,20.0,8.0,0.0,0.0,0.0,0.020360201042442294,0.0,0.0,0.0,0.0,0.0,0.0,0.0,0.0,0.0,0.0,0.2413793103448276,2.0
l4,256,64,2,0,elementwise_kernel,317440.0,0.0,6613.333333333333,6848.0,3136.362068965517,10240.0,2002.125,55.300785108927364,19233.0,10420.0,8210.0,3136.362068965517,5344.275862068966,97280.0,158.89655172413794,1659.5862068965516,988.6896551724138,988.6896551724138,0.0,0.0,0.0,0.0,0.0,0.0,0.0,48128.0,24576.0,9216.0,0.0,0.0,0.0,9.06633910597223,0.0,54.0,3.0,0.0,5.0,0.0,4480.693965517241,289.0689655172414,0.0,312.8146551724138,134.08620689655172,1192.8146551724137
l4,256,64,2,0,vectorized_elementwise_kernel,287104.0,0.0,5981.333333333333,5312.0,1908.2586206896551,8192.0,1512.6666666666667,39.674187270237155,13873.0,9078.0,4109.0,1908.2586206896551,4115.275862068966,5888.0,22.06896551724138,52.96551724137931,105.93103448275862,105.93103448275862,0.0,0.0,0.0,0.0,0.0,0.0,0.0,1536.0,2048.0,1280.0,0.0,0.0,0.0,0.7775906420988244,0.0,55.0,0.0,0.0,0.0,2.0,941.7974137931035,0.04741379310344827,0.0,0.3103448275862069,15.508620689655173,79.19827586206897
l4,256,64,2,0,ampere_sgemm_64x32_sliced1x4_nn,394368.0,0.0,8216.0,12928.0,4447.620689655172,24576.0,3531.875,70.4229615564545,36339.0,27222.0,8205.0,4447.620689655172,10196.758620689656,332032.0,812.1379310344828,3751.7241379310344,5270.068965517241,1699.2758620689656,3570.793103448276,0.0,0.0,196608.0,4194304.0,262144.0,0.0,108800.0,150272.0,47104.0,0.0,0.0,0.0,14.176242619358415,0.0,35.0,4.0,0.0,12.0,10.0,1168.0646551724137,144.38362068965517,287.6163793103448,374.23275862068965,274.66379310344826,2507.8362068965516
l4,256,64,2,0,splitKreduce_kernel,295296.0,0.0,6152.0,5952.0,1389.1896551724137,8192.0,1623.8333333333333,32.36776826438344,12497.0,9524.0,2061.0,1389.1896551724137,4643.827586206897,46592.0,97.10344827586206,741.5172413793103,476.6896551724138,372.0344827586207,104.65517241379311,0.0,0.0,65536.0,0.0,16384.0,0.0,21504.0,10240.0,5632.0,0.0,0.0,0.0,5.013700054206176,2.0,26.0,0.0,0.0,1.0,0.0,1824.771551724138,88.30172413793103,19.16810344827586,120.77155172413794,0.15948275862068967,693.8405172413793
l4,256,64,2,0,vectorized_elementwise_kernel,76416.0,0.0,1592.0,4512.0,406.82758620689657,2048.0,770.7083333333334,48.907292385553255,4347.0,2930.0,1037.0,406.82758620689657,3483.103448275862,1472.0,5.517241379310345,13.241379310344827,26.482758620689655,26.482758620689655,0.0,0.0,0.0,0.0,0.0,0.0,0.0,384.0,512.0,320.0,0.0,0.0,0.0,0.2296802296802297,0.0,10.0,0.0,0.0,0.0,1.0,146.18103448275863,0.0,0.0,0.0,3.8620689655172415,19.586206896551722
l4,256,64,0,0,fmha_cutlassF_f16_aligned_64x64_rf_sm80,161408.0,0.0,3362.6666666666665,33376.0,1683.6206896551723,12288.0,3229.75,83.64743532758467,22498.0,20019.0,1735.0,1683.6206896551723,26481.724137931036,86169.0,137.91379310344828,1103.3793103448277,882.2413793103449,441.41379310344826,440.82758620689657,0.0,1129.9310344827586,154136.0,8192.0,197656.0,0.0,31998.0,24769.0,7999.0,8192.0,0.2885529382658176,2216.0,1.410846126801828,0.0,10.0,4.0,0.0,0.0,3.0,175.17241379310346,138.7801724137931,17.961206896551722,0.0,113.35344827586206,445.0086206896552
l4,256,64,1,0,fmha_cutlassF_f16_aligned_64x64_rf_sm80,161664.0,0.0,3368.0,33472.0,1687.9827586206898,12288.0,3339.0833333333335,83.50588758053765,22505.0,20027.0,1734.0,1687.9827586206898,26560.103448275862,86169.0,137.91379310344828,1103.3793103448277,882.2413793103449,441.3448275862069,440.8965517241379,0.0,1129.9310344827586,154136.0,8192.0,197656.0,0.0,31998.0,24769.0,7999.0,8192.0,0.28770141370969937,2216.0,1.4066826962400178,0.0,9.0,13.0,0.0,0.0,6.0,176.54741379310346,138.77155172413794,17.905172413793103,0.0,113.40948275862068,444.9913793103448
l4,256,64,2,0,fmha_cutlassF_f16_aligned_64x64_rf_sm80,161280.0,0.0,3360.0,33440.0,1682.5862068965516,12288.0,3243.4583333333335,83.98258783813797,22513.0,20035.0,1734.0,1682.5862068965516,26526.96551724138,86169.0,137.91379310344828,1103.3793103448277,882.2413793103449,441.55172413793105,440.6896551724138,0.0,1129.9310344827586,154136.0,8192.0,197656.0,0.0,31998.0,24769.0,7999.0,8192.0,0.288060815149711,2216.0,1.4084399478994698,0.0,12.0,7.0,0.0,0.0,9.0,174.18534482758622,138.76724137931035,18.129310344827587,0.0,113.40948275862068,445.03879310344826
l4,256,64,0,0,flash_fwd_kernel,184064.0,0.0,3834.6666666666665,26784.0,664.2758620689655,5120.0,3424.5,70.61192468619247,19120.0,15495.0,2929.0,664.2758620689655,21216.896551724138,30592.0,47.724137931034484,276.9655172413793,452.13793103448273,161.51724137931035,290.62068965517244,0.0,1129.9310344827586,133120.0,4096.0,102400.0,0.0,8032.0,12936.0,2768.0,4096.0,0.3523541744543224,2168.0,0.6270214045409482,1.0,4.0,4.0,0.0,0.0,2.0,43.26724137931034,122.33189655172414,15.137931034482758,0.0,16.025862068965516,132.17241379310346
l4,256,64,1,0,flash_fwd_kernel,183680.0,0.0,3826.6666666666665,26784.0,664.2413793103449,5120.0,3421.7916666666665,72.66976841444928,19129.0,15505.0,2928.0,664.2413793103449,21217.0,30592.0,47.724137931034484,276.9655172413793,452.13793103448273,161.51724137931035,290.62068965517244,0.0,1129.9310344827586,133120.0,4096.0,102400.0,0.0,8032.0,12936.0,2768.0,4096.0,0.3523524564719573,2168.0,0.6270183473564627,1.0,2.0,9.0,0.0,0.0,1.0,42.935344827586206,122.32758620689656,16.336206896551722,0.0,16.025862068965516,132.17241379310346
l4,256,64,2,0,flash_fwd_kernel,183680.0,0.0,3826.6666666666665,26784.0,664.0862068965517,5120.0,3424.9166666666665,70.87038393137357,19118.0,15505.0,2917.0,664.0862068965517,21219.206896551725,30592.0,47.724137931034484,276.9655172413793,452.13793103448273,161.51724137931035,290.62068965517244,0.0,1129.9310344827586,133120.0,4096.0,102400.0,0.0,8032.0,12936.0,2768.0,4096.0,0.35231581017198144,2168.0,0.6269531345219117,1.0,3.0,4.0,0.0,0.0,1.0,43.02155172413793,122.36637931034483,15.258620689655173,0.0,16.025862068965516,132.17241379310346
l4,256,64,0,0,cudnn_generated_fort_native_sdpa_sm80_flash_fprop_wmma_f16_knob_6_128x64x64_4x1x1_kernel0_0,137600.0,0.0,2866.6666666666665,22944.0,559.5344827586207,5120.0,2764.4166666666665,61.93443742530306,11714.0,9375.0,1643.0,559.5344827586207,18191.931034482757,29520.0,41.793103448275865,259.58620689655174,417.6551724137931,133.51724137931035,284.13793103448273,0.0,1129.9310344827586,137216.0,4096.0,217088.0,0.0,7528.0,11944.0,2424.0,4096.0,0.43672260911430993,2304.0,0.7117592869896847,0.0,3.0,6.0,0.0,0.0,0.0,26.030172413793103,132.76724137931035,8.78448275862069,0.0,18.094827586206897,106.57758620689656
l4,256,64,1,0,cudnn_generated_fort_native_sdpa_sm80_flash_fprop_wmma_f16_knob_6_128x64x64_4x1x1_kernel0_0,137472.0,0.0,2864.0,22944.0,559.2931034482758,5120.0,2762.9166666666665,62.0603448275862,11600.0,9251.0,1653.0,559.2931034482758,18184.724137931036,29520.0,41.793103448275865,259.58620689655174,417.6551724137931,133.51724137931035,284.13793103448273,0.0,1129.9310344827586,137216.0,4096.0,217088.0,0.0,7528.0,11944.0,2424.0,4096.0,0.436895689257941,2304.0,0.7120413685605764,0.0,2.0,11.0,0.0,0.0,1.0,24.83189655172414,132.76724137931035,8.78448275862069,0.0,18.094827586206897,106.57758620689656
l4,256,64,2,0,cudnn_generated_fort_native_sdpa_sm80_flash_fprop_wmma_f16_knob_6_128x64x64_4x1x1_kernel0_0,137600.0,0.0,2866.6666666666665,22944.0,558.9827586206897,5120.0,2633.9583333333335,59.55273815812643,11358.0,9446.0,1432.0,558.9827586206897,18175.241379310344,29520.0,41.793103448275865,259.58620689655174,417.6551724137931,133.51724137931035,284.13793103448273,0.0,1129.9310344827586,137216.0,4096.0,217088.0,0.0,7528.0,11944.0,2424.0,4096.0,0.43712363541156785,2304.0,0.7124128693448079,0.0,1.0,6.0,0.0,0.0,1.0,24.95689655172414,132.76724137931035,8.78448275862069,0.0,18.094827586206897,106.57758620689656
l4,256,128,0,0,unrolled_elementwise_kernel,113792.0,0.0,2370.6666666666665,8736.0,4550.482758620689,2048.0,2320.9166666666665,73.02604210000831,12019.0,7171.0,4304.0,4550.482758620689,6844.241379310345,48896.0,48.55172413793103,582.6206896551724,353.1034482758621,353.1034482758621,0.0,0.0,0.0,0.0,0.0,0.0,32768.0,16896.0,10240.0,2816.0,0.0,0.0,0.0,3.2405797977660558,0.0,95.0,0.0,0.0,0.0,4.0,1825.2068965517242,1.8275862068965518,0.0,3.706896551724138,103.15517241379311,897.1379310344828
l4,256,128,0,0,unrolled_elementwise_kernel,113920.0,0.0,2373.3333333333335,8768.0,4576.379310344828,2048.0,2416.9166666666665,73.31267794339307,11942.0,7185.0,4235.0,4576.379310344828,6868.241379310345,48896.0,48.55172413793103,582.6206896551724,353.1034482758621,353.1034482758621,0.0,0.0,0.0,0.0,0.0,0.0,32768.0,16896.0,10240.0,2816.0,0.0,0.0,0.0,3.22925609627521,0.0,92.0,0.0,0.0,0.0,3.0,1801.2241379310344,1.625,0.0,3.331896551724138,101.5,897.1336206896551
l4,256,128,0,0,unrolled_elementwise_kernel,114432.0,0.0,2384.0,8736.0,4550.068965517241,2048.0,2502.5,71.89601443332788,12194.0,7168.0,4274.0,4550.068965517241,6862.206896551724,48896.0,48.55172413793103,582.6206896551724,353.1034482758621,353.1034482758621,0.0,0.0,0.0,0.0,0.0,0.0,32768.0,16896.0,10240.0,2816.0,0.0,0.0,0.0,3.232095837269603,0.0,100.0,0.0,0.0,0.0,7.0,1845.6594827586207,1.6336206896551724,0.0,3.3663793103448274,99.60344827586206,897.1551724137931
l4,256,128,0,0,vectorized_elementwise_kernel,146560.0,0.0,3053.3333333333335,4832.0,924.1379310344828,4096.0,1253.625,56.064829152472385,9687.0,4938.0,4109.0,924.1379310344828,3746.862068965517,3328.0,11.03448275862069,17.655172413793103,75.03448275862068,57.37931034482759,17.655172413793103,0.0,0.0,0.0,0.0,32768.0,0.0,512.0,1664.0,640.0,0.0,0.0,0.0,0.471198888265123,0.0,25.0,0.0,0.0,0.0,0.0,369.67241379310343,0.0,0.0,0.0,7.724137931034483,34.206896551724135
l4,256,128,0,0,vectorized_elementwise_kernel,146560.0,0.0,3053.3333333333335,4896.0,937.448275862069,4096.0,1232.5416666666667,56.064829152472385,9687.0,4938.0,4109.0,937.448275862069,3812.3793103448274,3328.0,11.03448275862069,17.655172413793103,75.03448275862068,57.37931034482759,17.655172413793103,0.0,0.0,0.0,0.0,32768.0,0.0,512.0,1664.0,640.0,0.0,0.0,0.0,0.46310114961242416,0.0,21.0,0.0,0.0,0.0,0.0,364.4568965517241,0.0,0.0,0.0,7.724137931034483,34.206896551724135
l4,256,128,0,0,ampere_sgemm_64x32_sliced1x4_tn,333056.0,0.0,6938.666666666667,16480.0,6067.293103448276,49152.0,4455.5,85.7342015056338,60971.0,51854.0,8205.0,6067.293103448276,13012.827586206897,505344.0,1235.8620689655172,4404.9655172413795,9692.689655172413,2881.137931034483,6811.551724137931,0.0,0.0,196608.0,8388608.0,262144.0,0.0,127744.0,279552.0,71680.0,0.0,0.0,0.0,16.840677103759685,0.0,43.0,5.0,0.0,19.0,26.0,1886.9956896551723,141.25,864.1163793103449,579.3922413793103,807.3836206896551,2825.6422413793102
l4,256,128,0,0,softmax_warp_forward,295168.0,0.0,6149.333333333333,12256.0,3580.206896551724,8192.0,2689.3333333333335,54.60817358331579,18988.0,9825.0,8331.0,3580.206896551724,9659.310344827587,83483.0,154.48275862068965,730.2068965517242,1097.103448275862,338.8965517241379,758.2068965517242,0.0,0.0,238075.0,594237.0,65536.0,0.0,21176.0,31560.0,8960.0,0.0,2.201913465657575,6168.0,3.8270651863487077,0.0,51.0,0.0,0.0,0.0,33.0,992.7413793103449,4.038793103448276,1.1982758620689655,16.064655172413794,490.73275862068965,729.125
l4,256,128,0,0,vectorized_elementwise_kernel,288256.0,0.0,6005.333333333333,5408.0,2040.5,8192.0,1470.1666666666667,29.41027587952417,11853.0,9116.0,2061.0,2040.5,4222.241379310345,10496.0,22.06896551724138,220.68965517241378,88.27586206896552,88.27586206896552,0.0,0.0,0.0,0.0,0.0,0.0,0.0,6400.0,1792.0,1280.0,0.0,0.0,0.0,1.2283065866307321,0.0,54.0,0.0,0.0,0.0,1.0,980.0689655172414,0.07327586206896551,0.0,0.3577586206896552,15.418103448275861,85.5
l4,256,128,0,0,reduce_kernel,136576.0,0.0,2845.3333333333335,9376.0,1453.655172413793,2048.0,1638.2083333333333,66.1455038409399,11065.0,10676.0,34.0,1453.655172413793,7356.931034482759,61440.0,48.55172413793103,1297.655172413793,300.13793103448273,300.13793103448273,0.0,0.0,0.0,0.0,0.0,0.0,0.0,37632.0,7680.0,2816.0,0.0,0.0,0.0,3.962894479050953,0.0,13.0,0.0,0.0,9.0,3.0,843.1810344827586,199.01724137931035,2.060344827586207,240.75862068965517,209.03879310344828,660.6939655172414
l4,256,128,0,0,vectorized_elementwise_kernel,4480.0,0.0,93.33333333333333,3840.0,18.396551724137932,0.0,172.0,83.46456692913387,889.0,658.0,14.0,18.396551724137932,2960.137931034483,112.0,0.13793103448275862,1.2413793103448276,0.8275862068965517,0.8275862068965517,0.0,0.0,0.0,0.0,0.0,0.0,0.0,36.0,20.0,8.0,0.0,0.0,0.0,0.02038581613158753,0.0,0.0,0.0,0.0,0.0,0.0,0.0,0.0,0.0,0.0,0.2413793103448276,2.0
l4,256,128,0,0,elementwise_kernel,318464.0,0.0,6634.666666666667,6944.0,3273.862068965517,10240.0,2026.625,55.36966800020783,19247.0,10416.0,8205.0,3273.862068965517,5427.6551724137935,97280.0,158.89655172413794,1659.5862068965516,988.6896551724138,988.6896551724138,0.0,0.0,0.0,0.0,0.0,0.0,0.0,48128.0,24576.0,9216.0,0.0,0.0,0.0,8.928094941614464,0.0,61.0,8.0,0.0,5.0,2.0,4322.431034482759,301.6034482758621,0.0,285.5258620689655,134.00862068965517,1187.1594827586207
l4,256,128,0,0,vectorized_elementwise_kernel,291072.0,0.0,6064.0,5280.0,1906.155172413793,8192.0,1520.6666666666667,39.690832319473266,13973.0,9138.0,4109.0,1906.155172413793,4129.862068965517,5888.0,22.06896551724138,52.96551724137931,105.93103448275862,105.93103448275862,0.0,0.0,0.0,0.0,0.0,0.0,0.0,1536.0,2048.0,1280.0,0.0,0.0,0.0,0.7748442796787068,0.0,51.0,0.0,0.0,0.0,1.0,949.8362068965517,0.04741379310344827,0.0,0.28448275862068967,15.435344827586206,79.1853448275862
l4,256,128,0,0,ampere_sgemm_64x32_sliced1x4_nn,466560.0,0.0,9720.0,14624.0,7777.8448275862065,52224.0,4681.25,84.27786273411357,66047.0,52834.0,12301.0,7777.8448275862065,11530.137931034482,632064.0,1542.6206896551723,6157.241379310345,11294.896551724138,3653.310344827586,7641.586206896552,0.0,0.0,294912.0,9437184.0,393216.0,0.0,178560.0,323712.0,89472.0,0.0,0.0,0.0,23.815248793267422,0.0,64.0,9.0,0.0,26.0,19.0,2418.206896551724,218.7198275862069,477.28879310344826,699.5387931034483,580.176724137931,4328.543103448276
l4,256,128,0,0,splitKreduce_kernel,444032.0,0.0,9250.666666666666,6240.0,2637.637931034483,12288.0,2051.25,32.573394988708465,18598.0,13618.0,4109.0,2637.637931034483,4884.586206896552,77824.0,176.55172413793105,1235.8620689655172,776.8275862068965,602.3793103448276,174.44827586206895,0.0,0.0,98304.0,0.0,32768.0,0.0,35840.0,17408.0,10240.0,0.0,0.0,0.0,8.181965789640882,4.0,71.0,4.0,0.0,1.0,0.0,5001.508620689655,153.16810344827587,55.66379310344828,217.86637931034483,0.5086206896551724,1133.6336206896551
l4,256,128,0,0,vectorized_elementwise_kernel,146560.0,0.0,3053.3333333333335,4800.0,899.3448275862069,4096.0,1053.5416666666667,43.68650217706821,7579.0,4978.0,2061.0,899.3448275862069,3733.448275862069,2944.0,11.03448275862069,26.482758620689655,52.96551724137931,52.96551724137931,0.0,0.0,0.0,0.0,0.0,0.0,0.0,768.0,1024.0,640.0,0.0,0.0,0.0,0.42855823404451837,0.0,20.0,0.0,0.0,0.0,1.0,351.62931034482756,0.0,0.0,0.0,7.724137931034483,39.172413793103445
l4,256,128,1,0,unrolled_elementwise_kernel,114304.0,0.0,2381.3333333333335,8736.0,4568.879310344828,2048.0,2378.4166666666665,71.53921408772216,12266.0,7167.0,4339.0,4568.879310344828,6870.482758620689,48896.0,48.55172413793103,582.6206896551724,353.1034482758621,353.1034482758621,0.0,0.0,0.0,0.0,0.0,0.0,32768.0,16896.0,10240.0,2816.0,0.0,0.0,0.0,3.228202605850114,0.0,88.0,0.0,0.0,0.0,4.0,1898.2370689655172,1.7974137931034482,0.0,3.521551724137931,101.61206896551724,897.1293103448276
l4,256,128,1,0,unrolled_elementwise_kernel,113920.0,0.0,2373.3333333333335,8704.0,4583.810344827586,2048.0,2383.6666666666665,73.24073299305496,11951.0,7252.0,4177.0,4583.810344827586,6859.931034482759,48896.0,48.55172413793103,582.6206896551724,353.1034482758621,353.1034482758621,0.0,0.0,0.0,0.0,0.0,0.0,32768.0,16896.0,10240.0,2816.0,0.0,0.0,0.0,3.2331681227317057,0.0,95.0,0.0,0.0,0.0,3.0,1805.7456896551723,1.6982758620689655,0.0,3.5129310344827585,102.75431034482759,897.1379310344828
l4,256,128,1,0,unrolled_elementwise_kernel,114304.0,0.0,2381.3333333333335,8736.0,4548.137931034483,2048.0,2374.9583333333335,74.12758766370933,11835.0,7190.0,4109.0,4548.137931034483,6843.620689655172,48896.0,48.55172413793103,582.6206896551724,353.1034482758621,353.1034482758621,0.0,0.0,0.0,0.0,0.0,0.0,32768.0,16896.0,10240.0,2816.0,0.0,0.0,0.0,3.2408737056911803,0.0,95.0,0.0,0.0,0.0,9.0,1854.094827586207,1.7844827586206897,0.0,3.461206896551724,101.48275862068965,897.1551724137931
l4,256,128,1,0,vectorized_elementwise_kernel,146432.0,0.0,3050.6666666666665,4864.0,932.4310344827586,4096.0,1226.125,55.900557045595214,9694.0,4940.0,4114.0,932.4310344827586,3783.103448275862,3328.0,11.03448275862069,17.655172413793103,75.03448275862068,57.37931034482759,17.655172413793103,0.0,0.0,0.0,0.0,32768.0,0.0,512.0,1664.0,640.0,0.0,0.0,0.0,0.466684896545438,0.0,21.0,0.0,0.0,0.0,1.0,365.50431034482756,0.0,0.0,0.0,7.724137931034483,34.206896551724135
l4,256,128,1,0,vectorized_elementwise_kernel,146176.0,0.0,3045.3333333333335,4832.0,903.7068965517242,4096.0,1204.625,55.982244244864255,9687.0,4938.0,4109.0,903.7068965517242,3750.4137931034484,3328.0,11.03448275862069,17.655172413793103,75.03448275862068,57.37931034482759,17.655172413793103,0.0,0.0,0.0,0.0,32768.0,0.0,512.0,1664.0,640.0,0.0,0.0,0.0,0.4707526525808646,0.0,19.0,0.0,0.0,0.0,0.0,363.8663793103448,0.0,0.0,0.0,7.724137931034483,34.206896551724135
l4,256,128,1,0,ampere_sgemm_64x32_sliced1x4_tn,332800.0,0.0,6933.333333333333,16416.0,6009.9655172413795,49152.0,4662.166666666667,85.12100583042898,61402.0,51835.0,8439.0,6009.9655172413795,12963.689655172413,505344.0,1235.8620689655172,4404.9655172413795,9692.689655172413,2891.310344827586,6801.379310344828,0.0,0.0,196608.0,8388608.0,262144.0,0.0,127744.0,279552.0,71680.0,0.0,0.0,0.0,16.904510476210742,0.0,56.0,6.0,0.0,22.0,22.0,1745.3836206896551,140.7155172413793,842.8146551724138,581.2543103448276,800.4094827586207,2824.780172413793
l4,256,128,1,0,softmax_warp_forward,294016.0,0.0,6125.333333333333,12928.0,3605.5344827586205,8192.0,2680.3333333333335,54.661887946028564,18973.0,9832.0,8309.0,3605.5344827586205,10188.103448275862,83483.0,154.48275862068965,730.2068965517242,1097.103448275862,339.62068965517244,757.4827586206897,0.0,0.0,238075.0,594237.0,65536.0,0.0,21176.0,31560.0,8960.0,0.0,2.087627557496065,6168.0,3.628429033186103,0.0,46.0,0.0,0.0,0.0,31.0,968.3189655172414,3.9008620689655173,1.4396551724137931,16.46551724137931,491.30172413793105,729.1422413793103
l4,256,128,1,0,vectorized_elementwise_kernel,288128.0,0.0,6002.666666666667,5344.0,1961.4655172413793,8192.0,1396.7916666666667,29.354702657106706,11855.0,9118.0,2061.0,1961.4655172413793,4152.793103448276,10496.0,22.06896551724138,220.68965517241378,88.27586206896552,88.27586206896552,0.0,0.0,0.0,0.0,0.0,0.0,0.0,6400.0,1792.0,1280.0,0.0,0.0,0.0,1.2488478880022584,0.0,63.0,0.0,0.0,0.0,1.0,1007.625,0.27586206896551724,0.0,0.5862068965517241,15.474137931034482,85.44827586206897
l4,256,128,1,0,reduce_kernel,136192.0,0.0,2837.3333333333335,9408.0,1453.2241379310344,2048.0,1643.3333333333333,66.15148228488792,11064.0,10676.0,33.0,1453.2241379310344,7393.275862068966,61440.0,48.55172413793103,1297.655172413793,300.13793103448273,300.13793103448273,0.0,0.0,0.0,0.0,0.0,0.0,0.0,37632.0,7680.0,2816.0,0.0,0.0,0.0,3.9435880693080856,0.0,13.0,4.0,0.0,2.0,1.0,883.6120689655172,171.94396551724137,2.060344827586207,240.21120689655172,209.21120689655172,660.4827586206897
l4,256,128,1,0,vectorized_elementwise_kernel,4736.0,0.0,98.66666666666667,3872.0,18.413793103448278,0.0,187.0,83.9954597048808,881.0,650.0,14.0,18.413793103448278,2994.896551724138,112.0,0.13793103448275862,1.2413793103448276,0.8275862068965517,0.8275862068965517,0.0,0.0,0.0,0.0,0.0,0.0,0.0,36.0,20.0,8.0,0.0,0.0,0.0,0.02014921936167273,0.0,0.0,0.0,0.0,0.0,0.0,0.0,0.0,0.0,0.0,0.2413793103448276,2.0
l4,256,128,1,0,elementwise_kernel,318976.0,0.0,6645.333333333333,6848.0,3208.344827586207,10240.0,2031.625,55.36391500857187,19249.0,10418.0,8205.0,3208.344827586207,5342.931034482759,97280.0,158.89655172413794,1659.5862068965516,988.6896551724138,988.6896551724138,0.0,0.0,0.0,0.0,0.0,0.0,0.0,48128.0,24576.0,9216.0,0.0,0.0,0.0,9.069266513924294,0.0,59.0,1.0,0.0,3.0,2.0,4336.788793103448,300.7758620689655,0.0,299.9655172413793,134.11206896551724,1189.9741379310344
l4,256,128,1,0,vectorized_elementwise_kernel,290432.0,0.0,6050.666666666667,5312.0,1886.4137931034484,8192.0,1517.9166666666667,39.80498996271867,13948.0,9078.0,4144.0,1886.4137931034484,4128.827586206897,5888.0,22.06896551724138,52.96551724137931,105.93103448275862,105.93103448275862,0.0,0.0,0.0,0.0,0.0,0.0,0.0,1536.0,2048.0,1280.0,0.0,0.0,0.0,0.7750384178526091,0.0,55.0,0.0,0.0,0.0,1.0,998.0172413793103,0.03879310344827586,0.0,0.31896551724137934,15.448275862068966,79.19396551724138
l4,256,128,1,0,ampere_sgemm_64x32_sliced1x4_nn,465664.0,0.0,9701.333333333334,14656.0,7808.5,52224.0,4622.958333333333,83.96511592757172,66162.0,52823.0,12427.0,7808.5,11542.448275862069,632064.0,1542.6206896551723,6157.241379310345,11294.896551724138,3666.5172413793102,7628.379310344828,0.0,0.0,294912.0,9437184.0,393216.0,0.0,178560.0,323712.0,89472.0,0.0,0.0,0.0,23.7898491624618,0.0,64.0,2.0,0.0,17.0,13.0,2306.4956896551726,218.5948275862069,461.05172413793105,699.9396551724138,590.8146551724138,4328.616379310345
l4,256,128,1,0,splitKreduce_kernel,444160.0,0.0,9253.333333333334,6208.0,2654.3275862068967,12288.0,2043.4166666666667,32.56264114420906,18598.0,13618.0,4109.0,2654.3275862068967,4859.0344827586205,77824.0,176.55172413793105,1235.8620689655172,776.8275862068965,601.6896551724138,175.13793103448276,0.0,0.0,98304.0,0.0,32768.0,0.0,35840.0,17408.0,10240.0,0.0,0.0,0.0,8.22499148404678,0.0,69.0,1.0,0.0,4.0,0.0,5055.883620689655,153.875,60.72844827586207,212.8706896551724,0.5862068965517241,1129.0043103448277
l4,256,128,1,0,vectorized_elementwise_kernel,146560.0,0.0,3053.3333333333335,4960.0,932.2068965517242,4096.0,1144.125,43.67664512725835,7583.0,4982.0,2061.0,932.2068965517242,3842.2413793103447,2944.0,11.03448275862069,26.482758620689655,52.96551724137931,52.96551724137931,0.0,0.0,0.0,0.0,0.0,0.0,0.0,768.0,1024.0,640.0,0.0,0.0,0.0,0.4164236033206193,0.0,21.0,0.0,0.0,0.0,0.0,376.11206896551727,0.0,0.0,0.0,7.724137931034483,39.172413793103445
l4,256,128,2,0,unrolled_elementwise_kernel,113408.0,0.0,2362.6666666666665,8736.0,4577.689655172414,2048.0,2395.125,71.19675456389453,12325.0,7159.0,4406.0,4577.689655172414,6867.068965517241,48896.0,48.55172413793103,582.6206896551724,353.1034482758621,353.1034482758621,0.0,0.0,0.0,0.0,0.0,0.0,32768.0,16896.0,10240.0,2816.0,0.0,0.0,0.0,3.2298074267493537,0.0,94.0,0.0,0.0,0.0,1.0,1812.6637931034484,1.6896551724137931,0.0,3.646551724137931,102.98275862068965,897.1206896551724
l4,256,128,2,0,unrolled_elementwise_kernel,114048.0,0.0,2376.0,8704.0,4561.896551724138,2048.0,2319.625,74.00862433415067,11827.0,7192.0,4113.0,4561.896551724138,6825.6551724137935,48896.0,48.55172413793103,582.6206896551724,353.1034482758621,353.1034482758621,0.0,0.0,0.0,0.0,0.0,0.0,32768.0,16896.0,10240.0,2816.0,0.0,0.0,0.0,3.2494038718021256,0.0,99.0,0.0,0.0,0.0,2.0,1795.1163793103449,1.6508620689655173,0.0,3.2758620689655173,101.15086206896552,897.1465517241379
l4,256,128,2,0,unrolled_elementwise_kernel,113536.0,0.0,2365.3333333333335,8768.0,4595.103448275862,2048.0,2337.9583333333335,74.05875400979234,11846.0,7196.0,4114.0,4595.103448275862,6879.103448275862,48896.0,48.55172413793103,582.6206896551724,353.1034482758621,353.1034482758621,0.0,0.0,0.0,0.0,0.0,0.0,32768.0,16896.0,10240.0,2816.0,0.0,0.0,0.0,3.224157117507293,0.0,92.0,0.0,0.0,0.0,3.0,1816.9396551724137,1.7025862068965518,0.0,3.375,101.57327586206897,897.125
l4,256,128,2,0,vectorized_elementwise_kernel,146176.0,0.0,3045.3333333333335,4704.0,893.8448275862069,4096.0,1201.6666666666667,56.064829152472385,9687.0,4938.0,4109.0,893.8448275862069,3648.9310344827586,3328.0,11.03448275862069,17.655172413793103,75.03448275862068,57.37931034482759,17.655172413793103,0.0,0.0,0.0,0.0,32768.0,0.0,512.0,1664.0,640.0,0.0,0.0,0.0,0.48384505618083706,0.0,26.0,0.0,0.0,0.0,0.0,366.1508620689655,0.0,0.0,0.0,7.724137931034483,34.206896551724135
l4,256,128,2,0,vectorized_elementwise_kernel,146432.0,0.0,3050.6666666666665,4864.0,905.5862068965517,4096.0,1185.25,55.99133037465167,9689.0,4940.0,4109.0,905.5862068965517,3778.689655172414,3328.0,11.03448275862069,17.655172413793103,75.03448275862068,57.37931034482759,17.655172413793103,0.0,0.0,0.0,0.0,32768.0,0.0,512.0,1664.0,640.0,0.0,0.0,0.0,0.46723001952875476,0.0,22.0,0.0,0.0,0.0,1.0,365.1465517241379,0.0,0.0,0.0,7.724137931034483,34.206896551724135
l4,256,128,2,0,ampere_sgemm_64x32_sliced1x4_tn,332416.0,0.0,6925.333333333333,16480.0,6068.551724137931,49152.0,4501.416666666667,85.55830209373518,61087.0,51843.0,8332.0,6068.551724137931,13014.241379310344,505344.0,1235.8620689655172,4404.9655172413795,9692.689655172413,2882.6206896551726,6810.068965517241,0.0,0.0,196608.0,8388608.0,262144.0,0.0,127744.0,279552.0,71680.0,0.0,0.0,0.0,16.83884762846007,0.0,50.0,0.0,0.0,13.0,23.0,1786.9525862068965,141.0344827586207,888.0646551724138,580.2801724137931,805.8706896551724,2825.0258620689656
l4,256,128,2,0,softmax_warp_forward,294144.0,0.0,6128.0,12608.0,3486.6724137931033,8192.0,2598.4583333333335,54.602422327540815,18990.0,9827.0,8331.0,3486.6724137931033,9936.172413793103,83483.0,154.48275862068965,730.2068965517242,1097.103448275862,339.2413793103448,757.8620689655172,0.0,0.0,238075.0,594237.0,65536.0,0.0,21176.0,31560.0,8960.0,0.0,2.140559224567845,6168.0,3.7204276259851676,0.0,47.0,0.0,0.0,0.0,20.0,985.301724137931,3.8491379310344827,1.3275862068965518,16.573275862068964,491.25,729.1465517241379
l4,256,128,2,0,vectorized_elementwise_kernel,287744.0,0.0,5994.666666666667,5312.0,1977.7931034482758,8192.0,1414.2083333333333,29.405314213412066,11855.0,9118.0,2061.0,1977.7931034482758,4126.3448275862065,10496.0,22.06896551724138,220.68965517241378,88.27586206896552,88.27586206896552,0.0,0.0,0.0,0.0,0.0,0.0,0.0,6400.0,1792.0,1280.0,0.0,0.0,0.0,1.2568525203904266,0.0,51.0,0.0,0.0,0.0,0.0,1038.0474137931035,0.5948275862068966,0.0,0.6379310344827587,15.482758620689655,85.46551724137932
l4,256,128,2,0,reduce_kernel,136704.0,0.0,2848.0,9376.0,1459.5,2048.0,1703.875,65.6586503948313,11144.0,10668.0,121.0,1459.5,7389.827586206897,61440.0,48.55172413793103,1297.655172413793,300.13793103448273,300.13793103448273,0.0,0.0,0.0,0.0,0.0,0.0,0.0,37632.0,7680.0,2816.0,0.0,0.0,0.0,3.945894869461749,0.0,13.0,3.0,0.0,1.0,2.0,844.0560344827586,174.29310344827587,2.060344827586207,241.6594827586207,209.3793103448276,660.676724137931
l4,256,128,2,0,vectorized_elementwise_kernel,4352.0,0.0,90.66666666666667,3808.0,18.551724137931036,0.0,172.33333333333334,84.06779661016948,885.0,654.0,14.0,18.551724137931036,2957.7586206896553,112.0,0.13793103448275862,1.2413793103448276,0.8275862068965517,0.8275862068965517,0.0,0.0,0.0,0.0,0.0,0.0,0.0,36.0,20.0,8.0,0.0,0.0,0.0,0.02040221509763917,0.0,0.0,0.0,0.0,0.0,0.0,0.0,0.0,0.0,0.0,0.2413793103448276,2.0
l4,256,128,2,0,elementwise_kernel,318592.0,0.0,6637.333333333333,6976.0,3276.5344827586205,10240.0,2025.0833333333333,55.384695308847206,19249.0,10418.0,8205.0,3276.5344827586205,5441.724137931034,97280.0,158.89655172413794,1659.5862068965516,988.6896551724138,988.6896551724138,0.0,0.0,0.0,0.0,0.0,0.0,0.0,48128.0,24576.0,9216.0,0.0,0.0,0.0,8.908022305303847,0.0,67.0,7.0,0.0,2.0,1.0,4393.137931034483,284.48275862068965,0.0,310.3663793103448,133.52586206896552,1192.0646551724137
l4,256,128,2,0,vectorized_elementwise_kernel,290816.0,0.0,6058.666666666667,5504.0,1932.8275862068965,8192.0,1547.6666666666667,39.92668727089772,13913.0,9078.0,4109.0,1932.8275862068965,4288.517241379311,5888.0,22.06896551724138,52.96551724137931,105.93103448275862,105.93103448275862,0.0,0.0,0.0,0.0,0.0,0.0,0.0,1536.0,2048.0,1280.0,0.0,0.0,0.0,0.7461786486768998,0.0,56.0,0.0,0.0,0.0,0.0,940.4784482758621,0.03879310344827586,0.0,0.28448275862068967,15.5,79.19827586206897
l4,256,128,2,0,ampere_sgemm_64x32_sliced1x4_nn,466560.0,0.0,9720.0,14752.0,7812.310344827586,52224.0,4762.708333333333,83.57506093340956,66466.0,52803.0,12535.0,7812.310344827586,11614.724137931034,632064.0,1542.6206896551723,6157.241379310345,11294.896551724138,3651.137931034483,7643.758620689655,0.0,0.0,294912.0,9437184.0,393216.0,0.0,178560.0,323712.0,89472.0,0.0,0.0,0.0,23.641810187425595,0.0,68.0,10.0,0.0,14.0,21.0,2444.237068965517,218.17672413793105,468.7801724137931,696.0862068965517,569.6508620689655,4329.237068965517
l4,256,128,2,0,splitKreduce_kernel,443520.0,0.0,9240.0,6208.0,2615.4827586206898,12288.0,2027.5416666666667,32.57702026990699,18599.0,13614.0,4114.0,2615.4827586206898,4849.275862068966,77824.0,176.55172413793105,1235.8620689655172,776.8275862068965,602.7586206896551,174.06896551724137,0.0,0.0,98304.0,0.0,32768.0,0.0,35840.0,17408.0,10240.0,0.0,0.0,0.0,8.241543351655775,0.0,69.0,2.0,0.0,0.0,0.0,5249.211206896552,155.00862068965517,61.73275862068966,214.32327586206895,0.603448275862069,1131.3362068965516
l4,256,128,2,0,vectorized_elementwise_kernel,146560.0,0.0,3053.3333333333335,4992.0,948.7758620689655,4096.0,1165.0,43.62389555584861,7583.0,4982.0,2061.0,948.7758620689655,3871.344827586207,2944.0,11.03448275862069,26.482758620689655,52.96551724137931,52.96551724137931,0.0,0.0,0.0,0.0,0.0,0.0,0.0,768.0,1024.0,640.0,0.0,0.0,0.0,0.41329307288744,0.0,20.0,0.0,0.0,0.0,0.0,359.61206896551727,0.0,0.0,0.0,7.724137931034483,39.172413793103445
l4,256,128,0,0,fmha_cutlassF_f16_aligned_64x128_rf_sm80,280576.0,0.0,5845.333333333333,32480.0,1643.4655172413793,20480.0,4509.125,81.80413184040373,31705.0,28203.0,2758.0,1643.4655172413793,25751.58620689655,110830.0,202.22413793103448,1269.2758620689656,992.3103448275862,559.5172413793103,432.7931034482759,0.0,2259.862068965517,153984.0,8192.0,197936.0,0.0,36809.0,27913.0,11729.0,16384.0,0.29780555868001435,2224.0,1.8727336514925093,6.0,0.0,21.0,0.0,7.0,3.0,78.77586206896552,730.9655172413793,84.45258620689656,207.41379310344828,216.9655172413793,587.2413793103449
l4,256,128,1,0,fmha_cutlassF_f16_aligned_64x128_rf_sm80,281216.0,0.0,5858.666666666667,32544.0,1647.3275862068965,20480.0,4492.75,82.57088244663905,31390.0,28232.0,2630.0,1647.3275862068965,25821.48275862069,110830.0,202.22413793103448,1269.2758620689656,992.3103448275862,559.4827586206897,432.82758620689657,0.0,2259.862068965517,153984.0,8192.0,197936.0,0.0,36809.0,27913.0,11729.0,16384.0,0.29699942443007227,2224.0,1.8676643212080826,6.0,2.0,26.0,0.0,4.0,2.0,81.67241379310344,728.8706896551724,81.37931034482759,205.54741379310346,216.375,587.1163793103449
l4,256,128,2,0,fmha_cutlassF_f16_aligned_64x128_rf_sm80,280704.0,0.0,5848.0,32736.0,1657.344827586207,20480.0,4573.541666666667,81.27858201658941,31707.0,28201.0,2762.0,1657.344827586207,25955.758620689656,110830.0,202.22413793103448,1269.2758620689656,992.3103448275862,559.5862068965517,432.7241379310345,0.0,2259.862068965517,153984.0,8192.0,197936.0,0.0,36809.0,27913.0,11729.0,16384.0,0.29546296948255457,2224.0,1.8580024099362709,6.0,2.0,24.0,0.0,5.0,7.0,76.96120689655173,726.9784482758621,82.99137931034483,207.2801724137931,212.94827586206895,586.9224137931035
l4,256,128,0,0,flash_fwd_splitkv_kernel,275712.0,0.0,5744.0,18464.0,1717.6724137931035,20480.0,3190.6666666666665,77.55625842580109,38572.0,28909.0,8823.0,1717.6724137931035,14585.931034482759,51008.0,145.6551724137931,465.6551724137931,606.8965517241379,269.51724137931035,337.37931034482756,0.0,2259.862068965517,135168.0,6144.0,135384.0,0.0,13504.0,16896.0,8448.0,8192.0,0.5825169270340811,2464.0,1.5395090214472142,8.0,12.0,11.0,0.0,0.0,1.0,215.7155172413793,272.54741379310343,50.741379310344826,0.0,46.0948275862069,320.2284482758621
l4,256,128,0,0,flash_fwd_splitkv_combine_kernel,315264.0,0.0,6568.0,10400.0,5888.258620689655,8320.0,2038.4583333333333,39.647873126806,14881.0,12074.0,2125.0,5888.258620689655,8187.827586206897,150848.0,47.44827586206897,2511.448275862069,2041.3793103448277,1885.6206896551723,155.75862068965517,0.0,0.0,26624.0,105984.0,9216.0,0.0,72832.0,50688.0,2752.0,0.0,4.662935307668659,11072.0,8.170244307150648,0.0,60.0,1.0,0.0,1.0,35.0,1278.6336206896551,24.025862068965516,0.41379310344827586,24.59051724137931,595.7241379310345,1532.1637931034484
l4,256,128,1,0,flash_fwd_splitkv_kernel,275712.0,0.0,5744.0,18432.0,1718.3620689655172,20480.0,3190.1666666666665,77.7636627605517,38572.0,28909.0,8823.0,1718.3620689655172,14572.689655172413,51008.0,145.6551724137931,465.6551724137931,606.8965517241379,269.51724137931035,337.37931034482756,0.0,2259.862068965517,135168.0,6144.0,135384.0,0.0,13504.0,16896.0,8448.0,8192.0,0.5830462272365882,2464.0,1.5409078862681258,4.0,12.0,13.0,0.0,0.0,2.0,217.1594827586207,272.55172413793105,50.741379310344826,0.0,46.0948275862069,320.2284482758621
l4,256,128,1,0,flash_fwd_splitkv_combine_kernel,314112.0,0.0,6544.0,10400.0,5896.448275862069,8320.0,2006.0416666666667,39.29808204581779,15016.0,12057.0,2277.0,5896.448275862069,8179.586206896552,150848.0,47.44827586206897,2511.448275862069,2041.3793103448277,1885.2068965517242,156.17241379310346,0.0,0.0,26624.0,105984.0,9216.0,0.0,72832.0,50688.0,2752.0,0.0,4.667633469360224,11072.0,8.178476273987387,0.0,68.0,0.0,0.0,0.0,29.0,1258.3620689655172,24.775862068965516,0.41379310344827586,23.400862068965516,595.7198275862069,1531.2155172413793
l4,256,128,2,0,flash_fwd_splitkv_kernel,275328.0,0.0,5736.0,18464.0,1720.3620689655172,20480.0,3172.625,77.83521221881658,38498.0,28910.0,8748.0,1720.3620689655172,14589.551724137931,51008.0,145.6551724137931,465.6551724137931,606.8965517241379,269.51724137931035,337.37931034482756,0.0,2259.862068965517,135168.0,6144.0,135384.0,0.0,13504.0,16896.0,8448.0,8192.0,0.5823723637841914,2464.0,1.5391269614296486,7.0,13.0,12.0,0.0,0.0,2.0,216.57758620689654,272.55172413793105,50.741379310344826,0.0,46.0948275862069,320.2284482758621
l4,256,128,2,0,flash_fwd_splitkv_combine_kernel,313856.0,0.0,6538.666666666667,10368.0,5884.017241379311,8320.0,2084.875,38.480599934789694,15335.0,12045.0,2392.0,5884.017241379311,8127.551724137931,150848.0,47.44827586206897,2511.448275862069,2041.3793103448277,1885.655172413793,155.72413793103448,0.0,0.0,26624.0,105984.0,9216.0,0.0,72832.0,50688.0,2752.0,0.0,4.697516748055783,11072.0,8.230836787597742,0.0,62.0,1.0,0.0,0.0,38.0,1232.8362068965516,25.487068965517242,0.41379310344827586,24.185344827586206,595.9310344827586,1531.7672413793102
l4,256,128,0,0,cudnn_generated_fort_native_sdpa_sm80_flash_fprop_wmma_f16_knob_3_64x64x128_4x1x1_kernel0_0,256640.0,0.0,5346.666666666667,23264.0,1125.896551724138,18432.0,5085.458333333333,73.1788722008771,25767.0,22373.0,2650.0,1125.896551724138,18417.862068965518,49344.0,121.10344827586206,417.1034482758621,605.2413793103449,269.41379310344826,335.82758620689657,0.0,2259.862068965517,137216.0,4096.0,299008.0,0.0,12096.0,17232.0,7024.0,8192.0,0.44933891012847343,2400.0,1.1757701481695055,0.0,2.0,13.0,0.0,0.0,1.0,69.27586206896552,276.7586206896552,22.82758620689655,0.0,30.50862068965517,237.17241379310346
l4,256,128,1,0,cudnn_generated_fort_native_sdpa_sm80_flash_fprop_wmma_f16_knob_3_64x64x128_4x1x1_kernel0_0,257280.0,0.0,5360.0,23296.0,1126.8620689655172,18432.0,5272.375,70.15609225751341,25754.0,22363.0,2647.0,1126.8620689655172,18432.068965517243,49344.0,121.10344827586206,417.1034482758621,605.2413793103449,269.44827586206895,335.7931034482759,0.0,2259.862068965517,137216.0,4096.0,299008.0,0.0,12096.0,17232.0,7024.0,8192.0,0.448992572914523,2400.0,1.1748638991263354,0.0,4.0,17.0,0.0,0.0,1.0,71.12068965517241,276.7586206896552,22.82758620689655,0.0,30.594827586206897,237.16379310344828
l4,256,128,2,0,cudnn_generated_fort_native_sdpa_sm80_flash_fprop_wmma_f16_knob_3_64x64x128_4x1x1_kernel0_0,256128.0,0.0,5336.0,23232.0,1124.8793103448277,18432.0,5333.833333333333,72.77462489310426,25726.0,22363.0,2619.0,1124.8793103448277,18400.0,49344.0,121.10344827586206,417.1034482758621,605.2413793103449,269.41379310344826,335.82758620689657,0.0,2259.862068965517,137216.0,4096.0,299008.0,0.0,12096.0,17232.0,7024.0,8192.0,0.44977511244377816,2400.0,1.1769115442278861,0.0,2.0,21.0,0.0,0.0,0.0,66.41810344827586,276.7586206896552,22.82758620689655,0.0,30.474137931034484,237.16379310344828
l4,512,64,0,0,unrolled_elementwise_kernel,114688.0,0.0,2389.3333333333335,8704.0,4603.103448275862,2048.0,2656.375,71.47164276401564,12272.0,7169.0,4343.0,4603.103448275862,6854.275862068966,48896.0,48.55172413793103,582.6206896551724,353.1034482758621,353.1034482758621,0.0,0.0,0.0,0.0,0.0,0.0,32768.0,16896.0,10240.0,2816.0,0.0,0.0,0.0,3.2358356726734887,0.0,92.0,0.0,0.0,0.0,3.0,1838.8706896551723,1.7801724137931034,0.0,3.538793103448276,97.24568965517241,897.1422413793103
l4,512,64,0,0,unrolled_elementwise_kernel,113152.0,0.0,2357.3333333333335,8704.0,4543.568965517241,2048.0,2353.9166666666665,73.85328836424956,11860.0,7190.0,4148.0,4543.568965517241,6832.275862068966,48896.0,48.55172413793103,582.6206896551724,353.1034482758621,353.1034482758621,0.0,0.0,0.0,0.0,0.0,0.0,32768.0,16896.0,10240.0,2816.0,0.0,0.0,0.0,3.246255097508782,0.0,93.0,0.0,0.0,0.0,7.0,1798.573275862069,1.581896551724138,0.0,3.413793103448276,103.38362068965517,897.1120689655172
l4,512,64,0,0,unrolled_elementwise_kernel,114304.0,0.0,2381.3333333333335,8576.0,4550.879310344828,2048.0,2297.9583333333335,73.82782799695869,11837.0,7188.0,4113.0,4550.879310344828,6726.310344827586,48896.0,48.55172413793103,582.6206896551724,353.1034482758621,353.1034482758621,0.0,0.0,0.0,0.0,0.0,0.0,32768.0,16896.0,10240.0,2816.0,0.0,0.0,0.0,3.2973962258347305,0.0,90.0,0.0,0.0,0.0,12.0,1824.0431034482758,1.7413793103448276,0.0,3.6336206896551726,97.48275862068965,897.1336206896551
l4,512,64,0,0,vectorized_elementwise_kernel,146176.0,0.0,3045.3333333333335,4768.0,930.8103448275862,4096.0,1251.6666666666667,56.023536698668316,9687.0,4938.0,4109.0,930.8103448275862,3694.8275862068967,3328.0,11.03448275862069,17.655172413793103,75.03448275862068,57.37931034482759,17.655172413793103,0.0,0.0,0.0,0.0,32768.0,0.0,512.0,1664.0,640.0,0.0,0.0,0.0,0.47783481101259917,0.0,20.0,0.0,0.0,0.0,1.0,364.5689655172414,0.0,0.0,0.0,7.724137931034483,34.206896551724135
l4,512,64,0,0,vectorized_elementwise_kernel,146432.0,0.0,3050.6666666666665,4736.0,895.4655172413793,4096.0,1206.6666666666667,55.95913734392736,9691.0,4942.0,4109.0,895.4655172413793,3691.0,3328.0,11.03448275862069,17.655172413793103,75.03448275862068,57.37931034482759,17.655172413793103,0.0,0.0,0.0,0.0,32768.0,0.0,512.0,1664.0,640.0,0.0,0.0,0.0,0.4783303281981334,0.0,18.0,0.0,0.0,0.0,0.0,357.29741379310343,0.0,0.0,0.0,7.724137931034483,34.206896551724135
l4,512,64,0,0,ampere_sgemm_32x128_tn,318464.0,0.0,6634.666666666667,20576.0,10316.844827586207,81920.0,9896.625,97.54096282713223,118339.0,84095.0,33116.0,10316.844827586207,16256.241379310344,936960.0,2392.2758620689656,7768.275862068966,18643.862068965518,5676.586206896552,12967.275862068966,0.0,0.0,0.0,16777216.0,262144.0,0.0,225280.0,537600.0,138752.0,0.0,0.0,0.0,25.018587025460782,0.0,120.0,5.0,0.0,44.0,25.0,4992.7198275862065,276.6551724137931,981.1120689655172,1984.0,1027.051724137931,4867.318965517241
l4,512,64,0,0,softmax_warp_forward,1197696.0,0.0,24952.0,21472.0,7231.413793103448,32768.0,7102.208333333333,51.56225263733576,69483.0,35225.0,33130.0,7231.413793103448,16997.931034482757,309824.0,520.8275862068965,2694.0689655172414,4052.896551724138,1239.3103448275863,2813.5862068965516,0.0,0.0,868793.0,2364147.0,262144.0,0.0,78128.0,117022.0,30208.0,0.0,4.9888424554712545,24592.0,7.966892522416521,1.0,142.0,1.0,0.0,3.0,52.0,5646.961206896552,56.19827586206897,27.323275862068964,339.20258620689657,1469.6336206896551,2652.3405172413795
l4,512,64,0,0,vectorized_elementwise_kernel,1182848.0,0.0,24642.666666666668,8448.0,4416.258620689655,32768.0,3983.7916666666665,23.042249573767425,42817.0,33702.0,8205.0,4416.258620689655,6634.103448275862,41984.0,88.27586206896552,882.7586206896551,353.1034482758621,353.1034482758621,0.0,0.0,0.0,0.0,0.0,0.0,0.0,25600.0,7168.0,5120.0,0.0,0.0,0.0,3.0895737282277054,0.0,184.0,0.0,0.0,0.0,1.0,9956.987068965518,30.982758620689655,1.1163793103448276,45.12931034482759,62.46551724137931,370.8103448275862
l4,512,64,0,0,reduce_kernel,375680.0,0.0,7826.666666666667,10976.0,3554.7586206896553,8192.0,2946.5,43.67763904653803,17620.0,16830.0,84.0,3554.7586206896553,8618.965517241379,145408.0,114.75862068965517,3266.206896551724,670.8965517241379,670.8965517241379,0.0,0.0,0.0,0.0,0.0,0.0,0.0,94720.0,16384.0,6656.0,0.0,0.0,0.0,7.892628525705142,0.0,44.0,7.0,0.0,8.0,6.0,3678.0474137931033,425.5215517241379,1.3103448275862069,508.1336206896552,389.24568965517244,1450.5818965517242
l4,512,64,0,0,vectorized_elementwise_kernel,4608.0,0.0,96.0,3904.0,18.379310344827587,0.0,186.5,84.06779661016948,885.0,654.0,14.0,18.379310344827587,3005.551724137931,112.0,0.13793103448275862,1.2413793103448276,0.8275862068965517,0.8275862068965517,0.0,0.0,0.0,0.0,0.0,0.0,0.0,36.0,20.0,8.0,0.0,0.0,0.0,0.020077787083672742,0.0,0.0,0.0,0.0,0.0,0.0,0.0,0.0,0.0,0.0,0.2413793103448276,2.0
l4,512,64,0,0,elementwise_kernel,1228672.0,0.0,25597.333333333332,10432.0,5821.396551724138,40960.0,4565.75,51.86850809493414,68932.0,35264.0,32786.0,5821.396551724138,8195.310344827587,389120.0,635.5862068965517,6638.3448275862065,3954.7586206896553,3954.7586206896553,0.0,0.0,0.0,0.0,0.0,0.0,0.0,192512.0,98304.0,36864.0,0.0,0.0,0.0,22.33673379224451,0.0,166.0,9.0,0.0,17.0,4.0,26198.633620689656,2719.0387931034484,37.418103448275865,2971.301724137931,650.5129310344828,4686.2801724137935
l4,512,64,0,0,vectorized_elementwise_kernel,1181696.0,0.0,24618.666666666668,8544.0,4378.086206896552,32768.0,4079.375,35.24460192236164,51083.0,33664.0,16511.0,4378.086206896552,6696.0,23552.0,88.27586206896552,211.86206896551724,423.7241379310345,423.7241379310345,0.0,0.0,0.0,0.0,0.0,0.0,0.0,6144.0,8192.0,5120.0,0.0,0.0,0.0,1.8743176574795037,0.0,179.0,1.0,0.0,2.0,1.0,9957.025862068966,47.80172413793103,1.0301724137931034,51.03879310344828,60.935344827586206,357.2241379310345
l4,512,64,0,0,ampere_sgemm_64x32_sliced1x4_nn,1448576.0,0.0,30178.666666666668,20192.0,11279.431034482759,104448.0,9845.75,74.78883122958702,115429.0,102075.0,12442.0,11279.431034482759,15942.551724137931,1014528.0,2496.0,7190.068965517241,21464.275862068964,6828.586206896552,14635.689655172413,0.0,0.0,294912.0,18874368.0,393216.0,0.0,208512.0,618624.0,144768.0,0.0,0.0,0.0,27.564488010831994,0.0,134.0,3.0,0.0,28.0,22.0,4585.586206896552,221.95689655172413,661.5905172413793,1145.8706896551723,737.7672413793103,5500.107758620689
l4,512,64,0,0,splitKreduce_kernel,445184.0,0.0,9274.666666666666,6368.0,2719.655172413793,12288.0,2079.7916666666665,32.61954596683304,18633.0,13620.0,4109.0,2719.655172413793,4964.3448275862065,77824.0,176.55172413793105,1235.8620689655172,776.8275862068965,601.7931034482758,175.0344827586207,0.0,0.0,98304.0,0.0,32768.0,0.0,35840.0,17408.0,10240.0,0.0,0.0,0.0,8.050511926427074,3.0,67.0,2.0,0.0,2.0,0.0,5039.211206896552,148.27155172413794,72.48275862068965,210.60775862068965,0.7931034482758621,1127.9655172413793
l4,512,64,0,0,vectorized_elementwise_kernel,146560.0,0.0,3053.3333333333335,4672.0,886.051724137931,4096.0,1053.5416666666667,43.78214427007781,7583.0,4978.0,2061.0,886.051724137931,3643.896551724138,2944.0,11.03448275862069,26.482758620689655,52.96551724137931,52.96551724137931,0.0,0.0,0.0,0.0,0.0,0.0,0.0,768.0,1024.0,640.0,0.0,0.0,0.0,0.43909040152167533,0.0,20.0,0.0,0.0,0.0,1.0,358.6508620689655,0.0,0.0,0.0,7.724137931034483,39.172413793103445
l4,512,64,1,0,unrolled_elementwise_kernel,114432.0,0.0,2384.0,8672.0,4559.862068965517,2048.0,2477.625,69.97449386258569,12546.0,7164.0,4406.0,4559.862068965517,6797.862068965517,48896.0,48.55172413793103,582.6206896551724,353.1034482758621,353.1034482758621,0.0,0.0,0.0,0.0,0.0,0.0,32768.0,16896.0,10240.0,2816.0,0.0,0.0,0.0,3.262689080745468,0.0,83.0,0.0,0.0,0.0,4.0,1853.6508620689656,1.7241379310344827,0.0,3.564655172413793,102.40517241379311,897.1422413793103
l4,512,64,1,0,unrolled_elementwise_kernel,113280.0,0.0,2360.0,8704.0,4554.017241379311,2048.0,2372.25,74.02366863905326,11830.0,7194.0,4114.0,4554.017241379311,6823.206896551724,48896.0,48.55172413793103,582.6206896551724,353.1034482758621,353.1034482758621,0.0,0.0,0.0,0.0,0.0,0.0,32768.0,16896.0,10240.0,2816.0,0.0,0.0,0.0,3.2505698099285913,0.0,82.0,0.0,0.0,0.0,5.0,1830.9008620689656,1.6293103448275863,0.0,3.4267241379310347,102.14655172413794,897.1206896551724
l4,512,64,1,0,unrolled_elementwise_kernel,114176.0,0.0,2378.6666666666665,8640.0,4576.4655172413795,2048.0,2323.0833333333335,73.99359946100724,11874.0,7194.0,4144.0,4576.4655172413795,6787.724137931034,48896.0,48.55172413793103,582.6206896551724,353.1034482758621,353.1034482758621,0.0,0.0,0.0,0.0,0.0,0.0,32768.0,16896.0,10240.0,2816.0,0.0,0.0,0.0,3.2675621304179963,0.0,104.0,0.0,0.0,0.0,7.0,1805.594827586207,1.7370689655172413,0.0,3.1336206896551726,99.0603448275862,897.1336206896551
l4,512,64,1,0,vectorized_elementwise_kernel,146176.0,0.0,3045.3333333333335,4704.0,912.8275862068965,4096.0,1186.4583333333333,55.61250640697079,9755.0,5006.0,4109.0,912.8275862068965,3663.0689655172414,3328.0,11.03448275862069,17.655172413793103,75.03448275862068,57.37931034482759,17.655172413793103,0.0,0.0,0.0,0.0,32768.0,0.0,512.0,1664.0,640.0,0.0,0.0,0.0,0.4819776143990812,0.0,23.0,0.0,0.0,0.0,0.0,404.49568965517244,0.0,0.0,0.0,7.724137931034483,34.206896551724135
l4,512,64,1,0,vectorized_elementwise_kernel,145920.0,0.0,3040.0,4736.0,891.5862068965517,4096.0,1203.7916666666667,55.99133037465167,9689.0,4940.0,4109.0,891.5862068965517,3699.5172413793102,3328.0,11.03448275862069,17.655172413793103,75.03448275862068,57.37931034482759,17.655172413793103,0.0,0.0,0.0,0.0,32768.0,0.0,512.0,1664.0,640.0,0.0,0.0,0.0,0.47722908860429136,0.0,18.0,0.0,0.0,0.0,0.0,369.6163793103448,0.0,0.0,0.0,7.724137931034483,34.206896551724135
l4,512,64,1,0,ampere_sgemm_32x128_tn,318976.0,0.0,6645.333333333333,20576.0,10336.724137931034,81920.0,10112.25,97.5065860578222,118432.0,84083.0,33221.0,10336.724137931034,16268.689655172413,936960.0,2392.2758620689656,7768.275862068966,18643.862068965518,5649.137931034483,12994.724137931034,0.0,0.0,0.0,16777216.0,262144.0,0.0,225280.0,537600.0,138752.0,0.0,0.0,0.0,24.99936412656425,0.0,146.0,5.0,0.0,47.0,30.0,4991.150862068966,271.8146551724138,923.9094827586207,1976.6422413793102,1029.8706896551723,4865.362068965517
l4,512,64,1,0,softmax_warp_forward,1200128.0,0.0,25002.666666666668,21248.0,7184.4655172413795,32768.0,6903.0,52.0053378976226,68941.0,35248.0,32781.0,7184.4655172413795,16802.379310344826,309824.0,520.8275862068965,2694.0689655172414,4052.896551724138,1235.1724137931035,2817.7241379310344,0.0,0.0,868793.0,2364147.0,262144.0,0.0,78128.0,117022.0,30208.0,0.0,5.046904276693161,24592.0,8.058998212486328,2.0,134.0,0.0,0.0,6.0,55.0,5649.198275862069,57.41379310344828,25.16810344827586,342.48275862068965,1470.978448275862,2652.612068965517
l4,512,64,1,0,vectorized_elementwise_kernel,1182976.0,0.0,24645.333333333332,8480.0,4400.327586206897,32768.0,3984.0416666666665,23.058779570771353,42821.0,33706.0,8205.0,4400.327586206897,6644.620689655172,41984.0,88.27586206896552,882.7586206896551,353.1034482758621,353.1034482758621,0.0,0.0,0.0,0.0,0.0,0.0,0.0,25600.0,7168.0,5120.0,0.0,0.0,0.0,3.083905051532482,0.0,187.0,0.0,0.0,1.0,0.0,10222.116379310344,29.521551724137932,1.2413793103448276,45.51293103448276,62.66379310344828,370.5431034482759
l4,512,64,1,0,reduce_kernel,374912.0,0.0,7810.666666666667,10976.0,3535.9310344827586,8192.0,2986.25,43.50920799909615,17702.0,16825.0,171.0,3535.9310344827586,8653.689655172413,145408.0,114.75862068965517,3266.206896551724,670.8965517241379,670.8965517241379,0.0,0.0,0.0,0.0,0.0,0.0,0.0,94720.0,16384.0,6656.0,0.0,0.0,0.0,7.861456345110916,0.0,54.0,9.0,0.0,6.0,6.0,3619.4741379310344,435.0603448275862,1.3103448275862069,505.7413793103448,389.0905172413793,1450.3189655172414
l4,512,64,1,0,vectorized_elementwise_kernel,4608.0,0.0,96.0,3904.0,18.362068965517242,0.0,179.29166666666666,84.51977401129945,885.0,654.0,14.0,18.362068965517242,3003.1724137931033,112.0,0.13793103448275862,1.2413793103448276,0.8275862068965517,0.8275862068965517,0.0,0.0,0.0,0.0,0.0,0.0,0.0,36.0,20.0,8.0,0.0,0.0,0.0,0.020093694024709504,0.0,0.0,0.0,0.0,0.0,0.0,0.0,0.0,0.0,0.0,0.2413793103448276,2.0
l4,512,64,1,0,elementwise_kernel,1224960.0,0.0,25520.0,10368.0,5763.1551724137935,40960.0,4547.375,51.84991729781492,68922.0,35250.0,32786.0,5763.1551724137935,8149.862068965517,389120.0,635.5862068965517,6638.3448275862065,3954.7586206896553,3954.7586206896553,0.0,0.0,0.0,0.0,0.0,0.0,0.0,192512.0,98304.0,36864.0,0.0,0.0,0.0,22.46462812994508,1.0,172.0,21.0,0.0,13.0,0.0,25230.293103448275,2714.521551724138,32.625,3037.8362068965516,653.3620689655172,4693.797413793103
l4,512,64,1,0,vectorized_elementwise_kernel,1184512.0,0.0,24677.333333333332,8480.0,4343.396551724138,32768.0,4114.958333333333,35.38114392229962,50965.0,33660.0,16397.0,4343.396551724138,6631.379310344828,23552.0,88.27586206896552,211.86206896551724,423.7241379310345,423.7241379310345,0.0,0.0,0.0,0.0,0.0,0.0,0.0,6144.0,8192.0,5120.0,0.0,0.0,0.0,1.8918022983724196,0.0,175.0,0.0,0.0,0.0,0.0,10091.413793103447,47.50431034482759,1.2586206896551724,50.797413793103445,62.23275862068966,357.33620689655174
l4,512,64,1,0,ampere_sgemm_64x32_sliced1x4_nn,1449600.0,0.0,30200.0,20128.0,11262.827586206897,104448.0,9787.958333333334,74.40666263916458,115870.0,102027.0,12715.0,11262.827586206897,15900.137931034482,1014528.0,2496.0,7190.068965517241,21464.275862068964,6864.3448275862065,14599.931034482759,0.0,0.0,294912.0,18874368.0,393216.0,0.0,208512.0,618624.0,144768.0,0.0,0.0,0.0,27.638016586279885,0.0,126.0,7.0,0.0,34.0,18.0,4505.7198275862065,221.50862068965517,676.8146551724138,1141.3491379310344,763.6379310344828,5501.892241379311
l4,512,64,1,0,splitKreduce_kernel,445824.0,0.0,9288.0,6208.0,2631.637931034483,12288.0,2139.0416666666665,31.880337402420494,19087.0,13658.0,4309.0,2631.637931034483,4843.241379310345,77824.0,176.55172413793105,1235.8620689655172,776.8275862068965,601.7931034482758,175.0344827586207,0.0,0.0,98304.0,0.0,32768.0,0.0,35840.0,17408.0,10240.0,0.0,0.0,0.0,8.251811981146853,0.0,74.0,2.0,0.0,0.0,0.0,5275.267241379311,152.43534482758622,72.64655172413794,215.31896551724137,0.6293103448275862,1131.198275862069
l4,512,64,1,0,vectorized_elementwise_kernel,146304.0,0.0,3048.0,4736.0,911.9827586206897,4096.0,1037.2916666666667,43.74423203691496,7585.0,4980.0,2061.0,911.9827586206897,3683.5862068965516,2944.0,11.03448275862069,26.482758620689655,52.96551724137931,52.96551724137931,0.0,0.0,0.0,0.0,0.0,0.0,0.0,768.0,1024.0,640.0,0.0,0.0,0.0,0.4343593200029956,0.0,17.0,0.0,0.0,0.0,1.0,353.9008620689655,0.0,0.0,0.0,7.724137931034483,39.172413793103445
l4,512,64,2,0,unrolled_elementwise_kernel,114304.0,0.0,2381.3333333333335,8640.0,4549.913793103448,2048.0,2453.2916666666665,70.27611044417768,12495.0,7164.0,4428.0,4549.913793103448,6776.931034482759,48896.0,48.55172413793103,582.6206896551724,353.1034482758621,353.1034482758621,0.0,0.0,0.0,0.0,0.0,0.0,32768.0,16896.0,10240.0,2816.0,0.0,0.0,0.0,3.2727661284988123,0.0,91.0,0.0,0.0,0.0,1.0,1826.948275862069,1.8577586206896552,0.0,3.814655172413793,105.34913793103448,897.1465517241379
l4,512,64,2,0,unrolled_elementwise_kernel,113664.0,0.0,2368.0,8704.0,4545.327586206897,2048.0,2293.625,74.09694611285,11821.0,7190.0,4109.0,4545.327586206897,6844.0344827586205,48896.0,48.55172413793103,582.6206896551724,353.1034482758621,353.1034482758621,0.0,0.0,0.0,0.0,0.0,0.0,32768.0,16896.0,10240.0,2816.0,0.0,0.0,0.0,3.2406777611511663,0.0,87.0,0.0,0.0,0.0,7.0,1814.25,1.6508620689655173,0.0,3.375,102.85344827586206,897.1293103448276
l4,512,64,2,0,unrolled_elementwise_kernel,114816.0,0.0,2392.0,8576.0,4553.551724137931,2048.0,2301.5416666666665,74.04373891750402,11843.0,7194.0,4113.0,4553.551724137931,6740.517241379311,48896.0,48.55172413793103,582.6206896551724,353.1034482758621,353.1034482758621,0.0,0.0,0.0,0.0,0.0,0.0,32768.0,16896.0,10240.0,2816.0,0.0,0.0,0.0,3.2904463486379334,0.0,84.0,0.0,0.0,0.0,3.0,1817.1336206896551,1.7327586206896552,0.0,3.560344827586207,97.75862068965517,897.1163793103449
l4,512,64,2,0,vectorized_elementwise_kernel,146560.0,0.0,3053.3333333333335,4896.0,947.3620689655172,4096.0,1264.3333333333333,56.064829152472385,9687.0,4938.0,4109.0,947.3620689655172,3783.793103448276,3328.0,11.03448275862069,17.655172413793103,75.03448275862068,57.37931034482759,17.655172413793103,0.0,0.0,0.0,0.0,32768.0,0.0,512.0,1664.0,640.0,0.0,0.0,0.0,0.46659983596099514,0.0,22.0,0.0,0.0,0.0,0.0,367.7413793103448,0.0,0.0,0.0,7.724137931034483,34.206896551724135
l4,512,64,2,0,vectorized_elementwise_kernel,145920.0,0.0,3040.0,4704.0,897.7931034482758,4096.0,1199.3333333333333,56.023536698668316,9687.0,4938.0,4109.0,897.7931034482758,3666.9655172413795,3328.0,11.03448275862069,17.655172413793103,75.03448275862068,57.37931034482759,17.655172413793103,0.0,0.0,0.0,0.0,32768.0,0.0,512.0,1664.0,640.0,0.0,0.0,0.0,0.4814654604953828,0.0,24.0,0.0,0.0,0.0,0.0,359.7931034482759,0.0,0.0,0.0,7.724137931034483,34.206896551724135
l4,512,64,2,0,ampere_sgemm_32x128_tn,318592.0,0.0,6637.333333333333,20480.0,10353.448275862069,81920.0,10127.791666666666,97.49155690645051,118440.0,84091.0,33221.0,10353.448275862069,16216.448275862069,936960.0,2392.2758620689656,7768.275862068966,18643.862068965518,5632.6551724137935,13011.206896551725,0.0,0.0,0.0,16777216.0,262144.0,0.0,225280.0,537600.0,138752.0,0.0,0.0,0.0,25.08003261907344,0.0,139.0,6.0,0.0,42.0,27.0,5034.918103448276,277.1163793103448,981.375,1974.8922413793102,1035.5646551724137,4865.2801724137935
l4,512,64,2,0,softmax_warp_forward,1200640.0,0.0,25013.333333333332,21632.0,7218.672413793103,32768.0,7180.0,51.26069660284479,69882.0,35203.0,33335.0,7218.672413793103,17128.137931034482,309824.0,520.8275862068965,2694.0689655172414,4052.896551724138,1232.2758620689656,2820.6206896551726,0.0,0.0,868793.0,2364147.0,262144.0,0.0,78128.0,117022.0,30208.0,0.0,4.950917626973965,24592.0,7.906328767343916,2.0,131.0,2.0,0.0,7.0,50.0,5652.547413793103,56.366379310344826,24.935344827586206,338.9913793103448,1470.5560344827586,2652.262931034483
l4,512,64,2,0,vectorized_elementwise_kernel,1183616.0,0.0,24658.666666666668,8448.0,4413.293103448276,32768.0,3989.1666666666665,23.04782365028956,42824.0,33704.0,8210.0,4413.293103448276,6625.103448275862,41984.0,88.27586206896552,882.7586206896551,353.1034482758621,353.1034482758621,0.0,0.0,0.0,0.0,0.0,0.0,0.0,25600.0,7168.0,5120.0,0.0,0.0,0.0,3.093185272318454,0.0,171.0,0.0,0.0,1.0,0.0,10159.25,29.461206896551722,1.0905172413793103,46.49568965517241,62.25,370.67672413793105
l4,512,64,2,0,reduce_kernel,374400.0,0.0,7800.0,10976.0,3542.0862068965516,8192.0,2991.0416666666665,43.6811627114795,17614.0,16828.0,80.0,3542.0862068965516,8634.689655172413,145408.0,114.75862068965517,3266.206896551724,670.8965517241379,670.8965517241379,0.0,0.0,0.0,0.0,0.0,0.0,0.0,94720.0,16384.0,6656.0,0.0,0.0,0.0,7.878105955927574,0.0,49.0,6.0,0.0,4.0,4.0,3653.060344827586,439.4698275862069,1.543103448275862,505.6681034482759,388.9784482758621,1450.7974137931035
l4,512,64,2,0,vectorized_elementwise_kernel,4608.0,0.0,96.0,3904.0,18.379310344827587,0.0,176.125,83.84180790960453,885.0,654.0,14.0,18.379310344827587,3006.137931034483,112.0,0.13793103448275862,1.2413793103448276,0.8275862068965517,0.8275862068965517,0.0,0.0,0.0,0.0,0.0,0.0,0.0,36.0,20.0,8.0,0.0,0.0,0.0,0.02007387184840212,0.0,0.0,0.0,0.0,0.0,0.0,0.0,0.0,0.0,0.0,0.2413793103448276,2.0
l4,512,64,2,0,elementwise_kernel,1228416.0,0.0,25592.0,10432.0,5755.1551724137935,40960.0,4554.666666666667,51.860610193097244,68929.0,35253.0,32786.0,5755.1551724137935,8215.275862068966,389120.0,635.5862068965517,6638.3448275862065,3954.7586206896553,3954.7586206896553,0.0,0.0,0.0,0.0,0.0,0.0,0.0,192512.0,98304.0,36864.0,0.0,0.0,0.0,22.277307203149725,0.0,177.0,11.0,0.0,9.0,6.0,26237.504310344826,2633.5905172413795,33.48275862068966,2988.8189655172414,655.0344827586207,4687.461206896552
l4,512,64,2,0,vectorized_elementwise_kernel,1184000.0,0.0,24666.666666666668,8352.0,4245.310344827586,32768.0,4032.125,35.389476576452815,50953.0,33648.0,16397.0,4245.310344827586,6537.482758620689,23552.0,88.27586206896552,211.86206896551724,423.7241379310345,423.7241379310345,0.0,0.0,0.0,0.0,0.0,0.0,0.0,6144.0,8192.0,5120.0,0.0,0.0,0.0,1.919567269907747,0.0,183.0,0.0,0.0,0.0,0.0,9974.935344827587,47.76724137931034,1.331896551724138,50.797413793103445,61.47844827586207,357.51724137931035
l4,512,64,2,0,ampere_sgemm_64x32_sliced1x4_nn,1449344.0,0.0,30194.666666666668,20192.0,11260.862068965518,104448.0,10140.541666666666,74.19421452048665,116222.0,102018.0,12860.0,11260.862068965518,15949.931034482759,1014528.0,2496.0,7190.068965517241,21464.275862068964,6867.310344827586,14596.965517241379,0.0,0.0,294912.0,18874368.0,393216.0,0.0,208512.0,618624.0,144768.0,0.0,0.0,0.0,27.55173517126871,0.0,133.0,10.0,0.0,25.0,21.0,4819.913793103448,221.75,677.4396551724138,1148.8103448275863,746.176724137931,5504.060344827586
l4,512,64,2,0,splitKreduce_kernel,446080.0,0.0,9293.333333333334,6304.0,2694.2758620689656,12288.0,2125.9583333333335,32.66763300585172,18627.0,13614.0,4109.0,2694.2758620689656,4926.0,77824.0,176.55172413793105,1235.8620689655172,776.8275862068965,602.0,174.82758620689654,0.0,0.0,98304.0,0.0,32768.0,0.0,35840.0,17408.0,10240.0,0.0,0.0,0.0,8.113178489926778,0.0,69.0,3.0,0.0,4.0,0.0,5099.4051724137935,151.75,74.37068965517241,212.71120689655172,0.625,1130.4439655172414
l4,512,64,2,0,vectorized_elementwise_kernel,146560.0,0.0,3053.3333333333335,4736.0,885.4310344827586,4096.0,1059.7916666666667,43.71786420566907,7585.0,4980.0,2061.0,885.4310344827586,3663.9655172413795,2944.0,11.03448275862069,26.482758620689655,52.96551724137931,52.96551724137931,0.0,0.0,0.0,0.0,0.0,0.0,0.0,768.0,1024.0,640.0,0.0,0.0,0.0,0.4366853324549433,0.0,18.0,0.0,0.0,0.0,1.0,356.73706896551727,0.0,0.0,0.0,7.724137931034483,39.172413793103445
l4,512,64,0,0,fmha_cutlassF_f16_aligned_64x64_rf_sm80,269952.0,0.0,5624.0,56544.0,5921.068965517241,49152.0,7191.625,90.39492450695913,60999.0,57025.0,3134.0,5921.068965517241,44920.51724137931,327430.0,530.051724137931,4182.862068965517,3385.689655172414,1651.0,1734.6896551724137,0.0,4519.724137931034,607594.0,16384.0,789738.0,0.0,121303.0,95273.0,30743.0,32768.0,0.6598628228403425,8596.0,3.153836853599653,0.0,35.0,35.0,0.0,0.0,21.0,604.4870689655172,549.948275862069,75.34051724137932,0.0,420.73706896551727,1693.853448275862
l4,512,64,1,0,fmha_cutlassF_f16_aligned_64x64_rf_sm80,270208.0,0.0,5629.333333333333,56768.0,5940.620689655172,49152.0,7202.916666666667,90.29580761864227,61087.0,57025.0,3222.0,5940.620689655172,45077.1724137931,327430.0,530.051724137931,4182.862068965517,3385.689655172414,1651.0,1734.6896551724137,0.0,4519.724137931034,607594.0,16384.0,789738.0,0.0,121303.0,95273.0,30743.0,32768.0,0.6575696238940422,8596.0,3.1428764310707007,1.0,32.0,38.0,0.0,0.0,24.0,603.9008620689655,549.9094827586207,74.64224137931035,0.0,420.8146551724138,1693.8060344827586
l4,512,64,2,0,fmha_cutlassF_f16_aligned_64x64_rf_sm80,270208.0,0.0,5629.333333333333,56736.0,5939.189655172414,49152.0,7177.5,90.30863692181744,61075.0,57025.0,3210.0,5939.189655172414,45080.137931034486,327430.0,530.051724137931,4182.862068965517,3385.689655172414,1650.8620689655172,1734.8275862068965,0.0,4519.724137931034,607594.0,16384.0,789738.0,0.0,121303.0,95273.0,30743.0,32768.0,0.657526366837907,8596.0,3.1426696824964586,0.0,31.0,37.0,0.0,0.0,21.0,606.051724137931,549.9827586206897,73.33620689655173,0.0,420.4439655172414,1693.8189655172414
l4,512,64,0,0,flash_fwd_splitkv_kernel,295296.0,0.0,6152.0,18880.0,3464.9655172413795,36864.0,3777.2083333333335,84.61457658572454,57119.0,47610.0,8693.0,3464.9655172413795,14932.758620689656,134400.0,247.17241379310346,1341.7931034482758,1867.0344827586207,728.448275862069,1138.5862068965516,0.0,4519.724137931034,532480.0,12288.0,336892.0,0.0,38912.0,52736.0,14336.0,16384.0,2.083824038794596,9024.0,3.9379979217180465,3.0,19.0,24.0,0.0,0.0,6.0,369.9094827586207,477.11206896551727,109.19827586206897,0.0,98.21551724137932,590.4353448275862
l4,512,64,0,0,flash_fwd_splitkv_combine_kernel,317056.0,0.0,6605.333333333333,10464.0,6004.517241379311,8320.0,2170.3333333333335,39.03247183565275,15090.0,12059.0,2293.0,6004.517241379311,8229.862068965518,150848.0,47.44827586206897,2511.448275862069,2041.3793103448277,1885.0689655172414,156.31034482758622,0.0,0.0,28672.0,113664.0,10240.0,0.0,72832.0,50688.0,2752.0,0.0,4.639119103684647,11072.0,8.128514325459008,0.0,65.0,1.0,0.0,0.0,32.0,1215.5474137931035,23.78448275862069,0.41379310344827586,23.379310344827587,595.3491379310345,1531.5172413793102
l4,512,64,1,0,flash_fwd_splitkv_kernel,294400.0,0.0,6133.333333333333,18848.0,3459.189655172414,36864.0,3874.5833333333335,84.28521739130433,57500.0,47577.0,8891.0,3459.189655172414,14894.655172413793,134400.0,247.17241379310346,1341.7931034482758,1867.0344827586207,728.3793103448276,1138.655172413793,0.0,4519.724137931034,532480.0,12288.0,336892.0,0.0,38912.0,52736.0,14336.0,16384.0,2.0891548692541875,9024.0,3.9480720925117776,5.0,18.0,29.0,0.0,0.0,8.0,364.73706896551727,477.6336206896552,109.47413793103448,0.0,98.15948275862068,590.4353448275862
l4,512,64,1,0,flash_fwd_splitkv_combine_kernel,317952.0,0.0,6624.0,10464.0,5913.293103448276,8320.0,2131.0416666666665,39.50170785613823,14931.0,12068.0,2125.0,5913.293103448276,8215.689655172413,150848.0,47.44827586206897,2511.448275862069,2041.3793103448277,1885.0,156.3793103448276,0.0,0.0,28672.0,113664.0,10240.0,0.0,72832.0,50688.0,2752.0,0.0,4.647121781284758,11072.0,8.142536358103714,0.0,63.0,1.0,0.0,1.0,31.0,1253.5258620689656,24.887931034482758,0.41379310344827586,23.75862068965517,595.6896551724138,1531.5086206896551
l4,512,64,2,0,flash_fwd_splitkv_kernel,295296.0,0.0,6152.0,18848.0,3451.051724137931,36864.0,3896.0,84.24202358999338,57482.0,47575.0,8875.0,3451.051724137931,14886.655172413793,134400.0,247.17241379310346,1341.7931034482758,1867.0344827586207,728.1379310344828,1138.896551724138,0.0,4519.724137931034,532480.0,12288.0,336892.0,0.0,38912.0,52736.0,14336.0,16384.0,2.090277568662514,9024.0,3.950193762986058,5.0,19.0,24.0,0.0,0.0,6.0,368.7586206896552,477.21120689655174,109.65517241379311,0.0,98.3103448275862,590.4137931034483
l4,512,64,2,0,flash_fwd_splitkv_combine_kernel,317952.0,0.0,6624.0,10400.0,5906.5,8320.0,2050.4166666666665,39.14084319723367,15038.0,12068.0,2232.0,5906.5,8168.482758620689,150848.0,47.44827586206897,2511.448275862069,2041.3793103448277,1884.9655172413793,156.41379310344828,0.0,0.0,28672.0,113664.0,10240.0,0.0,72832.0,50688.0,2752.0,0.0,4.673978200484622,11072.0,8.189593306484975,0.0,63.0,1.0,0.0,1.0,30.0,1236.5603448275863,24.15948275862069,0.41379310344827586,23.396551724137932,595.7801724137931,1531.6206896551723
l4,512,64,0,0,cudnn_generated_fort_native_sdpa_sm80_flash_fprop_wmma_f16_knob_6_128x64x64_4x1x1_kernel0_0,246528.0,0.0,5136.0,36256.0,1846.7586206896551,18432.0,4894.125,72.94963481436398,26288.0,22733.0,2811.0,1846.7586206896551,28784.137931034482,106976.0,145.3793103448276,854.6206896551724,1576.8275862068965,467.86206896551727,1108.9655172413793,0.0,4519.724137931034,544768.0,16384.0,835584.0,0.0,24784.0,45392.0,8432.0,16384.0,1.0733881208520017,8960.0,1.6175096437213983,0.0,3.0,39.0,0.0,0.0,4.0,59.74568965517241,524.6379310344828,25.573275862068964,0.0,57.08620689655172,407.01724137931035
l4,512,64,1,0,cudnn_generated_fort_native_sdpa_sm80_flash_fprop_wmma_f16_knob_6_128x64x64_4x1x1_kernel0_0,246656.0,0.0,5138.666666666667,36224.0,1844.344827586207,18432.0,4820.958333333333,73.14363968350578,26288.0,22725.0,2819.0,1844.344827586207,28741.862068965518,106976.0,145.3793103448276,854.6206896551724,1576.8275862068965,467.86206896551727,1108.9655172413793,0.0,4519.724137931034,544768.0,16384.0,835584.0,0.0,24784.0,45392.0,8432.0,16384.0,1.0749669471658543,8960.0,1.6198888081064025,0.0,5.0,29.0,0.0,0.0,2.0,61.24568965517241,524.6379310344828,25.56896551724138,0.0,57.08620689655172,407.01724137931035
l4,512,64,2,0,cudnn_generated_fort_native_sdpa_sm80_flash_fprop_wmma_f16_knob_6_128x64x64_4x1x1_kernel0_0,246272.0,0.0,5130.666666666667,36256.0,1850.9310344827586,18432.0,4500.083333333333,72.6023758017382,26349.0,22862.0,2743.0,1850.9310344827586,28776.379310344826,106976.0,145.3793103448276,854.6206896551724,1576.8275862068965,467.86206896551727,1108.9655172413793,0.0,4519.724137931034,544768.0,16384.0,835584.0,0.0,24784.0,45392.0,8432.0,16384.0,1.0736775252691684,8960.0,1.6179457529223562,0.0,3.0,21.0,0.0,0.0,2.0,60.07327586206897,524.6379310344828,25.594827586206897,0.0,57.08620689655172,407.01724137931035
l4,512,128,0,0,unrolled_elementwise_kernel,192512.0,0.0,4010.6666666666665,8704.0,4581.948275862069,4096.0,2971.0,70.08974152291903,18609.0,9214.0,8461.0,4581.948275862069,6837.310344827586,97792.0,97.10344827586206,1165.2413793103449,706.2068965517242,706.2068965517242,0.0,0.0,0.0,0.0,0.0,0.0,65536.0,33792.0,20480.0,5632.0,0.0,0.0,0.0,6.481677610675704,0.0,89.0,0.0,0.0,1.0,8.0,3634.9525862068967,25.228448275862068,0.0,49.17672413793103,165.0301724137931,1794.448275862069
l4,512,128,0,0,unrolled_elementwise_kernel,193664.0,0.0,4034.6666666666665,8640.0,4588.362068965517,4096.0,2815.5833333333335,71.98086229652442,18184.0,9246.0,8240.0,4588.362068965517,6791.275862068966,97792.0,97.10344827586206,1165.2413793103449,706.2068965517242,706.2068965517242,0.0,0.0,0.0,0.0,0.0,0.0,65536.0,33792.0,20480.0,5632.0,0.0,0.0,0.0,6.525613489923685,0.0,98.0,0.0,0.0,3.0,2.0,3709.2844827586205,23.54310344827586,0.0,48.32327586206897,166.89655172413794,1794.4956896551723
l4,512,128,0,0,unrolled_elementwise_kernel,194304.0,0.0,4048.0,8800.0,4568.362068965517,4096.0,2880.7083333333335,71.7556830721695,18124.0,9238.0,8210.0,4568.362068965517,6913.9655172413795,97792.0,97.10344827586206,1165.2413793103449,706.2068965517242,706.2068965517242,0.0,0.0,0.0,0.0,0.0,0.0,65536.0,33792.0,20480.0,5632.0,0.0,0.0,0.0,6.4098152165781395,0.0,83.0,0.0,0.0,0.0,4.0,3790.2327586206898,24.650862068965516,0.0,48.90948275862069,165.81465517241378,1794.4181034482758
l4,512,128,0,0,vectorized_elementwise_kernel,290944.0,0.0,6061.333333333333,5280.0,1895.7068965517242,8192.0,1637.9583333333333,53.602289614178,18169.0,9030.0,8287.0,1895.7068965517242,4091.8275862068967,6656.0,22.06896551724138,35.310344827586206,150.06896551724137,114.75862068965517,35.310344827586206,0.0,0.0,0.0,0.0,65536.0,0.0,1024.0,3328.0,1280.0,0.0,0.0,0.0,0.8629480124385864,0.0,52.0,0.0,0.0,0.0,1.0,965.2801724137931,0.08620689655172414,0.0,0.28448275862068967,15.456896551724139,69.13362068965517
l4,512,128,0,0,vectorized_elementwise_kernel,287104.0,0.0,5981.333333333333,5472.0,1947.1379310344828,8192.0,1653.375,53.82702403979,18095.0,9038.0,8205.0,1947.1379310344828,4255.172413793103,6656.0,22.06896551724138,35.310344827586206,150.06896551724137,114.75862068965517,35.310344827586206,0.0,0.0,0.0,0.0,65536.0,0.0,1024.0,3328.0,1280.0,0.0,0.0,0.0,0.8298217179902756,0.0,63.0,0.0,0.0,0.0,0.0,970.1637931034483,0.03879310344827586,0.0,0.3448275862068966,15.538793103448276,69.0646551724138
l4,512,128,0,0,ampere_sgemm_32x128_tn,635648.0,0.0,13242.666666666666,31840.0,16226.224137931034,163840.0,17949.083333333332,97.67864613423113,200788.0,166055.0,33389.0,16226.224137931034,25341.206896551725,1653760.0,4228.413793103448,10451.862068965518,36722.75862068965,11077.068965517241,25645.689655172413,0.0,0.0,0.0,33554432.0,262144.0,0.0,303104.0,1061888.0,245248.0,0.0,0.0,0.0,28.241449458766215,0.0,222.0,11.0,0.0,86.0,38.0,8808.625,283.25431034482756,1461.896551724138,3580.2974137931033,1972.551724137931,7065.331896551724
l4,512,128,0,0,softmax_warp_forward,1201152.0,0.0,25024.0,16512.0,7216.017241379311,32768.0,7050.958333333333,51.41461164838649,69383.0,35207.0,33048.0,7216.017241379311,13046.896551724138,309213.0,520.8275862068965,2674.7241379310344,4056.1724137931033,1238.3103448275863,2817.862068965517,0.0,0.0,869118.0,2364662.0,262144.0,0.0,77567.0,117117.0,30208.0,0.0,6.504123057405646,24609.0,10.359346918278888,6.0,146.0,2.0,0.0,8.0,43.0,5630.137931034483,57.439655172413794,23.112068965517242,328.5301724137931,1470.6077586206898,2640.896551724138
l4,512,128,0,0,vectorized_elementwise_kernel,1187712.0,0.0,24744.0,8544.0,4403.982758620689,32768.0,4037.6666666666665,23.03505944456123,42813.0,33704.0,8205.0,4403.982758620689,6674.586206896552,41984.0,88.27586206896552,882.7586206896551,353.1034482758621,353.1034482758621,0.0,0.0,0.0,0.0,0.0,0.0,0.0,25600.0,7168.0,5120.0,0.0,0.0,0.0,3.069866141772963,0.0,168.0,0.0,0.0,0.0,0.0,10186.090517241379,31.59051724137931,1.4137931034482758,45.28879310344828,63.12068965517241,370.69827586206895
l4,512,128,0,0,reduce_kernel,375296.0,0.0,7818.666666666667,10784.0,3527.189655172414,8192.0,2916.25,46.28099173553719,17666.0,16820.0,141.0,3527.189655172414,8500.51724137931,145408.0,114.75862068965517,3266.206896551724,670.8965517241379,670.8965517241379,0.0,0.0,0.0,0.0,0.0,0.0,0.0,94720.0,16384.0,6656.0,0.0,0.0,0.0,8.002454211711257,0.0,55.0,5.0,0.0,4.0,6.0,3587.969827586207,402.9008620689655,1.4353448275862069,508.73275862068965,389.50431034482756,1450.0387931034484
l4,512,128,0,0,vectorized_elementwise_kernel,4608.0,0.0,96.0,3808.0,18.379310344827587,0.0,211.08333333333334,78.35269271383316,947.0,716.0,14.0,18.379310344827587,2950.310344827586,112.0,0.13793103448275862,1.2413793103448276,0.8275862068965517,0.8275862068965517,0.0,0.0,0.0,0.0,0.0,0.0,0.0,36.0,20.0,8.0,0.0,0.0,0.0,0.02045372199301067,0.0,0.0,0.0,0.0,0.0,0.0,0.0,0.0,0.0,0.0,0.2413793103448276,2.0
l4,512,128,0,0,elementwise_kernel,1227648.0,0.0,25576.0,10272.0,5770.689655172414,40960.0,4609.0,51.86780983882433,68931.0,35253.0,32786.0,5770.689655172414,8063.586206896552,389120.0,635.5862068965517,6638.3448275862065,3954.7586206896553,3954.7586206896553,0.0,0.0,0.0,0.0,0.0,0.0,0.0,192512.0,98304.0,36864.0,0.0,0.0,0.0,22.711294709293377,0.0,178.0,13.0,0.0,16.0,4.0,26055.879310344826,2675.0862068965516,33.202586206896555,2968.344827586207,657.1637931034483,4686.887931034483
l4,512,128,0,0,vectorized_elementwise_kernel,1182336.0,0.0,24632.0,8544.0,4406.706896551724,32768.0,4128.875,35.30912158847882,50967.0,33664.0,16397.0,4406.706896551724,6676.689655172414,23552.0,88.27586206896552,211.86206896551724,423.7241379310345,423.7241379310345,0.0,0.0,0.0,0.0,0.0,0.0,0.0,6144.0,8192.0,5120.0,0.0,0.0,0.0,1.8797385654670908,0.0,182.0,0.0,0.0,2.0,0.0,10052.978448275862,47.400862068965516,1.2629310344827587,51.0301724137931,60.14655172413793,357.5689655172414
l4,512,128,0,0,Kernel2,1624960.0,0.0,33853.333333333336,24352.0,13109.551724137931,98304.0,12932.375,88.31899171491635,156305.0,105201.0,49760.0,13109.551724137931,19263.96551724138,1476928.0,2429.793103448276,6609.6551724137935,37457.65517241379,17494.896551724138,19962.758620689656,0.0,0.0,0.0,33554432.0,393216.0,0.0,191680.0,1082304.0,140928.0,0.0,0.0,0.0,33.126034851563126,2.0,59.0,6.0,0.0,0.0,45.0,1086.2543103448277,46.19396551724138,49.74568965517241,0.0,905.9827586206897,910.6336206896551
l4,512,128,0,0,splitKreduce_kernel,1787776.0,0.0,37245.333333333336,12928.0,6509.620689655172,49152.0,7053.125,17.100091980934863,59795.0,50578.0,8305.0,6509.620689655172,10195.586206896553,219136.0,494.3448275862069,3460.4137931034484,2401.103448275862,1772.1724137931035,628.9310344827586,0.0,0.0,393216.0,0.0,65536.0,0.0,100352.0,51200.0,28672.0,0.0,0.0,0.0,10.421683487107334,0.0,260.0,9.0,0.0,8.0,0.0,33383.72844827586,767.2629310344828,429.5991379310345,1057.3577586206898,5.612068965517241,3289.935344827586
l4,512,128,0,0,vectorized_elementwise_kernel,294912.0,0.0,6144.0,5376.0,1950.7586206896551,8192.0,1558.7083333333333,40.79108234448041,13905.0,9076.0,4109.0,1950.7586206896551,4183.758620689655,5888.0,22.06896551724138,52.96551724137931,105.93103448275862,105.93103448275862,0.0,0.0,0.0,0.0,0.0,0.0,0.0,1536.0,2048.0,1280.0,0.0,0.0,0.0,0.7648624813523561,0.0,49.0,0.0,0.0,0.0,0.0,1022.1637931034483,0.08620689655172414,0.0,0.3103448275862069,15.47844827586207,79.19827586206897
l4,512,128,1,0,unrolled_elementwise_kernel,192768.0,0.0,4016.0,8768.0,4600.741379310345,4096.0,2924.9583333333335,71.85401299130244,18166.0,9238.0,8210.0,4600.741379310345,6880.6551724137935,97792.0,97.10344827586206,1165.2413793103449,706.2068965517242,706.2068965517242,0.0,0.0,0.0,0.0,0.0,0.0,65536.0,33792.0,20480.0,5632.0,0.0,0.0,0.0,6.440846150376618,0.0,86.0,0.0,0.0,1.0,1.0,3653.3577586206898,25.900862068965516,0.0,46.05172413793103,165.1293103448276,1794.4913793103449
l4,512,128,1,0,unrolled_elementwise_kernel,191744.0,0.0,3994.6666666666665,8704.0,4574.120689655172,4096.0,2781.75,71.81282037149313,18143.0,9240.0,8205.0,4574.120689655172,6815.586206896552,97792.0,97.10344827586206,1165.2413793103449,706.2068965517242,706.2068965517242,0.0,0.0,0.0,0.0,0.0,0.0,65536.0,33792.0,20480.0,5632.0,0.0,0.0,0.0,6.50233744156396,0.0,91.0,0.0,0.0,0.0,4.0,3667.1637931034484,22.59051724137931,0.0,47.67672413793103,170.02586206896552,1794.521551724138
l4,512,128,1,0,unrolled_elementwise_kernel,190464.0,0.0,3968.0,8832.0,4647.758620689655,4096.0,2935.8333333333335,71.08888160052477,18294.0,9221.0,8397.0,4647.758620689655,6916.827586206897,97792.0,97.10344827586206,1165.2413793103449,706.2068965517242,706.2068965517242,0.0,0.0,0.0,0.0,0.0,0.0,65536.0,33792.0,20480.0,5632.0,0.0,0.0,0.0,6.407162940953596,0.0,88.0,1.0,0.0,0.0,9.0,3806.0,24.78448275862069,0.0,47.55172413793103,165.42241379310346,1794.4008620689656
l4,512,128,1,0,vectorized_elementwise_kernel,291456.0,0.0,6072.0,5248.0,1898.0344827586207,8192.0,1636.0833333333333,54.396728016359916,18093.0,9036.0,8205.0,1898.0344827586207,4112.862068965517,6656.0,22.06896551724138,35.310344827586206,150.06896551724137,114.75862068965517,35.310344827586206,0.0,0.0,0.0,0.0,65536.0,0.0,1024.0,3328.0,1280.0,0.0,0.0,0.0,0.8585346222531502,0.0,52.0,0.0,0.0,0.0,0.0,959.8879310344828,0.08620689655172414,0.0,0.2629310344827586,15.448275862068966,69.16379310344827
l4,512,128,1,0,vectorized_elementwise_kernel,286464.0,0.0,5968.0,5440.0,2009.655172413793,8192.0,1709.5833333333333,53.84360320530532,18095.0,9038.0,8205.0,2009.655172413793,4248.206896551724,6656.0,22.06896551724138,35.310344827586206,150.06896551724137,114.75862068965517,35.310344827586206,0.0,0.0,0.0,0.0,65536.0,0.0,1024.0,3328.0,1280.0,0.0,0.0,0.0,0.8311823243883829,0.0,57.0,0.0,0.0,0.0,0.0,1009.9396551724138,0.03017241379310345,0.0,0.25862068965517243,15.422413793103448,69.16379310344827
l4,512,128,1,0,ampere_sgemm_32x128_tn,635136.0,0.0,13232.0,31936.0,16405.103448275862,163840.0,17669.75,97.73089489202327,200784.0,166053.0,33387.0,16405.103448275862,25406.793103448275,1653760.0,4228.413793103448,10451.862068965518,36722.75862068965,11069.931034482759,25652.827586206895,0.0,0.0,0.0,33554432.0,262144.0,0.0,303104.0,1061888.0,245248.0,0.0,0.0,0.0,28.16869843389699,0.0,262.0,5.0,0.0,70.0,58.0,8843.762931034482,283.69827586206895,1477.530172413793,3582.081896551724,1938.6853448275863,7067.668103448276
l4,512,128,1,0,softmax_warp_forward,1202432.0,0.0,25050.666666666668,16544.0,7111.6551724137935,32768.0,6921.25,51.52650849021248,69374.0,35197.0,33049.0,7111.6551724137935,13057.896551724138,309213.0,520.8275862068965,2674.7241379310344,4056.1724137931033,1239.4827586206898,2816.689655172414,0.0,0.0,869118.0,2364662.0,262144.0,0.0,77567.0,117117.0,30208.0,0.0,6.4986439702228,24609.0,10.350488144312202,2.0,143.0,1.0,0.0,8.0,44.0,5766.172413793103,57.25,25.344827586206897,329.0905172413793,1472.4525862068965,2640.698275862069
l4,512,128,1,0,vectorized_elementwise_kernel,1187968.0,0.0,24749.333333333332,8320.0,4291.724137931034,32768.0,3925.7916666666665,23.032907490015646,42817.0,33704.0,8209.0,4291.724137931034,6507.6551724137935,41984.0,88.27586206896552,882.7586206896551,353.1034482758621,353.1034482758621,0.0,0.0,0.0,0.0,0.0,0.0,0.0,25600.0,7168.0,5120.0,0.0,0.0,0.0,3.149010184292239,0.0,168.0,0.0,0.0,0.0,2.0,10241.215517241379,29.823275862068964,1.6508620689655173,45.98275862068966,62.53448275862069,370.62931034482756
l4,512,128,1,0,reduce_kernel,374528.0,0.0,7802.666666666667,10912.0,3566.4655172413795,8192.0,3028.9583333333335,43.40984716034065,17731.0,16809.0,217.0,3566.4655172413795,8574.448275862069,145408.0,114.75862068965517,3266.206896551724,670.8965517241379,670.8965517241379,0.0,0.0,0.0,0.0,0.0,0.0,0.0,94720.0,16384.0,6656.0,0.0,0.0,0.0,7.931092379523766,0.0,46.0,11.0,0.0,12.0,1.0,3585.0560344827586,421.9741379310345,1.4655172413793103,460.7758620689655,389.5991379310345,1448.2586206896551
l4,512,128,1,0,vectorized_elementwise_kernel,4736.0,0.0,98.66666666666667,3808.0,18.379310344827587,0.0,178.91666666666666,88.0225988700565,885.0,654.0,14.0,18.379310344827587,2952.206896551724,112.0,0.13793103448275862,1.2413793103448276,0.8275862068965517,0.8275862068965517,0.0,0.0,0.0,0.0,0.0,0.0,0.0,36.0,20.0,8.0,0.0,0.0,0.0,0.02044058214777957,0.0,0.0,0.0,0.0,0.0,0.0,0.0,0.0,0.0,0.0,0.2413793103448276,2.0
l4,512,128,1,0,elementwise_kernel,1229440.0,0.0,25613.333333333332,10496.0,5806.672413793103,40960.0,4547.458333333333,51.875018140655385,68906.0,35247.0,32781.0,5806.672413793103,8231.344827586207,389120.0,635.5862068965517,6638.3448275862065,3954.7586206896553,3954.7586206896553,0.0,0.0,0.0,0.0,0.0,0.0,0.0,192512.0,98304.0,36864.0,0.0,0.0,0.0,22.242877310868046,0.0,168.0,14.0,0.0,15.0,3.0,25666.34051724138,2696.6336206896553,36.6551724137931,3005.551724137931,653.5991379310345,4689.288793103448
l4,512,128,1,0,vectorized_elementwise_kernel,1180544.0,0.0,24594.666666666668,8576.0,4386.9655172413795,32768.0,4167.125,35.621652376934996,50969.0,33662.0,16401.0,4386.9655172413795,6719.448275862069,23552.0,88.27586206896552,211.86206896551724,423.7241379310345,423.7241379310345,0.0,0.0,0.0,0.0,0.0,0.0,0.0,6144.0,8192.0,5120.0,0.0,0.0,0.0,1.867007246079317,0.0,184.0,0.0,0.0,1.0,1.0,9860.706896551725,48.00431034482759,0.9741379310344828,50.827586206896555,60.16379310344828,357.7758620689655
l4,512,128,1,0,Kernel2,1621248.0,0.0,33776.0,24672.0,13177.051724137931,98304.0,13159.666666666666,88.38673757367481,156261.0,105201.0,49716.0,13177.051724137931,19516.793103448275,1476928.0,2429.793103448276,6609.6551724137935,37457.65517241379,17492.96551724138,19964.689655172413,0.0,0.0,0.0,33554432.0,393216.0,0.0,191680.0,1082304.0,140928.0,0.0,0.0,0.0,32.69655486786799,2.0,63.0,3.0,0.0,0.0,48.0,1080.1939655172414,46.202586206896555,50.293103448275865,0.0,897.9008620689655,910.4956896551724
l4,512,128,1,0,splitKreduce_kernel,1784960.0,0.0,37186.666666666664,12928.0,6521.068965517241,49152.0,7094.333333333333,17.113212283490924,59755.0,50512.0,8331.0,6521.068965517241,10164.275862068966,219136.0,494.3448275862069,3460.4137931034484,2401.103448275862,1771.3793103448277,629.7241379310345,0.0,0.0,393216.0,0.0,65536.0,0.0,100352.0,51200.0,28672.0,0.0,0.0,0.0,10.453701944606532,0.0,259.0,4.0,0.0,9.0,0.0,34108.71551724138,773.7672413793103,405.1810344827586,1068.5,5.487068965517241,3292.5474137931033
l4,512,128,1,0,vectorized_elementwise_kernel,295296.0,0.0,6152.0,5248.0,1930.3620689655172,8192.0,1536.5,39.85908404630096,13909.0,9080.0,4109.0,1930.3620689655172,4090.0689655172414,5888.0,22.06896551724138,52.96551724137931,105.93103448275862,105.93103448275862,0.0,0.0,0.0,0.0,0.0,0.0,0.0,1536.0,2048.0,1280.0,0.0,0.0,0.0,0.7823828954911812,0.0,51.0,0.0,0.0,0.0,0.0,985.5,0.08620689655172414,0.0,0.31896551724137934,15.487068965517242,79.21982758620689
l4,512,128,2,0,unrolled_elementwise_kernel,192512.0,0.0,4010.6666666666665,8896.0,4672.189655172414,4096.0,2915.0,69.98283814222891,18646.0,9209.0,8503.0,4672.189655172414,6958.068965517241,97792.0,97.10344827586206,1165.2413793103449,706.2068965517242,706.2068965517242,0.0,0.0,0.0,0.0,0.0,0.0,65536.0,33792.0,20480.0,5632.0,0.0,0.0,0.0,6.369186853268842,0.0,84.0,0.0,0.0,0.0,8.0,3661.8577586206898,22.142241379310345,0.0,49.435344827586206,168.7844827586207,1794.4008620689656
l4,512,128,2,0,unrolled_elementwise_kernel,191360.0,0.0,3986.6666666666665,8736.0,4643.017241379311,4096.0,2734.1666666666665,71.82935567436476,18143.0,9240.0,8205.0,4643.017241379311,6849.689655172414,97792.0,97.10344827586206,1165.2413793103449,706.2068965517242,706.2068965517242,0.0,0.0,0.0,0.0,0.0,0.0,65536.0,33792.0,20480.0,5632.0,0.0,0.0,0.0,6.469963401311913,0.0,93.0,1.0,0.0,1.0,4.0,3660.896551724138,24.41810344827586,0.0,48.206896551724135,171.8448275862069,1794.469827586207
l4,512,128,2,0,unrolled_elementwise_kernel,194432.0,0.0,4050.6666666666665,8768.0,4574.603448275862,4096.0,2876.2083333333335,71.30406183193554,18243.0,9236.0,8331.0,4574.603448275862,6871.551724137931,97792.0,97.10344827586206,1165.2413793103449,706.2068965517242,706.2068965517242,0.0,0.0,0.0,0.0,0.0,0.0,65536.0,33792.0,20480.0,5632.0,0.0,0.0,0.0,6.449378998870907,0.0,96.0,1.0,0.0,0.0,4.0,3673.1724137931033,24.517241379310345,0.0,47.952586206896555,163.31465517241378,1794.448275862069
l4,512,128,2,0,vectorized_elementwise_kernel,291456.0,0.0,6072.0,5472.0,1964.2241379310344,8192.0,1762.8333333333333,53.838501077764874,18093.0,9036.0,8205.0,1964.2241379310344,4261.413793103448,6656.0,22.06896551724138,35.310344827586206,150.06896551724137,114.75862068965517,35.310344827586206,0.0,0.0,0.0,0.0,65536.0,0.0,1024.0,3328.0,1280.0,0.0,0.0,0.0,0.828606339162169,0.0,53.0,0.0,0.0,0.0,0.0,951.4310344827586,0.08620689655172414,0.0,0.33620689655172414,15.495689655172415,69.0646551724138
l4,512,128,2,0,vectorized_elementwise_kernel,287488.0,0.0,5989.333333333333,5376.0,2000.5862068965516,8192.0,1660.2083333333333,53.79939209726443,18095.0,9038.0,8205.0,2000.5862068965516,4201.0344827586205,6656.0,22.06896551724138,35.310344827586206,150.06896551724137,114.75862068965517,35.310344827586206,0.0,0.0,0.0,0.0,65536.0,0.0,1024.0,3328.0,1280.0,0.0,0.0,0.0,0.8405154723795452,0.0,49.0,0.0,0.0,0.0,0.0,995.375,0.04310344827586207,0.0,0.25862068965517243,15.482758620689655,69.16379310344827
l4,512,128,2,0,ampere_sgemm_32x128_tn,635648.0,0.0,13242.666666666666,32000.0,16285.258620689656,163840.0,17785.958333333332,97.71272913792845,200807.0,166061.0,33402.0,16285.258620689656,25419.55172413793,1653760.0,4228.413793103448,10451.862068965518,36722.75862068965,11155.344827586207,25567.41379310345,0.0,0.0,0.0,33554432.0,262144.0,0.0,303104.0,1061888.0,245248.0,0.0,0.0,0.0,28.15455995724171,0.0,218.0,7.0,0.0,84.0,50.0,8540.724137931034,281.4741379310345,1507.9655172413793,3597.6293103448274,1925.1422413793102,7071.228448275862
l4,512,128,2,0,softmax_warp_forward,1201792.0,0.0,25037.333333333332,16608.0,7171.068965517241,32768.0,6941.375,51.725834696151786,69097.0,35207.0,32978.0,7171.068965517241,13096.448275862069,309213.0,520.8275862068965,2674.7241379310344,4056.1724137931033,1239.2068965517242,2816.9655172413795,0.0,0.0,869118.0,2364662.0,262144.0,0.0,77567.0,117117.0,30208.0,0.0,6.479514056193176,24609.0,10.320151291347747,2.0,138.0,1.0,0.0,6.0,59.0,5536.9094827586205,58.310344827586206,25.801724137931036,335.1810344827586,1470.4568965517242,2640.5991379310344
l4,512,128,2,0,vectorized_elementwise_kernel,1188096.0,0.0,24752.0,8672.0,4499.379310344828,32768.0,4115.208333333333,23.045478965686385,42811.0,33702.0,8205.0,4499.379310344828,6805.379310344828,41984.0,88.27586206896552,882.7586206896551,353.1034482758621,353.1034482758621,0.0,0.0,0.0,0.0,0.0,0.0,0.0,25600.0,7168.0,5120.0,0.0,0.0,0.0,3.011056162467825,0.0,179.0,0.0,0.0,0.0,1.0,10053.754310344828,29.36637931034483,1.4870689655172413,44.76293103448276,63.65948275862069,370.63793103448273
l4,512,128,2,0,reduce_kernel,375296.0,0.0,7818.666666666667,10880.0,3533.362068965517,8192.0,2937.625,44.32585864320181,17615.0,16830.0,80.0,3533.362068965517,8554.551724137931,145408.0,114.75862068965517,3266.206896551724,670.8965517241379,670.8965517241379,0.0,0.0,0.0,0.0,0.0,0.0,0.0,94720.0,16384.0,6656.0,0.0,0.0,0.0,7.952410896397158,0.0,52.0,11.0,0.0,8.0,4.0,3536.112068965517,423.7586206896552,1.3836206896551724,503.7068965517241,389.8663793103448,1449.9525862068965
l4,512,128,2,0,vectorized_elementwise_kernel,4608.0,0.0,96.0,3872.0,18.344827586206897,0.0,187.25,79.17570498915401,922.0,654.0,51.0,18.344827586206897,2999.310344827586,112.0,0.13793103448275862,1.2413793103448276,0.8275862068965517,0.8275862068965517,0.0,0.0,0.0,0.0,0.0,0.0,0.0,36.0,20.0,8.0,0.0,0.0,0.0,0.020119567716716486,0.0,0.0,0.0,0.0,0.0,0.0,0.0,0.0,0.0,0.0,0.2413793103448276,2.0
l4,512,128,2,0,elementwise_kernel,1230208.0,0.0,25629.333333333332,10240.0,5764.672413793103,40960.0,4610.708333333333,51.81835311852271,68991.0,35246.0,32871.0,5764.672413793103,8036.172413793103,389120.0,635.5862068965517,6638.3448275862065,3954.7586206896553,3954.7586206896553,0.0,0.0,0.0,0.0,0.0,0.0,0.0,192512.0,98304.0,36864.0,0.0,0.0,0.0,22.778739664190795,0.0,155.0,7.0,0.0,17.0,2.0,25292.0,2688.0344827586205,38.93103448275862,2945.2456896551726,657.073275862069,4683.797413793103
l4,512,128,2,0,vectorized_elementwise_kernel,1182720.0,0.0,24640.0,8480.0,4399.431034482759,32768.0,4065.625,35.36152261355833,50965.0,33662.0,16397.0,4399.431034482759,6638.827586206897,23552.0,88.27586206896552,211.86206896551724,423.7241379310345,423.7241379310345,0.0,0.0,0.0,0.0,0.0,0.0,0.0,6144.0,8192.0,5120.0,0.0,0.0,0.0,1.8896798354507964,0.0,181.0,1.0,0.0,0.0,1.0,9745.469827586207,47.69827586206897,1.1077586206896552,50.577586206896555,62.133620689655174,357.82758620689657
l4,512,128,2,0,Kernel2,1625344.0,0.0,33861.333333333336,24800.0,13180.879310344828,98304.0,13179.583333333334,88.87594079358233,155321.0,105244.0,49165.0,13180.879310344828,19627.41379310345,1476928.0,2429.793103448276,6609.6551724137935,37457.65517241379,17491.862068965518,19965.793103448275,0.0,0.0,0.0,33554432.0,393216.0,0.0,191680.0,1082304.0,140928.0,0.0,0.0,0.0,32.51240787427858,3.0,70.0,0.0,0.0,0.0,54.0,1115.0646551724137,46.168103448275865,49.15948275862069,0.0,912.5301724137931,910.6163793103449
l4,512,128,2,0,splitKreduce_kernel,1786624.0,0.0,37221.333333333336,12832.0,6542.482758620689,49152.0,7025.291666666667,17.10953448679763,59762.0,50501.0,8349.0,6542.482758620689,10101.172413793103,219136.0,494.3448275862069,3460.4137931034484,2401.103448275862,1772.0,629.1034482758621,0.0,0.0,393216.0,0.0,65536.0,0.0,100352.0,51200.0,28672.0,0.0,0.0,0.0,10.519093038022216,2.0,256.0,6.0,0.0,6.0,0.0,33446.370689655174,766.4051724137931,428.9568965517241,1058.155172413793,5.538793103448276,3289.8663793103447
l4,512,128,2,0,vectorized_elementwise_kernel,295040.0,0.0,6146.666666666667,5376.0,2021.1206896551723,8192.0,1625.9583333333333,39.850435032717336,13907.0,9078.0,4109.0,2021.1206896551723,4194.9655172413795,5888.0,22.06896551724138,52.96551724137931,105.93103448275862,105.93103448275862,0.0,0.0,0.0,0.0,0.0,0.0,0.0,1536.0,2048.0,1280.0,0.0,0.0,0.0,0.7628191428148684,0.0,57.0,0.0,0.0,0.0,1.0,959.9051724137931,0.08189655172413793,0.0,0.31896551724137934,15.491379310344827,79.19396551724138
l4,512,128,0,0,fmha_cutlassF_f16_aligned_64x128_rf_sm80,506496.0,0.0,10552.0,55328.0,5794.241379310345,81920.0,8358.333333333334,89.64041095890411,95776.0,89795.0,5141.0,5794.241379310345,43939.275862068964,411844.0,768.0344827586207,4653.931034482759,3731.896551724138,2039.3103448275863,1692.5862068965516,0.0,9039.448275862069,607251.0,16384.0,788499.0,0.0,134964.0,105217.0,44546.0,65536.0,0.6754619816219721,8607.0,4.062532617507391,19.0,5.0,86.0,0.0,20.0,22.0,223.34913793103448,2862.9224137931033,309.0258620689655,773.7887931034483,794.698275862069,2218.612068965517
l4,512,128,1,0,fmha_cutlassF_f16_aligned_64x128_rf_sm80,506112.0,0.0,10544.0,55232.0,5789.051724137931,81920.0,8295.583333333334,89.75066645758194,95655.0,89792.0,5239.0,5789.051724137931,43893.724137931036,411844.0,768.0344827586207,4653.931034482759,3731.896551724138,2039.3103448275863,1692.5862068965516,0.0,9039.448275862069,607251.0,16384.0,788499.0,0.0,134964.0,105217.0,44546.0,65536.0,0.6761629578653142,8607.0,4.066748604387714,20.0,5.0,88.0,0.0,21.0,22.0,214.75,2859.293103448276,311.5431034482759,773.5215517241379,791.3103448275862,2218.4741379310344
l4,512,128,2,0,fmha_cutlassF_f16_aligned_64x128_rf_sm80,506496.0,0.0,10552.0,55296.0,5783.724137931034,81920.0,8536.708333333334,89.53038472368517,95887.0,89781.0,5266.0,5783.724137931034,43939.41379310345,411844.0,768.0344827586207,4653.931034482759,3731.896551724138,2040.3793103448277,1691.5172413793102,0.0,9039.448275862069,607251.0,16384.0,788499.0,0.0,134964.0,105217.0,44546.0,65536.0,0.67545986126665,8607.0,4.062519864735377,15.0,8.0,91.0,0.0,30.0,22.0,221.03879310344828,2858.9741379310344,310.62068965517244,774.8103448275862,789.9008620689655,2218.676724137931
l4,512,128,0,0,flash_fwd_splitkv_kernel,488320.0,0.0,10173.333333333334,19808.0,6982.517241379311,81920.0,6339.625,88.05360235607735,125293.0,90353.0,33596.0,6982.517241379311,15655.51724137931,204032.0,582.6206896551724,1862.6206896551723,2427.5862068965516,1077.3793103448277,1350.2068965517242,0.0,9039.448275862069,540672.0,24576.0,540672.0,0.0,54016.0,67584.0,33792.0,32768.0,2.1708772934516865,9856.0,5.7373185612651705,24.0,47.0,64.0,0.0,0.0,10.0,933.6508620689655,1091.1939655172414,220.45258620689654,0.0,184.92672413793105,1280.7456896551723
l4,512,128,0,0,flash_fwd_splitkv_combine_kernel,1168256.0,0.0,24338.666666666668,13440.0,8288.310344827587,33280.0,4468.0,19.82552779025509,42299.0,36965.0,4432.0,8288.310344827587,10589.51724137931,308096.0,156.68965517241378,5124.413793103448,4060.689655172414,3665.551724137931,395.13793103448273,0.0,0.0,73728.0,358400.0,20480.0,0.0,148608.0,100736.0,9088.0,0.0,7.210774480944069,22144.0,12.853309714226171,0.0,167.0,6.0,0.0,4.0,34.0,6807.2155172413795,261.82758620689657,69.04310344827586,278.41379310344826,1344.8060344827586,3241.668103448276
l4,512,128,1,0,flash_fwd_splitkv_kernel,485888.0,0.0,10122.666666666666,19680.0,6972.103448275862,81920.0,6363.75,88.21674861119979,125288.0,90355.0,33589.0,6972.103448275862,15572.206896551725,204032.0,582.6206896551724,1862.6206896551723,2427.5862068965516,1077.2758620689656,1350.3103448275863,0.0,9039.448275862069,540672.0,24576.0,540672.0,0.0,54016.0,67584.0,33792.0,32768.0,2.182491352852341,9856.0,5.768012861109758,25.0,55.0,61.0,0.0,0.0,10.0,945.5129310344828,1090.896551724138,220.96120689655172,0.0,185.4094827586207,1280.8922413793102
l4,512,128,1,0,flash_fwd_splitkv_combine_kernel,1169024.0,0.0,24354.666666666668,13408.0,8302.603448275862,33280.0,4493.291666666667,19.789904117315285,42552.0,36963.0,4471.0,8302.603448275862,10579.931034482759,308096.0,156.68965517241378,5124.413793103448,4060.689655172414,3665.3793103448274,395.3103448275862,0.0,0.0,73728.0,358400.0,20480.0,0.0,148608.0,100736.0,9088.0,0.0,7.217307980626951,22144.0,12.864955771825642,0.0,175.0,8.0,0.0,12.0,38.0,6811.9094827586205,261.89224137931035,69.11637931034483,277.86206896551727,1345.530172413793,3241.8275862068967
l4,512,128,2,0,flash_fwd_splitkv_kernel,488064.0,0.0,10168.0,19808.0,7002.3448275862065,81920.0,6465.458333333333,88.79684607035688,125304.0,90353.0,33607.0,7002.3448275862065,15685.51724137931,204032.0,582.6206896551724,1862.6206896551723,2427.5862068965516,1077.2758620689656,1350.3103448275863,0.0,9039.448275862069,540672.0,24576.0,540672.0,0.0,54016.0,67584.0,33792.0,32768.0,2.166725290186423,9856.0,5.7263454097784035,25.0,58.0,64.0,0.0,0.0,9.0,933.0043103448276,1091.1637931034484,220.76724137931035,0.0,184.9698275862069,1280.8103448275863
l4,512,128,2,0,flash_fwd_splitkv_combine_kernel,1178752.0,0.0,24557.333333333332,13920.0,8504.879310344828,33280.0,4646.125,19.855570024860896,42235.0,36984.0,4349.0,8504.879310344828,10993.551724137931,308096.0,156.68965517241378,5124.413793103448,4060.689655172414,3664.1724137931033,396.51724137931035,0.0,0.0,73728.0,358400.0,20480.0,0.0,148608.0,100736.0,9088.0,0.0,6.945764444988129,22144.0,12.380925495509908,0.0,174.0,7.0,0.0,9.0,39.0,6667.306034482759,274.67672413793105,69.21551724137932,290.10775862068965,1346.7887931034484,3243.918103448276
l4,512,128,0,0,cudnn_generated_fort_native_sdpa_sm80_flash_fprop_wmma_f16_knob_3_64x64x128_4x1x1_kernel0_0,487168.0,0.0,10149.333333333334,36992.0,3743.551724137931,69632.0,11132.208333333334,83.49918125708528,79390.0,73687.0,4863.0,3743.551724137931,29348.03448275862,173952.0,438.62068965517244,1319.7241379310344,2172.689655172414,872.2068965517242,1300.4827586206898,0.0,9039.448275862069,544768.0,16384.0,1130496.0,0.0,38272.0,62368.0,25440.0,32768.0,1.0753231432992636,9152.0,2.5811515310312743,1.0,12.0,68.0,0.0,0.0,6.0,210.2198275862069,1093.530172413793,75.17241379310344,0.0,98.09913793103448,906.1724137931035
l4,512,128,1,0,cudnn_generated_fort_native_sdpa_sm80_flash_fprop_wmma_f16_knob_3_64x64x128_4x1x1_kernel0_0,487168.0,0.0,10149.333333333334,37024.0,3750.5689655172414,69632.0,11130.416666666666,83.43130467619108,79445.0,73753.0,4852.0,3750.5689655172414,29373.206896551725,173952.0,438.62068965517244,1319.7241379310344,2172.689655172414,872.1724137931035,1300.5172413793102,0.0,9039.448275862069,544768.0,16384.0,1130496.0,0.0,38272.0,62368.0,25440.0,32768.0,1.0744016069065991,9152.0,2.578939521473358,0.0,15.0,52.0,0.0,0.0,6.0,207.04741379310346,1093.530172413793,75.16379310344827,0.0,98.24568965517241,906.1810344827586
l4,512,128,2,0,cudnn_generated_fort_native_sdpa_sm80_flash_fprop_wmma_f16_knob_3_64x64x128_4x1x1_kernel0_0,486144.0,0.0,10128.0,36992.0,3742.4655172413795,69632.0,11549.958333333334,83.28176878961666,79512.0,73759.0,4913.0,3742.4655172413795,29339.793103448275,173952.0,438.62068965517244,1319.7241379310344,2172.689655172414,872.1724137931035,1300.5172413793102,0.0,9039.448275862069,544768.0,16384.0,1130496.0,0.0,38272.0,62368.0,25440.0,32768.0,1.075625195391924,9152.0,2.5818765616662787,0.0,9.0,65.0,0.0,0.0,8.0,209.6293103448276,1093.530172413793,75.17241379310344,0.0,98.16810344827586,906.1853448275862
l4,1024,64,0,0,unrolled_elementwise_kernel,195072.0,0.0,4064.0,8736.0,4544.413793103448,4096.0,2905.9583333333335,69.491344873502,18775.0,9273.0,8568.0,4544.413793103448,6862.517241379311,97792.0,97.10344827586206,1165.2413793103449,706.2068965517242,706.2068965517242,0.0,0.0,0.0,0.0,0.0,0.0,65536.0,33792.0,20480.0,5632.0,0.0,0.0,0.0,6.457869586408928,0.0,92.0,2.0,0.0,1.0,3.0,3679.9655172413795,24.767241379310345,0.0,49.24568965517241,166.56465517241378,1794.4568965517242
l4,1024,64,0,0,unrolled_elementwise_kernel,192640.0,0.0,4013.3333333333335,8672.0,4568.9655172413795,4096.0,2799.875,71.76788272897609,18146.0,9238.0,8210.0,4568.9655172413795,6796.620689655172,97792.0,97.10344827586206,1165.2413793103449,706.2068965517242,706.2068965517242,0.0,0.0,0.0,0.0,0.0,0.0,65536.0,33792.0,20480.0,5632.0,0.0,0.0,0.0,6.520481781006788,0.0,97.0,0.0,0.0,2.0,4.0,3639.853448275862,25.91810344827586,0.0,48.90948275862069,167.84913793103448,1794.4827586206898
l4,1024,64,0,0,unrolled_elementwise_kernel,192768.0,0.0,4016.0,8768.0,4624.724137931034,4096.0,2959.4583333333335,71.77548429825045,18119.0,9238.0,8205.0,4624.724137931034,6880.137931034483,97792.0,97.10344827586206,1165.2413793103449,706.2068965517242,706.2068965517242,0.0,0.0,0.0,0.0,0.0,0.0,65536.0,33792.0,20480.0,5632.0,0.0,0.0,0.0,6.4413303662717265,0.0,89.0,1.0,0.0,0.0,2.0,3801.7413793103447,23.80603448275862,0.0,47.0948275862069,160.98706896551724,1794.4655172413793
l4,1024,64,0,0,vectorized_elementwise_kernel,286976.0,0.0,5978.666666666667,5312.0,1965.2586206896551,8192.0,1693.875,54.73940197866578,18093.0,9036.0,8205.0,1965.2586206896551,4127.448275862069,6656.0,22.06896551724138,35.310344827586206,150.06896551724137,114.75862068965517,35.310344827586206,0.0,0.0,0.0,0.0,65536.0,0.0,1024.0,3328.0,1280.0,0.0,0.0,0.0,0.8555006015238604,0.0,54.0,0.0,0.0,0.0,0.0,988.4698275862069,0.0603448275862069,0.0,0.34051724137931033,15.551724137931034,69.0603448275862
l4,1024,64,0,0,vectorized_elementwise_kernel,288384.0,0.0,6008.0,5440.0,1941.0,8192.0,1685.125,53.618638466622606,18156.0,9030.0,8274.0,1941.0,4226.931034482759,6656.0,22.06896551724138,35.310344827586206,150.06896551724137,114.75862068965517,35.310344827586206,0.0,0.0,0.0,0.0,65536.0,0.0,1024.0,3328.0,1280.0,0.0,0.0,0.0,0.8353660028878863,0.0,49.0,0.0,0.0,0.0,1.0,998.7629310344828,0.04741379310344827,0.0,0.3103448275862069,15.439655172413794,69.10344827586206
l4,1024,64,0,0,ampere_sgemm_128x32_tn,627328.0,0.0,13069.333333333334,41728.0,27462.94827586207,327680.0,29136.375,99.0609090769268,455121.0,321990.0,131787.0,27462.94827586207,33259.793103448275,3745792.0,9569.103448275862,31002.48275862069,74575.44827586207,20951.55172413793,53623.89655172414,0.0,0.0,0.0,67108864.0,1048576.0,0.0,899072.0,2150400.0,555008.0,0.0,0.0,0.0,48.77641690184068,2.0,187.0,53.0,0.0,284.0,47.0,15705.331896551725,5353.517241379311,29521.685344827587,38398.2025862069,6795.232758620689,20935.094827586207
l4,1024,64,0,0,softmax_warp_forward,4761984.0,0.0,99208.0,46752.0,20014.689655172413,131072.0,20222.125,50.82506037027099,268344.0,135247.0,131753.0,20014.689655172413,37536.65517241379,1197449.0,1889.103448275862,10453.241379310344,15592.137931034482,3638.7241379310344,11953.413793103447,0.0,0.0,3311538.0,9456118.0,1048576.0,0.0,303144.0,451148.0,109568.0,0.0,9.042104131777398,98429.0,13.870591320851435,15.0,496.0,1.0,0.0,19.0,149.0,31174.362068965518,282.6034482758621,217.92241379310346,1670.9870689655172,10420.176724137931,11499.318965517241
l4,1024,64,0,0,vectorized_elementwise_kernel,4730240.0,0.0,98546.66666666667,20544.0,13874.258620689656,131072.0,13912.75,20.813671417709603,165718.0,132020.0,32786.0,13874.258620689656,16250.310344827587,167936.0,353.1034482758621,3531.0344827586205,1412.4137931034484,1412.4137931034484,0.0,0.0,0.0,0.0,0.0,0.0,0.0,102400.0,28672.0,20480.0,0.0,0.0,0.0,4.7701211011354685,0.0,677.0,1.0,0.0,1.0,4.0,102294.61206896552,283.58620689655174,385.29741379310343,533.2112068965517,537.9956896551724,1431.396551724138
l4,1024,64,0,0,reduce_kernel,1370240.0,0.0,28546.666666666668,14656.0,8682.241379310344,32768.0,5833.583333333333,18.696571160169093,42580.0,41411.0,257.0,8682.241379310344,11546.48275862069,380928.0,300.13793103448273,9216.0,1624.2758620689656,1624.2758620689656,0.0,0.0,0.0,0.0,0.0,0.0,0.0,267264.0,36864.0,17408.0,0.0,0.0,0.0,15.144147493788227,0.0,201.0,15.0,0.0,16.0,6.0,15076.146551724138,1135.2112068965516,19.17241379310345,1360.4612068965516,775.6034482758621,3419.1293103448274
l4,1024,64,0,0,vectorized_elementwise_kernel,4480.0,0.0,93.33333333333333,3904.0,18.362068965517242,0.0,157.83333333333334,84.25821064552662,883.0,652.0,14.0,18.362068965517242,3008.2758620689656,112.0,0.13793103448275862,1.2413793103448276,0.8275862068965517,0.8275862068965517,0.0,0.0,0.0,0.0,0.0,0.0,0.0,36.0,20.0,8.0,0.0,0.0,0.0,0.02005960568546538,0.0,0.0,0.0,0.0,0.0,0.0,0.0,0.0,0.0,0.0,0.2413793103448276,2.0
l4,1024,64,0,0,elementwise_kernel,4828928.0,256.0,100608.0,22688.0,15741.172413793103,163840.0,14946.625,50.62479195419065,267369.0,134744.0,131497.0,15741.172413793103,17948.48275862069,1556480.0,2542.344827586207,26553.379310344826,15819.034482758621,15819.034482758621,0.0,0.0,0.0,0.0,0.0,0.0,0.0,770048.0,393216.0,147456.0,0.0,0.0,0.0,38.228810042535535,0.0,554.0,33.0,0.0,44.0,6.0,97424.40086206897,6262.297413793103,36.400862068965516,7261.810344827586,1945.5905172413793,18089.17672413793
l4,1024,64,0,0,vectorized_elementwise_kernel,4711168.0,0.0,98149.33333333333,20416.0,13805.620689655172,131072.0,13994.75,33.8644494834971,198450.0,131984.0,65554.0,13805.620689655172,16112.448275862069,94208.0,353.1034482758621,847.448275862069,1694.896551724138,1694.896551724138,0.0,0.0,0.0,0.0,0.0,0.0,0.0,24576.0,32768.0,20480.0,0.0,0.0,0.0,2.8402755633361227,3.0,572.0,2.0,0.0,4.0,9.0,94480.61206896552,582.3362068965517,435.2801724137931,646.823275862069,1771.3146551724137,1384.4956896551723
l4,1024,64,0,0,ampere_sgemm_32x128_nn,5489536.0,0.0,114365.33333333333,42432.0,30417.189655172413,559104.0,31078.458333333332,92.24842169186445,586229.0,526787.0,58098.0,30417.189655172413,33741.48275862069,3396736.0,8748.137931034482,21049.379310344826,75904.0,23796.896551724138,52107.10344827586,0.0,0.0,0.0,69206016.0,458752.0,0.0,610432.0,2192256.0,507392.0,0.0,0.0,0.0,43.54580415185237,2.0,423.0,14.0,0.0,233.0,108.0,30169.185344827587,1231.676724137931,10797.366379310344,15518.362068965518,7302.7801724137935,15057.689655172413
l4,1024,64,0,0,splitKreduce_kernel,2073344.0,0.0,43194.666666666664,13472.0,7068.327586206897,57344.0,7582.541666666667,15.032583591991644,67979.0,58772.0,8295.0,7068.327586206897,10615.206896551725,219136.0,494.3448275862069,3460.4137931034484,2401.103448275862,1769.103448275862,632.0,0.0,0.0,458752.0,0.0,65536.0,0.0,100352.0,51200.0,28672.0,0.0,0.0,0.0,10.009631595531458,1.0,294.0,3.0,0.0,11.0,0.0,37049.900862068964,760.6853448275862,421.5215517241379,1058.6594827586207,5.331896551724138,3288.7672413793102
l4,1024,64,0,0,vectorized_elementwise_kernel,287744.0,0.0,5994.666666666667,5280.0,1884.6206896551723,8192.0,1509.5,39.76675545317112,13891.0,9080.0,4109.0,1884.6206896551723,4109.103448275862,5888.0,22.06896551724138,52.96551724137931,105.93103448275862,105.93103448275862,0.0,0.0,0.0,0.0,0.0,0.0,0.0,1536.0,2048.0,1280.0,0.0,0.0,0.0,0.7787586855090463,0.0,52.0,0.0,0.0,0.0,2.0,969.3577586206897,0.08620689655172414,0.0,0.3620689655172414,15.504310344827585,79.1853448275862
l4,1024,64,1,0,unrolled_elementwise_kernel,192512.0,0.0,4010.6666666666665,8704.0,4529.310344827586,4096.0,2889.875,71.24679154606521,18311.0,9221.0,8372.0,4529.310344827586,6837.620689655172,97792.0,97.10344827586206,1165.2413793103449,706.2068965517242,706.2068965517242,0.0,0.0,0.0,0.0,0.0,0.0,65536.0,33792.0,20480.0,5632.0,0.0,0.0,0.0,6.48138342133531,0.0,85.0,0.0,0.0,0.0,3.0,3717.478448275862,24.392241379310345,0.0,47.293103448275865,161.82327586206895,1794.4913793103449
l4,1024,64,1,0,unrolled_elementwise_kernel,191360.0,0.0,3986.6666666666665,8768.0,4576.379310344828,4096.0,2946.875,69.10469926805982,18854.0,9208.0,8516.0,4576.379310344828,6872.724137931034,97792.0,97.10344827586206,1165.2413793103449,706.2068965517242,706.2068965517242,0.0,0.0,0.0,0.0,0.0,0.0,65536.0,33792.0,20480.0,5632.0,0.0,0.0,0.0,6.448278803265281,0.0,101.0,0.0,0.0,1.0,4.0,3651.6336206896553,25.74137931034483,0.0,48.34051724137931,167.68965517241378,1794.469827586207
l4,1024,64,1,0,unrolled_elementwise_kernel,195712.0,0.0,4077.3333333333335,8864.0,4644.103448275862,4096.0,3122.4583333333335,71.72006838361,18133.0,9248.0,8209.0,4644.103448275862,6957.551724137931,97792.0,97.10344827586206,1165.2413793103449,706.2068965517242,706.2068965517242,0.0,0.0,0.0,0.0,0.0,0.0,65536.0,33792.0,20480.0,5632.0,0.0,0.0,0.0,6.369660354167389,0.0,96.0,0.0,0.0,2.0,3.0,3744.051724137931,24.064655172413794,0.0,46.74568965517241,158.23275862068965,1794.5043103448277
l4,1024,64,1,0,vectorized_elementwise_kernel,287232.0,0.0,5984.0,5280.0,1930.103448275862,8192.0,1657.9166666666667,53.79344642758469,18097.0,9040.0,8205.0,1930.103448275862,4120.206896551724,6656.0,22.06896551724138,35.310344827586206,150.06896551724137,114.75862068965517,35.310344827586206,0.0,0.0,0.0,0.0,65536.0,0.0,1024.0,3328.0,1280.0,0.0,0.0,0.0,0.8570041678523007,0.0,53.0,0.0,0.0,0.0,1.0,973.6551724137931,0.08189655172413793,0.0,0.28879310344827586,15.487068965517242,69.13362068965517
l4,1024,64,1,0,vectorized_elementwise_kernel,288768.0,0.0,6016.0,5408.0,1921.396551724138,8192.0,1666.375,53.79344642758469,18097.0,9040.0,8205.0,1921.396551724138,4219.172413793103,6656.0,22.06896551724138,35.310344827586206,150.06896551724137,114.75862068965517,35.310344827586206,0.0,0.0,0.0,0.0,65536.0,0.0,1024.0,3328.0,1280.0,0.0,0.0,0.0,0.8369021543692177,0.0,54.0,0.0,0.0,0.0,1.0,984.3405172413793,0.021551724137931036,0.0,0.28448275862068967,15.5,69.12931034482759
l4,1024,64,1,0,ampere_sgemm_128x32_tn,627712.0,0.0,13077.333333333334,41632.0,27636.44827586207,327680.0,29031.541666666668,99.08534108103241,455361.0,322173.0,131844.0,27636.44827586207,33127.31034482759,3745792.0,9569.103448275862,31002.48275862069,74575.44827586207,21038.03448275862,53537.41379310345,0.0,0.0,0.0,67108864.0,1048576.0,0.0,899072.0,2150400.0,555008.0,0.0,0.0,0.0,48.97101516406923,1.0,174.0,52.0,0.0,255.0,80.0,16033.935344827587,5323.961206896552,29798.362068965518,38353.78017241379,6840.775862068966,20924.672413793105
l4,1024,64,1,0,softmax_warp_forward,4761472.0,0.0,99197.33333333333,47104.0,20120.672413793105,131072.0,20321.916666666668,50.74495827861626,268807.0,135625.0,131838.0,20120.672413793105,37803.8275862069,1197449.0,1889.103448275862,10453.241379310344,15592.137931034482,3642.2413793103447,11949.896551724138,0.0,0.0,3311538.0,9456118.0,1048576.0,0.0,303144.0,451148.0,109568.0,0.0,8.978200528864527,98429.0,13.772563168662908,23.0,487.0,5.0,0.0,19.0,168.0,31068.60775862069,282.5086206896552,215.55172413793105,1686.8318965517242,10582.827586206897,11502.797413793103
l4,1024,64,1,0,vectorized_elementwise_kernel,4726144.0,0.0,98461.33333333333,20480.0,13934.534482758621,131072.0,13931.458333333334,20.779314752951674,165838.0,132019.0,32907.0,13934.534482758621,16200.551724137931,167936.0,353.1034482758621,3531.0344827586205,1412.4137931034484,1412.4137931034484,0.0,0.0,0.0,0.0,0.0,0.0,0.0,102400.0,28672.0,20480.0,0.0,0.0,0.0,4.784851942036883,1.0,669.0,0.0,0.0,1.0,2.0,102810.7974137931,282.32327586206895,388.4353448275862,532.4827586206897,510.7715517241379,1430.1422413793102
l4,1024,64,1,0,reduce_kernel,1370240.0,0.0,28546.666666666668,14720.0,8643.48275862069,32768.0,5741.833333333333,18.75866607130267,42551.0,41415.0,224.0,8643.48275862069,11610.379310344828,380928.0,300.13793103448273,9216.0,1624.2758620689656,1624.2758620689656,0.0,0.0,0.0,0.0,0.0,0.0,0.0,267264.0,36864.0,17408.0,0.0,0.0,0.0,15.060357706095317,0.0,216.0,11.0,0.0,7.0,9.0,15376.379310344828,1068.948275862069,17.198275862068964,1352.7327586206898,780.9870689655172,3418.719827586207
l4,1024,64,1,0,vectorized_elementwise_kernel,4480.0,0.0,93.33333333333333,3904.0,18.43103448275862,0.0,163.58333333333334,84.26966292134831,890.0,654.0,19.0,18.43103448275862,3026.448275862069,112.0,0.13793103448275862,1.2413793103448276,0.8275862068965517,0.8275862068965517,0.0,0.0,0.0,0.0,0.0,0.0,0.0,36.0,20.0,8.0,0.0,0.0,0.0,0.01993915708637643,0.0,0.0,0.0,0.0,0.0,0.0,0.0,0.0,0.0,0.0,0.2413793103448276,2.0
l4,1024,64,1,0,elementwise_kernel,4828544.0,0.0,100594.66666666667,22560.0,15453.224137931034,163840.0,14591.291666666666,50.66939987805289,267329.0,134767.0,131434.0,15453.224137931034,17830.068965517243,1556480.0,2542.344827586207,26553.379310344826,15819.034482758621,15819.034482758621,0.0,0.0,0.0,0.0,0.0,0.0,0.0,770048.0,393216.0,147456.0,0.0,0.0,0.0,38.48342203793669,0.0,550.0,39.0,0.0,45.0,14.0,96210.81896551725,6205.129310344828,35.366379310344826,7363.081896551724,1956.5,18100.974137931036
l4,1024,64,1,0,vectorized_elementwise_kernel,4710400.0,0.0,98133.33333333333,20384.0,13772.413793103447,131072.0,13985.208333333334,33.86528664506604,198451.0,131986.0,65553.0,13772.413793103447,16121.724137931034,94208.0,353.1034482758621,847.448275862069,1694.896551724138,1694.896551724138,0.0,0.0,0.0,0.0,0.0,0.0,0.0,24576.0,32768.0,20480.0,0.0,0.0,0.0,2.837999700553975,4.0,563.0,2.0,0.0,5.0,11.0,95135.20689655172,582.0215517241379,514.6465517241379,646.2543103448276,1749.5387931034484,1384.2456896551723
l4,1024,64,1,0,ampere_sgemm_32x128_nn,5488896.0,0.0,114352.0,42752.0,30526.931034482757,559104.0,31422.5,92.01367335311775,588005.0,528543.0,58118.0,30526.931034482757,34027.06896551724,3396736.0,8748.137931034482,21049.379310344826,75904.0,23793.379310344826,52110.620689655174,0.0,0.0,0.0,69206016.0,458752.0,0.0,610432.0,2192256.0,507392.0,0.0,0.0,0.0,43.180125356587304,1.0,434.0,27.0,0.0,201.0,111.0,30231.306034482757,1231.978448275862,11027.318965517241,15624.534482758621,7233.211206896552,15068.560344827587
l4,1024,64,1,0,splitKreduce_kernel,2074240.0,0.0,43213.333333333336,13280.0,7079.603448275862,57344.0,7457.583333333333,15.057039817472583,67935.0,58704.0,8319.0,7079.603448275862,10454.655172413793,219136.0,494.3448275862069,3460.4137931034484,2401.103448275862,1769.655172413793,631.448275862069,0.0,0.0,458752.0,0.0,65536.0,0.0,100352.0,51200.0,28672.0,0.0,0.0,0.0,10.163349110279201,2.0,285.0,5.0,0.0,13.0,0.0,37215.05172413793,759.8922413793103,437.20258620689657,1065.2456896551723,5.448275862068965,3287.262931034483
l4,1024,64,1,0,vectorized_elementwise_kernel,288128.0,0.0,6002.666666666667,5408.0,1948.1896551724137,8192.0,1563.625,39.7436820505436,13889.0,9078.0,4109.0,1948.1896551724137,4202.137931034483,5888.0,22.06896551724138,52.96551724137931,105.93103448275862,105.93103448275862,0.0,0.0,0.0,0.0,0.0,0.0,0.0,1536.0,2048.0,1280.0,0.0,0.0,0.0,0.7615171259293299,0.0,62.0,0.0,0.0,0.0,2.0,931.0603448275862,0.07327586206896551,0.0,0.28448275862068967,15.435344827586206,79.1853448275862
l4,1024,64,2,0,unrolled_elementwise_kernel,191744.0,0.0,3994.6666666666665,8704.0,4562.5344827586205,4096.0,2849.375,71.47161954854262,18252.0,9236.0,8298.0,4562.5344827586205,6838.586206896552,97792.0,97.10344827586206,1165.2413793103449,706.2068965517242,706.2068965517242,0.0,0.0,0.0,0.0,0.0,0.0,65536.0,33792.0,20480.0,5632.0,0.0,0.0,0.0,6.480468336367166,0.0,97.0,1.0,0.0,0.0,3.0,3655.5862068965516,24.926724137931036,0.0,48.27155172413793,169.76724137931035,1794.4612068965516
l4,1024,64,2,0,unrolled_elementwise_kernel,193536.0,0.0,4032.0,8800.0,4619.413793103448,4096.0,2840.9583333333335,71.78201454705753,18148.0,9240.0,8210.0,4619.413793103448,6904.9655172413795,97792.0,97.10344827586206,1165.2413793103449,706.2068965517242,706.2068965517242,0.0,0.0,0.0,0.0,0.0,0.0,65536.0,33792.0,20480.0,5632.0,0.0,0.0,0.0,6.4181698328039785,0.0,99.0,0.0,0.0,4.0,10.0,3695.9310344827586,24.482758620689655,0.0,48.952586206896555,166.02586206896552,1794.5043103448277
l4,1024,64,2,0,unrolled_elementwise_kernel,193536.0,0.0,4032.0,8768.0,4592.448275862069,4096.0,3157.5416666666665,70.21759084282706,18521.0,9224.0,8405.0,4592.448275862069,6883.9655172413795,97792.0,97.10344827586206,1165.2413793103449,706.2068965517242,706.2068965517242,0.0,0.0,0.0,0.0,0.0,0.0,65536.0,33792.0,20480.0,5632.0,0.0,0.0,0.0,6.437748891727402,0.0,96.0,0.0,0.0,1.0,6.0,3712.948275862069,24.155172413793103,0.0,46.706896551724135,164.1551724137931,1794.396551724138
l4,1024,64,2,0,vectorized_elementwise_kernel,286976.0,0.0,5978.666666666667,5248.0,1918.844827586207,8192.0,1642.1666666666667,55.887716196054605,18097.0,9040.0,8205.0,1918.844827586207,4099.0,6656.0,22.06896551724138,35.310344827586206,150.06896551724137,114.75862068965517,35.310344827586206,0.0,0.0,0.0,0.0,65536.0,0.0,1024.0,3328.0,1280.0,0.0,0.0,0.0,0.8614380294605076,0.0,59.0,0.0,0.0,0.0,1.0,981.1422413793103,0.07758620689655173,0.0,0.29310344827586204,15.568965517241379,69.12068965517241
l4,1024,64,2,0,vectorized_elementwise_kernel,288128.0,0.0,6002.666666666667,5440.0,1945.2068965517242,8192.0,1660.625,53.79344642758469,18097.0,9040.0,8205.0,1945.2068965517242,4230.448275862069,6656.0,22.06896551724138,35.310344827586206,150.06896551724137,114.75862068965517,35.310344827586206,0.0,0.0,0.0,0.0,65536.0,0.0,1024.0,3328.0,1280.0,0.0,0.0,0.0,0.8346714703748686,0.0,59.0,0.0,0.0,0.0,1.0,985.9439655172414,0.04741379310344827,0.0,0.3448275862068966,15.5,69.0646551724138
l4,1024,64,2,0,ampere_sgemm_128x32_tn,630272.0,0.0,13130.666666666666,41440.0,27395.103448275862,327680.0,29017.583333333332,98.88755881205137,456114.0,322920.0,131850.0,27395.103448275862,33020.137931034486,3745792.0,9569.103448275862,31002.48275862069,74575.44827586207,21072.068965517243,53503.379310344826,0.0,0.0,0.0,67108864.0,1048576.0,0.0,899072.0,2150400.0,555008.0,0.0,0.0,0.0,49.12617326521746,2.0,168.0,55.0,0.0,274.0,60.0,16468.422413793105,5327.120689655172,30041.875,38160.30603448276,6778.831896551724,20925.125
l4,1024,64,2,0,softmax_warp_forward,4761984.0,0.0,99208.0,46464.0,20072.224137931036,131072.0,20215.833333333332,50.915805517565204,268343.0,135266.0,131733.0,20072.224137931036,37222.379310344826,1197449.0,1889.103448275862,10453.241379310344,15592.137931034482,3643.9655172413795,11948.172413793103,0.0,0.0,3311538.0,9456118.0,1048576.0,0.0,303144.0,451148.0,109568.0,0.0,9.118448393578575,98429.0,13.987703448703922,21.0,487.0,3.0,0.0,17.0,159.0,31197.758620689656,284.625,222.43103448275863,1682.5560344827586,10515.75,11503.620689655172
l4,1024,64,2,0,vectorized_elementwise_kernel,4730624.0,0.0,98554.66666666667,20544.0,13951.137931034482,131072.0,13981.166666666666,20.764836330328304,165944.0,132212.0,32820.0,13951.137931034482,16247.793103448275,167936.0,353.1034482758621,3531.0344827586205,1412.4137931034484,1412.4137931034484,0.0,0.0,0.0,0.0,0.0,0.0,0.0,102400.0,28672.0,20480.0,0.0,0.0,0.0,4.768870467288926,0.0,654.0,0.0,0.0,2.0,6.0,103327.49137931035,284.8836206896552,386.50431034482756,531.5560344827586,521.2629310344828,1431.0172413793102
l4,1024,64,2,0,reduce_kernel,1370112.0,0.0,28544.0,14592.0,8682.689655172413,32768.0,5822.583333333333,18.866823792966652,42853.0,41395.0,330.0,8682.689655172413,11505.51724137931,380928.0,300.13793103448273,9216.0,1624.2758620689656,1624.2758620689656,0.0,0.0,0.0,0.0,0.0,0.0,0.0,267264.0,36864.0,17408.0,0.0,0.0,0.0,15.19881765869448,0.0,201.0,10.0,0.0,14.0,8.0,15042.948275862069,1165.1206896551723,18.810344827586206,1365.2887931034484,778.3577586206897,3419.0862068965516
l4,1024,64,2,0,vectorized_elementwise_kernel,4480.0,0.0,93.33333333333333,3904.0,18.396551724137932,0.0,171.66666666666666,83.65276211950395,887.0,656.0,14.0,18.396551724137932,3011.9655172413795,112.0,0.13793103448275862,1.2413793103448276,0.8275862068965517,0.8275862068965517,0.0,0.0,0.0,0.0,0.0,0.0,0.0,36.0,20.0,8.0,0.0,0.0,0.0,0.02003503268572475,0.0,0.0,0.0,0.0,0.0,0.0,0.0,0.0,0.0,0.0,0.2413793103448276,2.0
l4,1024,64,2,0,elementwise_kernel,4829312.0,0.0,100610.66666666667,22400.0,15381.258620689656,163840.0,14701.583333333334,50.61714558957576,267684.0,134758.0,131582.0,15381.258620689656,17710.206896551725,1556480.0,2542.344827586207,26553.379310344826,15819.034482758621,15819.034482758621,0.0,0.0,0.0,0.0,0.0,0.0,0.0,770048.0,393216.0,147456.0,0.0,0.0,0.0,38.74509341973068,0.0,559.0,28.0,0.0,35.0,11.0,96441.75,6216.896551724138,35.508620689655174,7348.918103448276,1955.2758620689656,18090.314655172413
l4,1024,64,2,0,vectorized_elementwise_kernel,4714880.0,0.0,98226.66666666667,20448.0,13785.551724137931,131072.0,13983.375,33.81158063249464,198642.0,132176.0,65554.0,13785.551724137931,16168.862068965518,94208.0,353.1034482758621,847.448275862069,1694.896551724138,1694.896551724138,0.0,0.0,0.0,0.0,0.0,0.0,0.0,24576.0,32768.0,20480.0,0.0,0.0,0.0,2.8309255550792605,3.0,560.0,1.0,0.0,4.0,8.0,94799.69396551725,584.7025862068965,569.8405172413793,646.3965517241379,1837.7844827586207,1386.073275862069
l4,1024,64,2,0,ampere_sgemm_32x128_nn,5485056.0,0.0,114272.0,43168.0,30793.758620689656,559104.0,31765.25,92.25683351082712,585936.0,526514.0,58078.0,30793.758620689656,34360.10344827586,3396736.0,8748.137931034482,21049.379310344826,75904.0,23845.58620689655,52058.41379310345,0.0,0.0,0.0,69206016.0,458752.0,0.0,610432.0,2192256.0,507392.0,0.0,0.0,0.0,42.76152775422177,2.0,445.0,15.0,0.0,221.0,116.0,31275.728448275862,1236.7112068965516,10775.034482758621,15666.353448275862,7478.383620689655,15068.48275862069
l4,1024,64,2,0,splitKreduce_kernel,2078464.0,0.0,43301.333333333336,13408.0,7064.603448275862,57344.0,7535.333333333333,14.986887023281028,68253.0,58685.0,8440.0,7064.603448275862,10580.724137931034,219136.0,494.3448275862069,3460.4137931034484,2401.103448275862,1769.344827586207,631.7586206896551,0.0,0.0,458752.0,0.0,65536.0,0.0,100352.0,51200.0,28672.0,0.0,0.0,0.0,10.040786596315355,0.0,294.0,8.0,0.0,13.0,0.0,37148.59482758621,763.5215517241379,435.21120689655174,1063.3922413793102,5.288793103448276,3290.3706896551726
l4,1024,64,2,0,vectorized_elementwise_kernel,287360.0,0.0,5986.666666666667,5248.0,1883.3793103448277,8192.0,1511.875,39.7293795883115,13894.0,9078.0,4114.0,1883.3793103448277,4080.4137931034484,5888.0,22.06896551724138,52.96551724137931,105.93103448275862,105.93103448275862,0.0,0.0,0.0,0.0,0.0,0.0,0.0,1536.0,2048.0,1280.0,0.0,0.0,0.0,0.7842341885542371,0.0,51.0,0.0,0.0,0.0,0.0,971.6206896551724,0.08620689655172414,0.0,0.3448275862068966,15.482758620689655,79.1853448275862
l4,1024,64,0,0,fmha_cutlassF_f16_aligned_64x64_rf_sm80,487296.0,0.0,10152.0,103424.0,22113.94827586207,196608.0,16161.708333333334,95.49305512802904,211163.0,204547.0,5584.0,22113.94827586207,82266.93103448275,1274254.0,2072.4310344827586,16266.379310344828,13245.827586206897,6368.586206896552,6877.241379310345,0.0,18078.896551724138,2411867.0,32768.0,3153497.0,0.0,471725.0,373185.0,120201.0,131072.0,1.4160380359812739,33783.0,6.692653351725943,0.0,129.0,107.0,0.0,0.0,94.0,2266.512931034483,2189.4913793103447,293.2931034482759,0.0,1608.4612068965516,6592.913793103448
l4,1024,64,1,0,fmha_cutlassF_f16_aligned_64x64_rf_sm80,487808.0,0.0,10162.666666666666,103424.0,22114.827586206895,196608.0,16185.291666666666,95.45592216101613,211308.0,204573.0,5703.0,22114.827586206895,82273.24137931035,1274254.0,2072.4310344827586,16266.379310344828,13245.827586206897,6368.586206896552,6877.241379310345,0.0,18078.896551724138,2411867.0,32768.0,3153497.0,0.0,471725.0,373185.0,120201.0,131072.0,1.4159294260839825,33783.0,6.6921400262539805,0.0,130.0,122.0,0.0,0.0,99.0,2259.426724137931,2189.5387931034484,293.1896551724138,0.0,1608.5172413793102,6592.698275862069
l4,1024,64,2,0,fmha_cutlassF_f16_aligned_64x64_rf_sm80,487296.0,0.0,10152.0,103456.0,22125.46551724138,196608.0,15760.208333333334,95.51467421399127,211289.0,204555.0,5702.0,22125.46551724138,82302.96551724138,1274254.0,2072.4310344827586,16266.379310344828,13245.827586206897,6369.068965517241,6876.758620689655,0.0,18078.896551724138,2411867.0,32768.0,3153497.0,0.0,471725.0,373185.0,120201.0,131072.0,1.4154180559128469,33783.0,6.689723125575566,0.0,126.0,132.0,0.0,0.0,93.0,2212.987068965517,2189.5086206896553,292.86206896551727,0.0,1609.4181034482758,6593.004310344828
l4,1024,64,0,0,flash_fwd_splitkv_kernel,507904.0,0.0,10581.333333333334,31296.0,14482.620689655172,147456.0,8819.583333333334,92.47287942969315,193580.0,158247.0,33989.0,14482.620689655172,24842.51724137931,537600.0,988.6896551724138,5367.172413793103,7468.137931034483,2917.7241379310344,4550.413793103448,0.0,18078.896551724138,2129920.0,49152.0,1344482.0,0.0,155648.0,210944.0,57344.0,65536.0,5.0103201824458345,36096.0,9.452457758042732,16.0,121.0,100.0,0.0,0.0,25.0,2197.762931034483,1917.0905172413793,451.0646551724138,0.0,395.4008620689655,2360.3060344827586
l4,1024,64,0,0,flash_fwd_splitkv_combine_kernel,1187200.0,0.0,24733.333333333332,13504.0,8353.724137931034,33280.0,4821.333333333333,19.480764691999056,42370.0,37103.0,4363.0,8353.724137931034,10645.689655172413,309632.0,156.68965517241378,5133.241379310345,4118.068965517241,3722.4137931034484,395.6551724137931,0.0,0.0,81920.0,389120.0,24576.0,0.0,148864.0,102400.0,9088.0,0.0,7.172726536561666,22144.0,12.889140821119119,0.0,178.0,7.0,0.0,5.0,24.0,6557.732758620689,244.7801724137931,57.314655172413794,285.53879310344826,1357.8189655172414,3211.7456896551726
l4,1024,64,1,0,flash_fwd_splitkv_kernel,508672.0,0.0,10597.333333333334,31200.0,14539.5,147456.0,8505.666666666666,93.06038267121758,192489.0,158270.0,33307.0,14539.5,24781.344827586207,537600.0,988.6896551724138,5367.172413793103,7468.137931034483,2918.9655172413795,4549.172413793103,0.0,18078.896551724138,2129920.0,49152.0,1344482.0,0.0,155648.0,210944.0,57344.0,65536.0,5.0226880899007735,36096.0,9.475756234876346,13.0,122.0,114.0,0.0,0.0,20.0,2186.2844827586205,1918.9827586206898,448.4181034482759,0.0,395.2931034482759,2360.4008620689656
l4,1024,64,1,0,flash_fwd_splitkv_combine_kernel,1181440.0,0.0,24613.333333333332,13760.0,8365.327586206897,33280.0,4822.416666666667,19.556720574812182,42727.0,37021.0,4586.0,8365.327586206897,10839.0,309632.0,156.68965517241378,5133.241379310345,4118.068965517241,3723.4827586206898,394.58620689655174,0.0,0.0,81920.0,389120.0,24576.0,0.0,148864.0,102400.0,9088.0,0.0,7.0448030897366145,22144.0,12.65926682382584,0.0,183.0,6.0,0.0,4.0,34.0,6689.2844827586205,246.20258620689654,57.12068965517241,280.16379310344826,1356.9310344827586,3209.3793103448274
l4,1024,64,2,0,flash_fwd_splitkv_kernel,507264.0,0.0,10568.0,31232.0,14543.965517241379,147456.0,8613.75,92.16748158692826,193884.0,158427.0,34113.0,14543.965517241379,24818.862068965518,537600.0,988.6896551724138,5367.172413793103,7468.137931034483,2918.9310344827586,4549.206896551724,0.0,18078.896551724138,2129920.0,49152.0,1344482.0,0.0,155648.0,210944.0,57344.0,65536.0,5.015095582197633,36096.0,9.461467015492943,9.0,122.0,110.0,0.0,0.0,25.0,2190.793103448276,1923.0344827586207,449.23706896551727,0.0,395.45258620689657,2360.3922413793102
l4,1024,64,2,0,flash_fwd_splitkv_combine_kernel,1180032.0,0.0,24584.0,13536.0,8368.758620689656,33280.0,4802.833333333333,19.349501252777383,42306.0,37039.0,4363.0,8368.758620689656,10655.068965517241,309632.0,156.68965517241378,5133.241379310345,4118.068965517241,3723.4137931034484,394.6551724137931,0.0,0.0,81920.0,389120.0,24576.0,0.0,148864.0,102400.0,9088.0,0.0,7.166412618892741,22144.0,12.877794930047864,0.0,166.0,8.0,0.0,4.0,45.0,6668.512931034483,246.61637931034483,57.30603448275862,274.9568965517241,1356.2887931034484,3209.719827586207
l4,1024,64,0,0,cudnn_generated_fort_native_sdpa_sm80_flash_fprop_wmma_f16_knob_6_128x64x64_4x1x1_kernel0_0,464512.0,0.0,9677.333333333334,63424.0,6629.689655172414,69632.0,13764.5,83.17891830719677,80411.0,74083.0,5488.0,6629.689655172414,50377.137931034486,405696.0,537.9310344827586,3051.0344827586205,6119.724137931034,1739.448275862069,4380.275862068966,0.0,18078.896551724138,2170880.0,65536.0,3276800.0,0.0,88480.0,176800.0,31200.0,65536.0,2.418174089642469,35328.0,3.488523119066736,0.0,10.0,128.0,0.0,0.0,9.0,203.69827586206895,2085.814655172414,83.21551724137932,0.0,198.54310344827587,1589.5129310344828
l4,1024,64,1,0,cudnn_generated_fort_native_sdpa_sm80_flash_fprop_wmma_f16_knob_6_128x64x64_4x1x1_kernel0_0,464384.0,0.0,9674.666666666666,63488.0,6638.362068965517,69632.0,13862.458333333334,82.64617968923693,80962.0,74477.0,5645.0,6638.362068965517,50434.03448275862,405696.0,537.9310344827586,3051.0344827586205,6119.724137931034,1739.448275862069,4380.275862068966,0.0,18078.896551724138,2170880.0,65536.0,3276800.0,0.0,88480.0,176800.0,31200.0,65536.0,2.415446055516697,35328.0,3.4845961300079926,0.0,12.0,122.0,0.0,0.0,9.0,201.56465517241378,2085.6508620689656,83.14655172413794,0.0,198.83189655172413,1589.5129310344828
l4,1024,64,2,0,cudnn_generated_fort_native_sdpa_sm80_flash_fprop_wmma_f16_knob_6_128x64x64_4x1x1_kernel0_0,464384.0,0.0,9674.666666666666,63424.0,6634.586206896552,69632.0,13828.666666666666,83.25638121787613,80353.0,74087.0,5426.0,6634.586206896552,50392.275862068964,405696.0,537.9310344827586,3051.0344827586205,6119.724137931034,1739.3793103448277,4380.3448275862065,0.0,18078.896551724138,2170880.0,65536.0,3276800.0,0.0,88480.0,176800.0,31200.0,65536.0,2.4174476657615838,35328.0,3.4874837139791537,0.0,14.0,124.0,0.0,0.0,15.0,203.40086206896552,2085.581896551724,83.13793103448276,0.0,198.5,1589.521551724138
l4,1024,128,0,0,unrolled_elementwise_kernel,347776.0,0.0,7245.333333333333,8928.0,4702.362068965517,8192.0,3495.0416666666665,68.92806497357226,31028.0,13315.0,16631.0,4702.362068965517,7011.758620689655,195584.0,194.20689655172413,2330.4827586206898,1412.4137931034484,1412.4137931034484,0.0,0.0,0.0,0.0,0.0,0.0,131072.0,67584.0,40960.0,11264.0,0.0,0.0,0.0,12.64083485376781,0.0,95.0,2.0,0.0,0.0,1.0,7683.474137931034,131.54741379310346,1.3362068965517242,321.1465517241379,276.9310344827586,3592.487068965517
l4,1024,128,0,0,unrolled_elementwise_kernel,348800.0,0.0,7266.666666666667,8896.0,4679.017241379311,8192.0,3370.7916666666665,69.88822068244215,30596.0,13336.0,16402.0,4679.017241379311,6980.310344827586,195584.0,194.20689655172413,2330.4827586206898,1412.4137931034484,1412.4137931034484,0.0,0.0,0.0,0.0,0.0,0.0,131072.0,67584.0,40960.0,11264.0,0.0,0.0,0.0,12.697785396361194,0.0,97.0,3.0,0.0,3.0,4.0,7786.2198275862065,136.2801724137931,1.5689655172413792,316.76293103448273,289.2844827586207,3592.7413793103447
l4,1024,128,0,0,unrolled_elementwise_kernel,350976.0,0.0,7312.0,8992.0,4713.362068965517,8192.0,3713.5416666666665,69.400804985718,30808.0,13321.0,16631.0,4713.362068965517,7067.206896551724,195584.0,194.20689655172413,2330.4827586206898,1412.4137931034484,1412.4137931034484,0.0,0.0,0.0,0.0,0.0,0.0,131072.0,67584.0,40960.0,11264.0,0.0,0.0,0.0,12.541656704838767,0.0,109.0,0.0,0.0,3.0,2.0,7655.797413793103,135.11206896551724,1.4827586206896552,282.1594827586207,259.29741379310343,3592.75
l4,1024,128,0,0,vectorized_elementwise_kernel,580480.0,0.0,12093.333333333334,6240.0,2692.948275862069,16384.0,2511.7083333333335,52.09195934794568,34537.0,17236.0,16397.0,2692.948275862069,4872.172413793103,13312.0,44.13793103448276,70.62068965517241,300.13793103448273,229.51724137931035,70.62068965517241,0.0,0.0,0.0,0.0,131072.0,0.0,2048.0,6656.0,2560.0,0.0,0.0,0.0,1.4399156363018693,0.0,97.0,0.0,0.0,1.0,1.0,3086.2672413793102,1.9396551724137931,0.0,4.318965517241379,30.301724137931036,148.2844827586207
l4,1024,128,0,0,vectorized_elementwise_kernel,581376.0,0.0,12112.0,6368.0,2695.8275862068967,16384.0,2516.2083333333335,52.07784309750658,34531.0,17234.0,16397.0,2695.8275862068967,4962.0,13312.0,44.13793103448276,70.62068965517241,300.13793103448273,229.51724137931035,70.62068965517241,0.0,0.0,0.0,0.0,131072.0,0.0,2048.0,6656.0,2560.0,0.0,0.0,0.0,1.4203637298642093,0.0,91.0,0.0,0.0,0.0,0.0,2995.3362068965516,1.7327586206896552,0.0,4.193965517241379,30.32758620689655,148.52155172413794
l4,1024,128,0,0,ampere_sgemm_128x32_tn,1259648.0,0.0,26242.666666666668,69024.0,46836.8275862069,655360.0,52018.083333333336,98.88324562477054,784416.0,650748.0,132324.0,46836.8275862069,55395.862068965514,6612992.0,16913.655172413793,41736.8275862069,146891.0344827586,45427.31034482759,101463.72413793103,0.0,0.0,0.0,134217728.0,1048576.0,0.0,1210368.0,4247552.0,980992.0,0.0,0.0,0.0,51.595623661670245,0.0,308.0,36.0,0.0,586.0,131.0,26969.564655172413,5756.551724137931,48673.15517241379,69527.59051724138,12559.620689655172,30871.745689655174
l4,1024,128,0,0,softmax_warp_forward,4760576.0,0.0,99178.66666666667,47520.0,20310.0,131072.0,20144.375,50.816252798128744,268483.0,135265.0,131874.0,20310.0,38094.55172413793,1201598.0,1889.103448275862,10541.310344827587,15616.758620689656,3647.4827586206898,11969.275862068966,0.0,0.0,3313219.0,9472449.0,1048576.0,0.0,305698.0,451862.0,109568.0,0.0,8.914479579847603,98482.0,13.71440119050421,14.0,489.0,4.0,0.0,23.0,164.0,31185.758620689656,284.9353448275862,219.29310344827587,1684.6810344827586,10703.961206896553,11555.465517241379
l4,1024,128,0,0,vectorized_elementwise_kernel,4733056.0,0.0,98605.33333333333,20608.0,13870.379310344828,131072.0,13969.916666666666,20.791302669047738,165752.0,132020.0,32820.0,13870.379310344828,16285.310344827587,167936.0,353.1034482758621,3531.0344827586205,1412.4137931034484,1412.4137931034484,0.0,0.0,0.0,0.0,0.0,0.0,0.0,102400.0,28672.0,20480.0,0.0,0.0,0.0,4.763918826782757,2.0,634.0,3.0,0.0,4.0,4.0,102378.7974137931,285.33620689655174,428.125,536.9956896551724,660.301724137931,1430.1163793103449
l4,1024,128,0,0,reduce_kernel,1370496.0,0.0,28552.0,14656.0,8691.741379310344,32768.0,5841.75,19.71893873522431,42553.0,41409.0,232.0,8691.741379310344,11569.48275862069,380928.0,300.13793103448273,9216.0,1624.2758620689656,1624.2758620689656,0.0,0.0,0.0,0.0,0.0,0.0,0.0,267264.0,36864.0,17408.0,0.0,0.0,0.0,15.112066524596516,0.0,192.0,6.0,0.0,17.0,6.0,15028.551724137931,1112.5043103448277,19.03448275862069,1341.655172413793,776.6681034482758,3420.4612068965516
l4,1024,128,0,0,vectorized_elementwise_kernel,4480.0,0.0,93.33333333333333,3840.0,18.379310344827587,0.0,159.58333333333334,84.06779661016948,885.0,654.0,14.0,18.379310344827587,2985.862068965517,112.0,0.13793103448275862,1.2413793103448276,0.8275862068965517,0.8275862068965517,0.0,0.0,0.0,0.0,0.0,0.0,0.0,36.0,20.0,8.0,0.0,0.0,0.0,0.02021018593371059,0.0,0.0,0.0,0.0,0.0,0.0,0.0,0.0,0.0,0.0,0.2413793103448276,2.0
l4,1024,128,0,0,elementwise_kernel,4830720.0,0.0,100640.0,22560.0,15488.793103448275,163840.0,14666.166666666666,50.74941101679069,267410.0,134767.0,131515.0,15488.793103448275,17854.55172413793,1556480.0,2542.344827586207,26553.379310344826,15819.034482758621,15819.034482758621,0.0,0.0,0.0,0.0,0.0,0.0,0.0,770048.0,393216.0,147456.0,0.0,0.0,0.0,38.43366996148958,1.0,555.0,38.0,0.0,34.0,9.0,96404.19827586207,6372.2198275862065,41.84051724137931,7412.051724137931,1960.2456896551723,18101.556034482757
l4,1024,128,0,0,vectorized_elementwise_kernel,4720768.0,0.0,98349.33333333333,20384.0,13867.568965517241,131072.0,13995.791666666666,33.8644494834971,198450.0,131984.0,65554.0,13867.568965517241,16115.034482758621,94208.0,353.1034482758621,847.448275862069,1694.896551724138,1694.896551724138,0.0,0.0,0.0,0.0,0.0,0.0,0.0,24576.0,32768.0,20480.0,0.0,0.0,0.0,2.8392580498827393,4.0,542.0,1.0,0.0,4.0,11.0,95009.5474137931,583.5129310344828,447.5086206896552,646.4913793103449,1691.0431034482758,1385.1379310344828
l4,1024,128,0,0,Kernel2,5846528.0,0.0,121802.66666666667,54848.0,37146.620689655174,393216.0,37039.083333333336,90.42928211379434,516001.0,400304.0,114785.0,37146.620689655174,43829.724137931036,5572672.0,8317.793103448275,21307.58620689655,147899.58620689655,69860.06896551725,78039.5172413793,0.0,0.0,0.0,134217728.0,917504.0,0.0,617920.0,4276416.0,482432.0,0.0,0.0,0.0,54.87553911610921,154.0,70.0,17.0,0.0,383.0,197.0,2377.4655172413795,523.9698275862069,4781.051724137931,13257.508620689656,6059.900862068966,2240.5086206896553
l4,1024,128,0,0,splitKreduce_kernel,4193920.0,0.0,87373.33333333333,20096.0,12716.362068965518,114688.0,13168.041666666666,13.803345318117868,134337.0,116041.0,16952.0,12716.362068965518,15885.620689655172,438272.0,988.6896551724138,6920.827586206897,4802.206896551724,3541.9310344827586,1260.2758620689656,0.0,0.0,917504.0,0.0,131072.0,0.0,200704.0,102400.0,57344.0,0.0,0.0,0.0,12.633361769372867,0.0,528.0,12.0,0.0,17.0,1.0,70124.0474137931,1300.3146551724137,593.1422413793103,1855.5603448275863,18.887931034482758,6570.193965517241
l4,1024,128,0,0,vectorized_elementwise_kernel,583552.0,0.0,12157.333333333334,6464.0,2779.293103448276,16384.0,2398.2083333333335,37.19500626114674,26353.0,17274.0,8205.0,2779.293103448276,5032.931034482759,11776.0,44.13793103448276,105.93103448275862,211.86206896551724,211.86206896551724,0.0,0.0,0.0,0.0,0.0,0.0,0.0,3072.0,4096.0,2560.0,0.0,0.0,0.0,1.2700832448357369,0.0,96.0,0.0,0.0,0.0,0.0,3024.6206896551726,2.4051724137931036,0.0,5.280172413793103,30.17241379310345,167.57327586206895
l4,1024,128,1,0,unrolled_elementwise_kernel,348160.0,0.0,7253.333333333333,8928.0,4699.431034482759,8192.0,3523.0,69.56196546453774,30751.0,13410.0,16475.0,4699.431034482759,6990.241379310345,195584.0,194.20689655172413,2330.4827586206898,1412.4137931034484,1412.4137931034484,0.0,0.0,0.0,0.0,0.0,0.0,131072.0,67584.0,40960.0,11264.0,0.0,0.0,0.0,12.679745655273114,0.0,88.0,2.0,0.0,5.0,3.0,7610.038793103448,137.53879310344828,1.5560344827586208,314.3663793103448,274.0905172413793,3592.426724137931
l4,1024,128,1,0,unrolled_elementwise_kernel,347520.0,0.0,7240.0,8992.0,4746.586206896552,8192.0,3529.8333333333335,69.7136707539786,30664.0,13404.0,16402.0,4746.586206896552,7062.413793103448,195584.0,194.20689655172413,2330.4827586206898,1412.4137931034484,1412.4137931034484,0.0,0.0,0.0,0.0,0.0,0.0,131072.0,67584.0,40960.0,11264.0,0.0,0.0,0.0,12.55016844880621,0.0,101.0,3.0,0.0,4.0,4.0,7594.443965517241,134.60344827586206,1.2413793103448276,306.9784482758621,268.0818965517241,3592.2241379310344
l4,1024,128,1,0,unrolled_elementwise_kernel,349952.0,0.0,7290.666666666667,9024.0,4680.672413793103,8192.0,3641.3333333333335,69.10766246362755,30930.0,13320.0,16557.0,4680.672413793103,7089.103448275862,195584.0,194.20689655172413,2330.4827586206898,1412.4137931034484,1412.4137931034484,0.0,0.0,0.0,0.0,0.0,0.0,131072.0,67584.0,40960.0,11264.0,0.0,0.0,0.0,12.502918515059536,0.0,96.0,2.0,0.0,1.0,4.0,7632.487068965517,136.7198275862069,1.4224137931034482,315.2931034482759,266.5344827586207,3592.5344827586205
l4,1024,128,1,0,vectorized_elementwise_kernel,580224.0,0.0,12088.0,6368.0,2751.6724137931033,16384.0,2604.0416666666665,52.072838862833656,34542.0,17236.0,16402.0,2751.6724137931033,4961.275862068966,13312.0,44.13793103448276,70.62068965517241,300.13793103448273,229.51724137931035,70.62068965517241,0.0,0.0,0.0,0.0,131072.0,0.0,2048.0,6656.0,2560.0,0.0,0.0,0.0,1.4161401752886147,0.0,95.0,0.0,0.0,0.0,1.0,3133.905172413793,2.1293103448275863,0.0,4.185344827586207,30.24137931034483,148.38362068965517
l4,1024,128,1,0,vectorized_elementwise_kernel,581632.0,0.0,12117.333333333334,6336.0,2769.448275862069,16384.0,2609.5833333333335,51.90775802355114,34648.0,17225.0,16523.0,2769.448275862069,4947.3448275862065,13312.0,44.13793103448276,70.62068965517241,300.13793103448273,229.51724137931035,70.62068965517241,0.0,0.0,0.0,0.0,131072.0,0.0,2048.0,6656.0,2560.0,0.0,0.0,0.0,1.4245711736703073,0.0,96.0,0.0,0.0,0.0,1.0,3089.1810344827586,1.831896551724138,0.0,4.306034482758621,30.301724137931036,148.41810344827587
l4,1024,128,1,0,ampere_sgemm_128x32_tn,1259264.0,0.0,26234.666666666668,68544.0,46871.03448275862,655360.0,51307.708333333336,98.83450893619626,784562.0,650841.0,132377.0,46871.03448275862,54997.137931034486,6612992.0,16913.655172413793,41736.8275862069,146891.0344827586,45373.1724137931,101517.86206896552,0.0,0.0,0.0,134217728.0,1048576.0,0.0,1210368.0,4247552.0,980992.0,0.0,0.0,0.0,51.96964011293377,0.0,295.0,44.0,0.0,568.0,126.0,26008.78879310345,5790.862068965517,48250.96982758621,69860.25431034483,12513.39224137931,30873.375
l4,1024,128,1,0,softmax_warp_forward,4766336.0,0.0,99298.66666666667,47328.0,20229.55172413793,131072.0,20202.75,50.82890838969314,268365.0,135251.0,131770.0,20229.55172413793,37999.206896551725,1201598.0,1889.103448275862,10541.310344827587,15616.758620689656,3649.0689655172414,11967.689655172413,0.0,0.0,3313219.0,9472449.0,1048576.0,0.0,305698.0,451862.0,109568.0,0.0,8.936847139277862,98482.0,13.748812361782505,15.0,474.0,2.0,0.0,23.0,152.0,31353.814655172413,284.36206896551727,217.3706896551724,1653.0991379310344,10594.659482758621,11549.435344827587
l4,1024,128,1,0,vectorized_elementwise_kernel,4733440.0,0.0,98613.33333333333,20544.0,13859.01724137931,131072.0,13953.541666666666,20.74490496081665,166142.0,132003.0,33015.0,13859.01724137931,16222.413793103447,167936.0,353.1034482758621,3531.0344827586205,1412.4137931034484,1412.4137931034484,0.0,0.0,0.0,0.0,0.0,0.0,0.0,102400.0,28672.0,20480.0,0.0,0.0,0.0,4.784063131044745,0.0,667.0,1.0,0.0,7.0,5.0,102533.01293103448,280.8189655172414,458.74568965517244,530.7112068965517,617.1551724137931,1430.9568965517242
l4,1024,128,1,0,reduce_kernel,1370368.0,0.0,28549.333333333332,14624.0,8664.844827586207,32768.0,5745.041666666667,18.806290540855848,42858.0,41401.0,329.0,8664.844827586207,11528.827586206897,380928.0,300.13793103448273,9216.0,1624.2758620689656,1624.2758620689656,0.0,0.0,0.0,0.0,0.0,0.0,0.0,267264.0,36864.0,17408.0,0.0,0.0,0.0,15.1685355450804,0.0,197.0,13.0,0.0,16.0,8.0,15294.745689655172,1110.2758620689656,18.54310344827586,1330.030172413793,779.0905172413793,3417.862068965517
l4,1024,128,1,0,vectorized_elementwise_kernel,4352.0,0.0,90.66666666666667,3872.0,18.551724137931036,0.0,168.0,84.51977401129945,885.0,654.0,14.0,18.551724137931036,2994.896551724138,112.0,0.13793103448275862,1.2413793103448276,0.8275862068965517,0.8275862068965517,0.0,0.0,0.0,0.0,0.0,0.0,0.0,36.0,20.0,8.0,0.0,0.0,0.0,0.02014921936167273,0.0,0.0,0.0,0.0,0.0,0.0,0.0,0.0,0.0,0.0,0.2413793103448276,2.0
l4,1024,128,1,0,elementwise_kernel,4825600.0,0.0,100533.33333333333,22560.0,15495.965517241379,163840.0,14641.666666666666,50.55729034378689,267724.0,134736.0,131644.0,15495.965517241379,17835.58620689655,1556480.0,2542.344827586207,26553.379310344826,15819.034482758621,15819.034482758621,0.0,0.0,0.0,0.0,0.0,0.0,0.0,770048.0,393216.0,147456.0,0.0,0.0,0.0,38.47775272991617,0.0,541.0,32.0,0.0,38.0,7.0,96252.16810344828,6204.637931034483,44.14655172413793,7281.0344827586205,1956.6681034482758,18096.672413793105
l4,1024,128,1,0,vectorized_elementwise_kernel,4716928.0,0.0,98269.33333333333,20352.0,13828.637931034482,131072.0,14007.25,33.84483670334651,198565.0,131977.0,65676.0,13828.637931034482,16082.689655172413,94208.0,353.1034482758621,847.448275862069,1694.896551724138,1694.896551724138,0.0,0.0,0.0,0.0,0.0,0.0,0.0,24576.0,32768.0,20480.0,0.0,0.0,0.0,2.8441642116818686,3.0,542.0,3.0,0.0,4.0,12.0,95196.78448275862,580.448275862069,454.2931034482759,646.1465517241379,1727.7758620689656,1383.926724137931
l4,1024,128,1,0,Kernel2,5845376.0,0.0,121778.66666666667,55136.0,37306.793103448275,393216.0,37370.958333333336,90.2110704702398,517268.0,400279.0,115645.0,37306.793103448275,44024.10344827586,5572672.0,8317.793103448275,21307.58620689655,147899.58620689655,69869.10344827586,78030.4827586207,0.0,0.0,0.0,134217728.0,917504.0,0.0,617920.0,4276416.0,482432.0,0.0,0.0,0.0,54.633541265403984,157.0,90.0,7.0,0.0,404.0,166.0,2432.094827586207,525.6293103448276,4578.887931034483,13203.478448275862,6196.741379310345,2239.810344827586
l4,1024,128,1,0,splitKreduce_kernel,4196992.0,0.0,87437.33333333333,20288.0,12713.0,114688.0,13321.125,13.815047466818042,133883.0,116055.0,16700.0,12713.0,16039.0,438272.0,988.6896551724138,6920.827586206897,4802.206896551724,3541.5172413793102,1260.6896551724137,0.0,0.0,917504.0,0.0,131072.0,0.0,200704.0,102400.0,57344.0,0.0,0.0,0.0,12.51330270396942,2.0,534.0,8.0,0.0,15.0,0.0,70798.34913793103,1300.6293103448277,612.625,1820.198275862069,19.948275862068964,6566.892241379311
l4,1024,128,1,0,vectorized_elementwise_kernel,582912.0,0.0,12144.0,6336.0,2693.448275862069,16384.0,2353.625,37.1561895367806,26359.0,17280.0,8205.0,2693.448275862069,4946.310344827586,11776.0,44.13793103448276,105.93103448275862,211.86206896551724,211.86206896551724,0.0,0.0,0.0,0.0,0.0,0.0,0.0,3072.0,4096.0,2560.0,0.0,0.0,0.0,1.2912794629225546,0.0,97.0,0.0,0.0,0.0,0.0,2974.8577586206898,2.3706896551724137,0.0,5.224137931034483,30.237068965517242,167.54310344827587
l4,1024,128,2,0,unrolled_elementwise_kernel,347264.0,0.0,7234.666666666667,9024.0,4740.706896551724,8192.0,3518.4583333333335,68.85726245290917,31057.0,13305.0,16670.0,4740.706896551724,7063.448275862069,195584.0,194.20689655172413,2330.4827586206898,1412.4137931034484,1412.4137931034484,0.0,0.0,0.0,0.0,0.0,0.0,131072.0,67584.0,40960.0,11264.0,0.0,0.0,0.0,12.548330404217925,0.0,99.0,1.0,0.0,3.0,2.0,7654.0905172413795,135.26293103448276,1.3879310344827587,320.0431034482759,270.55172413793105,3592.7586206896553
l4,1024,128,2,0,unrolled_elementwise_kernel,347648.0,0.0,7242.666666666667,8992.0,4694.396551724138,8192.0,3565.7083333333335,69.89574141255679,30597.0,13342.0,16397.0,4694.396551724138,7041.724137931034,195584.0,194.20689655172413,2330.4827586206898,1412.4137931034484,1412.4137931034484,0.0,0.0,0.0,0.0,0.0,0.0,131072.0,67584.0,40960.0,11264.0,0.0,0.0,0.0,12.58704275011018,0.0,105.0,1.0,0.0,4.0,2.0,7612.077586206897,141.18103448275863,1.3146551724137931,314.375,263.12068965517244,3592.956896551724
l4,1024,128,2,0,unrolled_elementwise_kernel,350592.0,0.0,7304.0,8992.0,4691.396551724138,8192.0,3527.25,69.71149144254278,30675.0,13332.0,16487.0,4691.396551724138,7055.413793103448,195584.0,194.20689655172413,2330.4827586206898,1412.4137931034484,1412.4137931034484,0.0,0.0,0.0,0.0,0.0,0.0,131072.0,67584.0,40960.0,11264.0,0.0,0.0,0.0,12.56262004721246,0.0,103.0,0.0,0.0,0.0,6.0,7720.728448275862,136.94827586206895,1.5560344827586208,311.42672413793105,266.7931034482759,3592.5258620689656
l4,1024,128,2,0,vectorized_elementwise_kernel,580096.0,0.0,12085.333333333334,6208.0,2695.8275862068967,16384.0,2548.2083333333335,52.07760243231504,34535.0,17234.0,16397.0,2695.8275862068967,4845.586206896552,13312.0,44.13793103448276,70.62068965517241,300.13793103448273,229.51724137931035,70.62068965517241,0.0,0.0,0.0,0.0,131072.0,0.0,2048.0,6656.0,2560.0,0.0,0.0,0.0,1.4483497245982837,0.0,101.0,0.0,0.0,1.0,4.0,3130.4137931034484,2.038793103448276,0.0,4.366379310344827,30.357758620689655,148.19396551724137
l4,1024,128,2,0,vectorized_elementwise_kernel,581120.0,0.0,12106.666666666666,6496.0,2772.810344827586,16384.0,2580.7916666666665,51.89705415620762,34659.0,17221.0,16538.0,2772.810344827586,5082.724137931034,13312.0,44.13793103448276,70.62068965517241,300.13793103448273,229.51724137931035,70.62068965517241,0.0,0.0,0.0,0.0,131072.0,0.0,2048.0,6656.0,2560.0,0.0,0.0,0.0,1.3873906878608404,0.0,93.0,0.0,0.0,0.0,0.0,3163.831896551724,1.8232758620689655,0.0,4.280172413793103,30.301724137931036,148.41379310344828
l4,1024,128,2,0,ampere_sgemm_128x32_tn,1260416.0,0.0,26258.666666666668,68672.0,46831.862068965514,655360.0,51696.875,98.9967046066587,783518.0,650984.0,131406.0,46831.862068965514,55086.44827586207,6612992.0,16913.655172413793,41736.8275862069,146891.0344827586,45528.8275862069,101362.20689655172,0.0,0.0,0.0,134217728.0,1048576.0,0.0,1210368.0,4247552.0,980992.0,0.0,0.0,0.0,51.885390799539536,1.0,318.0,49.0,0.0,569.0,123.0,26368.03448275862,5710.508620689655,48860.28448275862,69935.37931034483,12394.922413793103,30888.879310344826
l4,1024,128,2,0,softmax_warp_forward,4760576.0,0.0,99178.66666666667,47424.0,20275.862068965518,131072.0,20199.583333333332,50.82513907571009,268379.0,135253.0,131782.0,20275.862068965518,38039.10344827586,1201598.0,1889.103448275862,10541.310344827587,15616.758620689656,3653.137931034483,11963.620689655172,0.0,0.0,3313219.0,9472449.0,1048576.0,0.0,305698.0,451862.0,109568.0,0.0,8.927473906161898,98482.0,13.734392195327134,16.0,482.0,2.0,0.0,16.0,157.0,31226.82327586207,282.6551724137931,219.91379310344828,1689.8189655172414,10683.452586206897,11555.650862068966
l4,1024,128,2,0,vectorized_elementwise_kernel,4740608.0,0.0,98762.66666666667,20608.0,13892.51724137931,131072.0,13948.125,20.795066436562436,165722.0,132024.0,32786.0,13892.51724137931,16306.310344827587,167936.0,353.1034482758621,3531.0344827586205,1412.4137931034484,1412.4137931034484,0.0,0.0,0.0,0.0,0.0,0.0,0.0,102400.0,28672.0,20480.0,0.0,0.0,0.0,4.75802154021185,1.0,660.0,2.0,0.0,4.0,4.0,101912.3275862069,282.0818965517241,424.6853448275862,534.5603448275862,555.0474137931035,1431.1896551724137
l4,1024,128,2,0,reduce_kernel,1370496.0,0.0,28552.0,14624.0,8752.948275862069,32768.0,5829.083333333333,18.584729981378025,42960.0,41397.0,435.0,8752.948275862069,11530.827586206897,380928.0,300.13793103448273,9216.0,1624.2758620689656,1624.2758620689656,0.0,0.0,0.0,0.0,0.0,0.0,0.0,267264.0,36864.0,17408.0,0.0,0.0,0.0,15.164484111557025,0.0,198.0,19.0,0.0,15.0,11.0,15038.987068965518,1092.5474137931035,18.05603448275862,1340.2629310344828,778.4612068965517,3419.2586206896553
l4,1024,128,2,0,vectorized_elementwise_kernel,4480.0,0.0,93.33333333333333,3872.0,18.396551724137932,0.0,159.95833333333334,83.99098083427283,887.0,656.0,14.0,18.396551724137932,2987.9310344827586,112.0,0.13793103448275862,1.2413793103448276,0.8275862068965517,0.8275862068965517,0.0,0.0,0.0,0.0,0.0,0.0,0.0,36.0,20.0,8.0,0.0,0.0,0.0,0.020196191575302943,0.0,0.0,0.0,0.0,0.0,0.0,0.0,0.0,0.0,0.0,0.2413793103448276,2.0
l4,1024,128,2,0,elementwise_kernel,4823680.0,0.0,100493.33333333333,22784.0,15678.413793103447,163840.0,14847.958333333334,50.59427760346631,267720.0,134739.0,131637.0,15678.413793103447,18016.379310344826,1556480.0,2542.344827586207,26553.379310344826,15819.034482758621,15819.034482758621,0.0,0.0,0.0,0.0,0.0,0.0,0.0,770048.0,393216.0,147456.0,0.0,0.0,0.0,38.09220536867793,0.0,557.0,36.0,0.0,40.0,9.0,95968.66379310345,6473.129310344828,41.98275862068966,7397.422413793103,1945.4741379310344,18103.64224137931
l4,1024,128,2,0,vectorized_elementwise_kernel,4720512.0,0.0,98344.0,20352.0,13798.448275862069,131072.0,13990.625,33.863100397073346,198452.0,131986.0,65554.0,13798.448275862069,16094.551724137931,94208.0,353.1034482758621,847.448275862069,1694.896551724138,1694.896551724138,0.0,0.0,0.0,0.0,0.0,0.0,0.0,24576.0,32768.0,20480.0,0.0,0.0,0.0,2.842871436468113,3.0,567.0,0.0,0.0,0.0,12.0,95256.62931034483,583.0818965517242,521.5172413793103,646.3922413793103,1714.396551724138,1385.5560344827586
l4,1024,128,2,0,Kernel2,5849600.0,0.0,121866.66666666667,55264.0,37258.98275862069,393216.0,37500.25,90.23879500367376,517180.0,400287.0,115549.0,37258.98275862069,44123.48275862069,5572672.0,8317.793103448275,21307.58620689655,147899.58620689655,69870.93103448275,78028.6551724138,0.0,0.0,0.0,134217728.0,917504.0,0.0,617920.0,4276416.0,482432.0,0.0,0.0,0.0,54.51021662559853,155.0,73.0,19.0,0.0,372.0,172.0,2421.3060344827586,529.0215517241379,4736.400862068966,13245.51724137931,6045.112068965517,2241.2672413793102
l4,1024,128,2,0,splitKreduce_kernel,4198144.0,0.0,87461.33333333333,20032.0,12620.793103448275,114688.0,13262.333333333334,13.818896461023433,133824.0,116065.0,16631.0,12620.793103448275,15833.172413793103,438272.0,988.6896551724138,6920.827586206897,4802.206896551724,3542.9655172413795,1259.2413793103449,0.0,0.0,917504.0,0.0,131072.0,0.0,200704.0,102400.0,57344.0,0.0,0.0,0.0,12.67515604514311,4.0,531.0,7.0,0.0,12.0,0.0,69858.81896551725,1313.0344827586207,620.4396551724138,1847.573275862069,18.900862068965516,6570.629310344828
l4,1024,128,2,0,vectorized_elementwise_kernel,583936.0,0.0,12165.333333333334,6304.0,2695.2241379310344,16384.0,2334.8333333333335,37.16182887497628,26355.0,17276.0,8205.0,2695.2241379310344,4937.620689655172,11776.0,44.13793103448276,105.93103448275862,211.86206896551724,211.86206896551724,0.0,0.0,0.0,0.0,0.0,0.0,0.0,3072.0,4096.0,2560.0,0.0,0.0,0.0,1.2940757449839726,0.0,97.0,0.0,0.0,0.0,1.0,2963.698275862069,2.456896551724138,0.0,5.254310344827586,30.17241379310345,167.51724137931035
l4,1024,128,0,0,fmha_cutlassF_f16_aligned_64x128_rf_sm80,958208.0,0.0,19962.666666666668,103136.0,21874.431034482757,327680.0,21846.5,94.9886269375392,345993.0,335789.0,9172.0,21874.431034482757,82059.10344827586,1584401.0,2990.0862068965516,17772.55172413793,14451.689655172413,7762.9655172413795,6688.724137931034,0.0,36157.793103448275,2411170.0,32768.0,3153812.0,0.0,515404.0,407963.0,173425.0,262144.0,1.421347271142667,33824.0,8.348965463917093,83.0,30.0,312.0,0.0,76.0,105.0,892.6163793103449,11338.047413793103,1192.1336206896551,2991.137931034483,3022.625,8613.629310344828
l4,1024,128,1,0,fmha_cutlassF_f16_aligned_64x128_rf_sm80,960512.0,0.0,20010.666666666668,103200.0,21807.58620689655,327680.0,24039.75,94.84745273488238,346450.0,335619.0,9799.0,21807.58620689655,82099.27586206897,1584401.0,2990.0862068965516,17772.55172413793,14451.689655172413,7762.724137931034,6688.9655172413795,0.0,36157.793103448275,2411170.0,32768.0,3153812.0,0.0,515404.0,407963.0,173425.0,262144.0,1.4206517844879978,33824.0,8.344885439369241,70.0,36.0,316.0,0.0,73.0,95.0,911.176724137931,11343.836206896553,1196.3836206896551,2995.081896551724,3039.3577586206898,8613.293103448275
l4,1024,128,2,0,fmha_cutlassF_f16_aligned_64x128_rf_sm80,958080.0,0.0,19960.0,103584.0,21887.431034482757,327680.0,20816.166666666668,94.7818362214172,346712.0,335764.0,9916.0,21887.431034482757,82388.89655172414,1584401.0,2990.0862068965516,17772.55172413793,14451.689655172413,7762.206896551724,6689.482758620689,0.0,36157.793103448275,2411170.0,32768.0,3153812.0,0.0,515404.0,407963.0,173425.0,262144.0,1.4156577844855225,33824.0,8.31554553300202,71.0,22.0,305.0,0.0,89.0,86.0,913.125,11345.237068965518,1189.8103448275863,2993.905172413793,3025.75,8613.771551724138
l4,1024,128,0,0,flash_fwd_splitkv_kernel,923008.0,0.0,19229.333333333332,46240.0,21193.362068965518,294912.0,15157.333333333334,92.89526207345482,371766.0,303503.0,66919.0,21193.362068965518,37082.93103448276,696320.0,1959.7241379310344,5614.3448275862065,8359.724137931034,3147.0344827586205,5212.689655172414,0.0,36157.793103448275,2129920.0,65536.0,2163882.0,0.0,162816.0,236800.0,113664.0,131072.0,3.4041128691051274,36608.0,8.185381321455637,85.0,161.0,257.0,0.0,0.0,26.0,2712.5,4300.146551724138,690.1637931034483,0.0,446.4181034482759,4374.107758620689
l4,1024,128,0,0,flash_fwd_splitkv_combine_kernel,2299648.0,0.0,47909.333333333336,17600.0,11656.448275862069,66560.0,8013.833333333333,16.02613855436769,79882.0,70065.0,8690.0,11656.448275862069,13902.827586206897,616192.0,313.37931034482756,10248.827586206897,8121.379310344828,7345.103448275862,776.2758620689655,0.0,0.0,147456.0,716800.0,40960.0,0.0,297216.0,201472.0,18176.0,0.0,10.98461736883095,44288.0,19.536803478329883,0.0,316.0,26.0,0.0,24.0,31.0,24173.775862068964,1350.9439655172414,385.91379310344826,1690.5905172413793,2753.9310344827586,6575.0344827586205
l4,1024,128,1,0,flash_fwd_splitkv_kernel,924160.0,0.0,19253.333333333332,46272.0,21167.741379310344,294912.0,14587.041666666666,92.8798681128356,371833.0,303497.0,66992.0,21167.741379310344,37102.0,696320.0,1959.7241379310344,5614.3448275862065,8359.724137931034,3147.655172413793,5212.068965517241,0.0,36157.793103448275,2129920.0,65536.0,2163882.0,0.0,162816.0,236800.0,113664.0,131072.0,3.402363289273373,36608.0,8.181174358106915,78.0,146.0,275.0,0.0,0.0,27.0,2586.762931034483,4299.737068965517,692.8491379310345,0.0,445.8189655172414,4374.0344827586205
l4,1024,128,1,0,flash_fwd_splitkv_combine_kernel,2299264.0,0.0,47901.333333333336,17600.0,11671.689655172413,66560.0,8069.875,15.937386148067187,79599.0,70067.0,8621.0,11671.689655172413,13889.034482758621,616192.0,313.37931034482756,10248.827586206897,8121.379310344828,7344.241379310345,777.1379310344828,0.0,0.0,147456.0,716800.0,40960.0,0.0,297216.0,201472.0,18176.0,0.0,10.995526115864164,44288.0,19.555367419596706,0.0,321.0,13.0,0.0,28.0,30.0,24266.706896551725,1349.0,382.44827586206895,1697.5862068965516,2759.237068965517,6577.2801724137935
l4,1024,128,2,0,flash_fwd_splitkv_kernel,923008.0,0.0,19229.333333333332,46272.0,21141.689655172413,294912.0,14458.833333333334,92.8915714500893,371784.0,303499.0,66941.0,21141.689655172413,37085.75862068965,696320.0,1959.7241379310344,5614.3448275862065,8359.724137931034,3146.310344827586,5213.413793103448,0.0,36157.793103448275,2129920.0,65536.0,2163882.0,0.0,162816.0,236800.0,113664.0,131072.0,3.403853324122003,36608.0,8.184757230910277,79.0,142.0,242.0,0.0,0.0,28.0,2713.073275862069,4298.323275862069,690.8103448275862,0.0,445.98706896551727,4374.0344827586205
l4,1024,128,2,0,flash_fwd_splitkv_combine_kernel,2299904.0,0.0,47914.666666666664,17600.0,11660.068965517241,66560.0,8028.75,15.873492468598307,79932.0,70055.0,8750.0,11660.068965517241,13893.241379310344,616192.0,313.37931034482756,10248.827586206897,8121.379310344828,7344.068965517241,777.3103448275862,0.0,0.0,147456.0,716800.0,40960.0,0.0,297216.0,201472.0,18176.0,0.0,10.992196652304271,44288.0,19.550004467565472,0.0,309.0,21.0,0.0,17.0,29.0,24369.875,1355.1637931034484,387.67672413793105,1684.6896551724137,2757.2025862068967,6571.866379310345
l4,1024,128,0,0,cudnn_generated_fort_native_sdpa_sm80_flash_fprop_wmma_f16_knob_3_64x64x128_4x1x1_kernel0_0,936320.0,0.0,19506.666666666668,64032.0,13407.913793103447,270336.0,29052.208333333332,91.06627837619733,285010.0,274510.0,9468.0,13407.913793103447,50863.48275862069,648960.0,1662.896551724138,4581.517241379311,8194.206896551725,3076.9310344827586,5117.275862068966,0.0,36157.793103448275,2170880.0,65536.0,4390912.0,0.0,132864.0,236352.0,96448.0,131072.0,2.4210852444101554,35712.0,5.529973404129105,1.0,42.0,259.0,0.0,0.0,20.0,618.2629310344828,4346.879310344828,269.10775862068965,0.0,344.4051724137931,3539.896551724138
l4,1024,128,1,0,cudnn_generated_fort_native_sdpa_sm80_flash_fprop_wmma_f16_knob_3_64x64x128_4x1x1_kernel0_0,938496.0,0.0,19552.0,64032.0,13404.137931034482,270336.0,33181.666666666664,90.99021674693682,285079.0,274494.0,9553.0,13404.137931034482,50869.89655172414,648960.0,1662.896551724138,4581.517241379311,8194.206896551725,3077.310344827586,5116.896551724138,0.0,36157.793103448275,2170880.0,65536.0,4390912.0,0.0,132864.0,236352.0,96448.0,131072.0,2.420779988435678,35712.0,5.5292761724127875,1.0,33.0,244.0,0.0,0.0,25.0,623.5215517241379,4346.8448275862065,269.20258620689657,0.0,344.0991379310345,3539.926724137931
l4,1024,128,2,0,cudnn_generated_fort_native_sdpa_sm80_flash_fprop_wmma_f16_knob_3_64x64x128_4x1x1_kernel0_0,937216.0,0.0,19525.333333333332,64032.0,13417.137931034482,270336.0,29656.166666666668,91.12982263860641,284673.0,274620.0,9453.0,13417.137931034482,50868.275862068964,648960.0,1662.896551724138,4581.517241379311,8194.206896551725,3077.2413793103447,5116.9655172413795,0.0,36157.793103448275,2170880.0,65536.0,4390912.0,0.0,132864.0,236352.0,96448.0,131072.0,2.420857115741808,35712.0,5.529452338019767,0.0,44.0,242.0,0.0,0.0,18.0,621.7456896551724,4346.827586206897,268.9353448275862,0.0,344.0905172413793,3539.8836206896553
l4,2048,64,0,0,unrolled_elementwise_kernel,349824.0,0.0,7288.0,8896.0,4676.793103448276,8192.0,3601.125,68.88123148267424,31052.0,13305.0,16665.0,4676.793103448276,6984.3448275862065,195584.0,194.20689655172413,2330.4827586206898,1412.4137931034484,1412.4137931034484,0.0,0.0,0.0,0.0,0.0,0.0,131072.0,67584.0,40960.0,11264.0,0.0,0.0,0.0,12.690450564316254,0.0,93.0,2.0,0.0,6.0,3.0,7609.064655172414,136.56896551724137,1.4008620689655173,309.5991379310345,267.04741379310343,3592.2241379310344
l4,2048,64,0,0,unrolled_elementwise_kernel,347264.0,0.0,7234.666666666667,8896.0,4666.5,8192.0,3452.9166666666665,69.88593652972513,30597.0,13338.0,16401.0,4666.5,6971.0344827586205,195584.0,194.20689655172413,2330.4827586206898,1412.4137931034484,1412.4137931034484,0.0,0.0,0.0,0.0,0.0,0.0,131072.0,67584.0,40960.0,11264.0,0.0,0.0,0.0,12.714681440443213,0.0,97.0,1.0,0.0,5.0,6.0,7687.0301724137935,136.0905172413793,1.3362068965517242,311.1163793103448,276.2284482758621,3592.5344827586205
l4,2048,64,0,0,unrolled_elementwise_kernel,350976.0,0.0,7312.0,8960.0,4687.724137931034,8192.0,3464.25,69.9087847778468,30587.0,13334.0,16397.0,4687.724137931034,7032.241379310345,195584.0,194.20689655172413,2330.4827586206898,1412.4137931034484,1412.4137931034484,0.0,0.0,0.0,0.0,0.0,0.0,131072.0,67584.0,40960.0,11264.0,0.0,0.0,0.0,12.60401598548557,0.0,101.0,1.0,0.0,1.0,4.0,7857.745689655172,138.88793103448276,1.3146551724137931,310.3448275862069,261.4913793103448,3592.655172413793
l4,2048,64,0,0,vectorized_elementwise_kernel,580352.0,0.0,12090.666666666666,6240.0,2692.3793103448274,16384.0,2503.375,52.09195934794568,34537.0,17236.0,16397.0,2692.3793103448274,4854.3448275862065,13312.0,44.13793103448276,70.62068965517241,300.13793103448273,229.51724137931035,70.62068965517241,0.0,0.0,0.0,0.0,131072.0,0.0,2048.0,6656.0,2560.0,0.0,0.0,0.0,1.4452037279081664,0.0,96.0,0.0,0.0,0.0,0.0,3092.698275862069,2.0689655172413794,0.0,4.237068965517241,30.20258620689655,148.42672413793105
l4,2048,64,0,0,vectorized_elementwise_kernel,580864.0,0.0,12101.333333333334,6336.0,2697.7586206896553,16384.0,2513.375,52.09208049804547,34535.0,17234.0,16401.0,2697.7586206896553,4924.724137931034,13312.0,44.13793103448276,70.62068965517241,300.13793103448273,229.51724137931035,70.62068965517241,0.0,0.0,0.0,0.0,131072.0,0.0,2048.0,6656.0,2560.0,0.0,0.0,0.0,1.4308520694315103,0.0,97.0,0.0,0.0,0.0,2.0,3056.646551724138,1.7543103448275863,0.0,4.232758620689655,30.29741379310345,148.53879310344828
l4,2048,64,0,0,ampere_sgemm_128x32_tn,1246592.0,58112.0,27181.333333333336,131104.0,100034.39655172414,1310720.0,103431.41666666667,99.52704354735896,1832304.0,1304947.0,526013.0,100034.39655172414,104518.0,14983168.0,38276.41379310345,124009.93103448275,298301.7931034483,77474.06896551725,220827.72413793104,0.0,0.0,0.0,268435456.0,4194304.0,0.0,3596288.0,8601600.0,2220032.0,0.0,0.0,0.0,61.865416186355624,6.0,494.0,154.0,0.0,1344.0,238.0,57113.86637931035,23564.887931034482,141912.6681034483,180816.69396551725,29269.96551724138,84241.18534482758
l4,2048,64,0,0,softmax_warp_forward,19056768.0,128.0,397018.6666666667,126208.0,69061.77586206897,524288.0,70043.16666666667,50.356800259834436,1059136.0,531893.0,525899.0,69061.77586206897,101788.41379310345,4707157.0,7168.0,41661.0,60633.89655172414,13674.724137931034,46959.1724137931,0.0,0.0,12918297.0,37812303.0,4194304.0,0.0,1208169.0,1756335.0,415744.0,0.0,13.336894924698427,393687.0,19.993896229636597,477.0,1197.0,17.0,0.0,132.0,547.0,124172.81034482758,1460.4094827586207,17895.25,12972.547413793103,43244.995689655174,46829.762931034486
l4,2048,64,0,0,vectorized_elementwise_kernel,18817152.0,128.0,392026.6666666667,68512.0,52019.18965517241,524288.0,53515.958333333336,20.196992709599026,658400.0,525349.0,131707.0,52019.18965517241,54426.24137931035,671744.0,1412.4137931034484,14124.137931034482,5649.6551724137935,5649.6551724137935,0.0,0.0,0.0,0.0,0.0,0.0,0.0,409600.0,114688.0,81920.0,0.0,0.0,0.0,5.415744560338224,2.0,2639.0,3.0,0.0,3.0,42.0,488375.4870689655,386.51293103448273,748.7974137931035,672.6379310344828,6678.801724137931,5362.357758620689
l4,2048,64,0,0,reduce_kernel,5297664.0,0.0,110368.0,28352.0,19280.275862068964,131072.0,16733.833333333332,6.162191063802843,142141.0,139883.0,914.0,19280.275862068964,22449.48275862069,1122304.0,882.7586206896551,29166.344827586207,4378.482758620689,4378.482758620689,0.0,0.0,0.0,0.0,0.0,0.0,0.0,845824.0,90112.0,51200.0,0.0,0.0,0.0,22.450578693925827,0.0,712.0,36.0,0.0,27.0,10.0,109886.625,5175.9051724137935,180.92241379310346,6335.9698275862065,1598.8146551724137,8935.150862068966
l4,2048,64,0,0,vectorized_elementwise_kernel,4352.0,0.0,90.66666666666667,3904.0,18.43103448275862,0.0,163.83333333333334,83.84180790960453,885.0,654.0,14.0,18.43103448275862,3021.310344827586,112.0,0.13793103448275862,1.2413793103448276,0.8275862068965517,0.8275862068965517,0.0,0.0,0.0,0.0,0.0,0.0,0.0,36.0,20.0,8.0,0.0,0.0,0.0,0.01997306489534114,0.0,0.0,0.0,0.0,0.0,0.0,0.0,0.0,0.0,0.0,0.2413793103448276,2.0
l4,2048,64,0,0,elementwise_kernel,19183744.0,128.0,399664.0,71072.0,54202.206896551725,655360.0,54829.541666666664,50.353881440495606,1057275.0,530322.0,525609.0,54202.206896551725,56470.31034482759,6225920.0,10169.379310344828,106213.5172413793,63276.137931034486,63276.137931034486,0.0,0.0,0.0,0.0,0.0,0.0,0.0,3080192.0,1572864.0,589824.0,0.0,0.0,0.0,47.79591228591894,0.0,2111.0,87.0,0.0,110.0,41.0,380486.6077586207,18123.46551724138,37.974137931034484,22348.633620689656,7127.818965517241,71555.06896551725
l4,2048,64,0,0,vectorized_elementwise_kernel,18832128.0,128.0,392338.6666666667,68672.0,52138.05172413793,524288.0,53832.166666666664,33.591347172142115,788459.0,525262.0,262285.0,52138.05172413793,54528.41379310345,376832.0,1412.4137931034484,3389.793103448276,6779.586206896552,6779.586206896552,0.0,0.0,0.0,0.0,0.0,0.0,0.0,98304.0,131072.0,81920.0,0.0,0.0,0.0,3.0742197677389327,25.0,2234.0,1.0,0.0,3.0,132.0,429739.5387931034,590.1379310344828,6058.577586206897,708.1637931034483,22918.655172413793,5024.741379310345
l4,2048,64,0,0,ampere_sgemm_64x64_nn,21523712.0,128.0,448413.3333333334,102432.0,78413.55172413793,1503232.0,80364.41666666667,90.07737493041765,1525171.0,1407418.0,116409.0,78413.55172413793,82460.06896551725,10611776.0,20206.344827586207,29058.206896551725,294057.9310344828,108501.24137931035,185556.6896551724,0.0,0.0,0.0,271581184.0,917504.0,0.0,842688.0,8523200.0,1171968.0,0.0,0.0,0.0,55.502558814255764,0.0,542.0,9.0,0.0,336.0,40.0,17081.969827586207,266.13793103448273,5493.288793103448,12099.775862068966,1204.844827586207,46521.18103448276
l4,2048,64,0,0,splitKreduce_kernel,4192640.0,0.0,87346.66666666667,19936.0,12594.793103448275,114688.0,13160.958333333334,13.86284229701078,133948.0,116189.0,16631.0,12594.793103448275,15763.51724137931,438272.0,988.6896551724138,6920.827586206897,4802.206896551724,3540.689655172414,1261.5172413793102,0.0,0.0,917504.0,0.0,131072.0,0.0,200704.0,102400.0,57344.0,0.0,0.0,0.0,12.731000433125814,1.0,545.0,10.0,0.0,10.0,0.0,70437.74568965517,1284.7370689655172,560.8879310344828,1921.8275862068965,19.79741379310345,6570.150862068966
l4,2048,64,0,0,vectorized_elementwise_kernel,582656.0,0.0,12138.666666666666,6272.0,2686.655172413793,16384.0,2321.0833333333335,37.612416043714184,26353.0,17274.0,8205.0,2686.655172413793,4875.0,11776.0,44.13793103448276,105.93103448275862,211.86206896551724,211.86206896551724,0.0,0.0,0.0,0.0,0.0,0.0,0.0,3072.0,4096.0,2560.0,0.0,0.0,0.0,1.3101679929266137,0.0,101.0,0.0,0.0,0.0,0.0,3090.6508620689656,2.396551724137931,0.0,5.301724137931035,30.25862068965517,167.55172413793105
l4,2048,64,1,0,unrolled_elementwise_kernel,347520.0,0.0,7240.0,9024.0,4705.517241379311,8192.0,3647.125,69.22433484541389,31083.0,13303.0,16698.0,4705.517241379311,7083.482758620689,195584.0,194.20689655172413,2330.4827586206898,1412.4137931034484,1412.4137931034484,0.0,0.0,0.0,0.0,0.0,0.0,131072.0,67584.0,40960.0,11264.0,0.0,0.0,0.0,12.512839485739043,0.0,86.0,0.0,0.0,6.0,6.0,7602.306034482759,136.14224137931035,1.4094827586206897,308.1465517241379,272.99568965517244,3592.728448275862
l4,2048,64,1,0,unrolled_elementwise_kernel,347520.0,0.0,7240.0,9024.0,4648.982758620689,8192.0,3434.4166666666665,69.82432079414839,30624.0,13334.0,16432.0,4648.982758620689,7054.413793103448,195584.0,194.20689655172413,2330.4827586206898,1412.4137931034484,1412.4137931034484,0.0,0.0,0.0,0.0,0.0,0.0,131072.0,67584.0,40960.0,11264.0,0.0,0.0,0.0,12.564400864218047,0.0,100.0,4.0,0.0,4.0,2.0,7571.517241379311,147.34913793103448,1.3146551724137931,317.9396551724138,273.41379310344826,3592.7887931034484
l4,2048,64,1,0,unrolled_elementwise_kernel,349568.0,0.0,7282.666666666667,8928.0,4648.206896551724,8192.0,3472.1666666666665,69.78849988558726,30591.0,13334.0,16401.0,4648.206896551724,6999.172413793103,195584.0,194.20689655172413,2330.4827586206898,1412.4137931034484,1412.4137931034484,0.0,0.0,0.0,0.0,0.0,0.0,131072.0,67584.0,40960.0,11264.0,0.0,0.0,0.0,12.663566135897842,0.0,99.0,3.0,0.0,4.0,5.0,7674.836206896552,133.21120689655172,1.3060344827586208,315.70258620689657,267.1034482758621,3592.814655172414
l4,2048,64,1,0,vectorized_elementwise_kernel,579072.0,0.0,12064.0,6208.0,2675.5689655172414,16384.0,2519.4166666666665,52.077241539040564,34541.0,17236.0,16401.0,2675.5689655172414,4854.724137931034,13312.0,44.13793103448276,70.62068965517241,300.13793103448273,229.51724137931035,70.62068965517241,0.0,0.0,0.0,0.0,131072.0,0.0,2048.0,6656.0,2560.0,0.0,0.0,0.0,1.4445580913010434,0.0,96.0,0.0,0.0,0.0,0.0,3068.603448275862,2.0,0.0,4.435344827586207,30.482758620689655,148.08620689655172
l4,2048,64,1,0,vectorized_elementwise_kernel,581760.0,0.0,12120.0,6496.0,2756.9827586206898,16384.0,2576.9583333333335,52.016911360148264,34533.0,17236.0,16397.0,2756.9827586206898,5055.862068965517,13312.0,44.13793103448276,70.62068965517241,300.13793103448273,229.51724137931035,70.62068965517241,0.0,0.0,0.0,0.0,131072.0,0.0,2048.0,6656.0,2560.0,0.0,0.0,0.0,1.3947619697176374,0.0,94.0,0.0,0.0,0.0,0.0,3088.896551724138,1.7456896551724137,0.0,4.237068965517241,30.336206896551722,148.45258620689654
l4,2048,64,1,0,ampere_sgemm_128x32_tn,1244160.0,52992.0,27024.0,130912.0,100019.41379310345,1310720.0,103525.33333333333,99.53289111363279,1832121.0,1304878.0,525899.0,100019.41379310345,104361.0,14983168.0,38276.41379310345,124009.93103448275,298301.7931034483,77453.37931034483,220848.41379310345,0.0,0.0,0.0,268435456.0,4194304.0,0.0,3596288.0,8601600.0,2220032.0,0.0,0.0,0.0,61.959316285744215,3.0,486.0,187.0,0.0,1266.0,191.0,57061.57327586207,23685.818965517243,142350.52155172414,180636.74137931035,29127.668103448275,84261.81034482758
l4,2048,64,1,0,softmax_warp_forward,19055488.0,128.0,396992.0,127968.0,69317.03448275862,524288.0,70179.0,50.35413720243883,1059194.0,531951.0,525899.0,69317.03448275862,103201.5172413793,4707157.0,7168.0,41661.0,60633.89655172414,13700.172413793103,46933.724137931036,0.0,0.0,12918297.0,37812303.0,4194304.0,0.0,1208169.0,1756335.0,415744.0,0.0,13.154277336205963,393687.0,19.720126575257517,476.0,1186.0,19.0,0.0,120.0,495.0,123346.28448275862,1444.1379310344828,18198.064655172413,13060.215517241379,43084.78017241379,46846.487068965514
l4,2048,64,1,0,vectorized_elementwise_kernel,18804096.0,128.0,391754.6666666667,68448.0,52005.1724137931,524288.0,53431.708333333336,20.312338605306806,658324.0,525287.0,131693.0,52005.1724137931,54356.724137931036,671744.0,1412.4137931034484,14124.137931034482,5649.6551724137935,5649.6551724137935,0.0,0.0,0.0,0.0,0.0,0.0,0.0,409600.0,114688.0,81920.0,0.0,0.0,0.0,5.422575641753549,4.0,2654.0,2.0,0.0,2.0,37.0,487883.4698275862,383.01724137931035,717.4568965517242,673.8534482758621,7017.2155172413795,5361.379310344828
l4,2048,64,1,0,reduce_kernel,5296512.0,0.0,110344.0,28160.0,19307.379310344826,131072.0,16651.375,6.454951941696299,142015.0,139747.0,924.0,19307.379310344826,22301.241379310344,1122304.0,882.7586206896551,29166.344827586207,4378.482758620689,4378.482758620689,0.0,0.0,0.0,0.0,0.0,0.0,0.0,845824.0,90112.0,51200.0,0.0,0.0,0.0,22.59793795304421,0.0,706.0,22.0,0.0,37.0,15.0,109947.21551724138,5218.137931034483,173.16810344827587,6126.206896551724,1611.905172413793,8932.487068965518
l4,2048,64,1,0,vectorized_elementwise_kernel,4480.0,0.0,93.33333333333333,3904.0,18.396551724137932,0.0,220.20833333333334,74.62387161484455,997.0,645.0,135.0,18.396551724137932,3028.4137931034484,112.0,0.13793103448275862,1.2413793103448276,0.8275862068965517,0.8275862068965517,0.0,0.0,0.0,0.0,0.0,0.0,0.0,36.0,20.0,8.0,0.0,0.0,0.0,0.019926216068500636,0.0,0.0,0.0,0.0,0.0,0.0,0.0,0.0,0.0,0.0,0.2413793103448276,2.0
l4,2048,64,1,0,elementwise_kernel,19169408.0,256.0,399368.0,71168.0,54265.08620689655,655360.0,54887.791666666664,50.349271381877614,1057344.0,530314.0,525686.0,54265.08620689655,56539.1724137931,6225920.0,10169.379310344828,106213.5172413793,63276.137931034486,63276.137931034486,0.0,0.0,0.0,0.0,0.0,0.0,0.0,3080192.0,1572864.0,589824.0,0.0,0.0,0.0,47.73793543201052,0.0,2076.0,96.0,0.0,126.0,32.0,380185.7629310345,18777.219827586207,43.28879310344828,21767.40948275862,7115.818965517241,71529.6077586207
l4,2048,64,1,0,vectorized_elementwise_kernel,18849152.0,128.0,392693.3333333334,68832.0,52166.224137931036,524288.0,53882.833333333336,33.550552972623734,789370.0,525263.0,262763.0,52166.224137931036,54673.51724137931,376832.0,1412.4137931034484,3389.793103448276,6779.586206896552,6779.586206896552,0.0,0.0,0.0,0.0,0.0,0.0,0.0,98304.0,131072.0,81920.0,0.0,0.0,0.0,3.0660607922135914,13.0,2289.0,1.0,0.0,0.0,126.0,427691.2112068966,591.6724137931035,6598.892241379311,710.1336206896551,24424.96120689655,5017.7198275862065
l4,2048,64,1,0,ampere_sgemm_64x64_nn,21522176.0,128.0,448381.3333333334,103392.0,78696.36206896552,1503232.0,80708.75,89.83771239294911,1528829.0,1411080.0,116405.0,78696.36206896552,83295.68965517242,10611776.0,20206.344827586207,29058.206896551725,294057.9310344828,108279.72413793103,185778.2068965517,0.0,0.0,0.0,271581184.0,917504.0,0.0,842688.0,8523200.0,1171968.0,0.0,0.0,0.0,54.94575825631578,0.0,539.0,12.0,0.0,336.0,32.0,17721.094827586207,266.9396551724138,5591.741379310345,12012.435344827587,1215.9137931034484,46470.275862068964
l4,2048,64,1,0,splitKreduce_kernel,4191104.0,0.0,87314.66666666667,20032.0,12604.810344827587,114688.0,13172.041666666666,13.784027617265263,134119.0,116245.0,16746.0,12604.810344827587,15816.413793103447,438272.0,988.6896551724138,6920.827586206897,4802.206896551724,3540.862068965517,1261.344827586207,0.0,0.0,917504.0,0.0,131072.0,0.0,200704.0,102400.0,57344.0,0.0,0.0,0.0,12.687768708194891,3.0,546.0,9.0,0.0,18.0,0.0,70990.4827586207,1287.3879310344828,611.4655172413793,1851.7370689655172,18.655172413793103,6558.728448275862
l4,2048,64,1,0,vectorized_elementwise_kernel,583552.0,0.0,12157.333333333334,6400.0,2753.362068965517,16384.0,2415.9583333333335,37.185471934418764,26349.0,17270.0,8205.0,2753.362068965517,5011.413793103448,11776.0,44.13793103448276,105.93103448275862,211.86206896551724,211.86206896551724,0.0,0.0,0.0,0.0,0.0,0.0,0.0,3072.0,4096.0,2560.0,0.0,0.0,0.0,1.2739883438495572,0.0,87.0,0.0,0.0,0.0,0.0,3013.6422413793102,2.3706896551724137,0.0,5.206896551724138,30.33189655172414,167.49137931034483
l4,2048,64,2,0,unrolled_elementwise_kernel,346752.0,0.0,7224.0,8896.0,4699.741379310345,8192.0,3656.5833333333335,68.65877965665788,31106.0,13308.0,16716.0,4699.741379310345,6995.551724137931,195584.0,194.20689655172413,2330.4827586206898,1412.4137931034484,1412.4137931034484,0.0,0.0,0.0,0.0,0.0,0.0,131072.0,67584.0,40960.0,11264.0,0.0,0.0,0.0,12.6701204213515,0.0,96.0,3.0,0.0,4.0,4.0,7610.508620689655,132.84913793103448,1.3146551724137931,287.4784482758621,266.2931034482759,3592.4137931034484
l4,2048,64,2,0,unrolled_elementwise_kernel,348800.0,0.0,7266.666666666667,9056.0,4637.189655172414,8192.0,3449.9583333333335,69.87514707804941,30596.0,13336.0,16402.0,4637.189655172414,7100.551724137931,195584.0,194.20689655172413,2330.4827586206898,1412.4137931034484,1412.4137931034484,0.0,0.0,0.0,0.0,0.0,0.0,131072.0,67584.0,40960.0,11264.0,0.0,0.0,0.0,12.48275996037219,0.0,94.0,0.0,0.0,3.0,4.0,7592.926724137931,141.9956896551724,1.3275862068965518,314.78879310344826,271.99568965517244,3592.603448275862
l4,2048,64,2,0,unrolled_elementwise_kernel,351744.0,0.0,7328.0,8896.0,4654.017241379311,8192.0,3492.0,69.87806074078917,30589.0,13336.0,16397.0,4654.017241379311,6978.379310344828,195584.0,194.20689655172413,2330.4827586206898,1412.4137931034484,1412.4137931034484,0.0,0.0,0.0,0.0,0.0,0.0,131072.0,67584.0,40960.0,11264.0,0.0,0.0,0.0,12.701299086340567,0.0,95.0,1.0,0.0,7.0,5.0,7685.767241379311,137.6594827586207,1.4827586206896552,319.4655172413793,267.375,3592.5474137931033
l4,2048,64,2,0,vectorized_elementwise_kernel,578560.0,0.0,12053.333333333334,6304.0,2726.7241379310344,16384.0,2552.0,52.071571267263096,34539.0,17234.0,16401.0,2726.7241379310344,4928.9655172413795,13312.0,44.13793103448276,70.62068965517241,300.13793103448273,229.51724137931035,70.62068965517241,0.0,0.0,0.0,0.0,131072.0,0.0,2048.0,6656.0,2560.0,0.0,0.0,0.0,1.422275080453337,0.0,96.0,0.0,0.0,0.0,0.0,3015.6724137931033,1.9913793103448276,0.0,4.267241379310345,30.288793103448278,148.44396551724137
l4,2048,64,2,0,vectorized_elementwise_kernel,580864.0,0.0,12101.333333333334,6336.0,2698.362068965517,16384.0,2516.4583333333335,52.09811473748226,34531.0,17234.0,16397.0,2698.362068965517,4955.137931034483,13312.0,44.13793103448276,70.62068965517241,300.13793103448273,229.51724137931035,70.62068965517241,0.0,0.0,0.0,0.0,131072.0,0.0,2048.0,6656.0,2560.0,0.0,0.0,0.0,1.4220697430044746,0.0,84.0,0.0,0.0,0.0,1.0,3134.573275862069,1.7629310344827587,0.0,4.155172413793103,30.21551724137931,148.69827586206895
l4,2048,64,2,0,ampere_sgemm_128x32_tn,1245952.0,57216.0,27149.333333333332,130944.0,100021.36206896552,1310720.0,103337.0,99.57554853868595,1831776.0,1304533.0,525899.0,100021.36206896552,104387.3448275862,14983168.0,38276.41379310345,124009.93103448275,298301.7931034483,77391.89655172414,220909.89655172414,0.0,0.0,0.0,268435456.0,4194304.0,0.0,3596288.0,8601600.0,2220032.0,0.0,0.0,0.0,61.94336957214725,3.0,464.0,164.0,0.0,1359.0,233.0,57454.17672413793,23599.33620689655,142546.6077586207,180899.0818965517,29187.82327586207,84254.94396551725
l4,2048,64,2,0,softmax_warp_forward,19043584.0,128.0,396744.0,126432.0,69199.9827586207,524288.0,70137.41666666667,50.353871341142174,1059142.0,531899.0,525899.0,69199.9827586207,101966.68965517242,4707157.0,7168.0,41661.0,60633.89655172414,13680.344827586207,46953.55172413793,0.0,0.0,12918297.0,37812303.0,4194304.0,0.0,1208169.0,1756335.0,415744.0,0.0,13.31357705051751,393687.0,19.958939430523962,479.0,1163.0,10.0,0.0,134.0,532.0,124126.57327586207,1442.7543103448277,17859.487068965518,13157.452586206897,42548.14224137931,46868.512931034486
l4,2048,64,2,0,vectorized_elementwise_kernel,18800896.0,128.0,391688.0,68416.0,52047.1724137931,524288.0,53416.333333333336,20.19636110634277,658277.0,525289.0,131644.0,52047.1724137931,54350.48275862069,671744.0,1412.4137931034484,14124.137931034482,5649.6551724137935,5649.6551724137935,0.0,0.0,0.0,0.0,0.0,0.0,0.0,409600.0,114688.0,81920.0,0.0,0.0,0.0,5.423103179618365,3.0,2641.0,0.0,0.0,4.0,39.0,489955.3275862069,389.62931034482756,723.5646551724138,672.7370689655172,6437.051724137931,5363.525862068966
l4,2048,64,2,0,reduce_kernel,5296384.0,0.0,110341.33333333333,28064.0,19223.810344827587,131072.0,16669.083333333332,6.286659859873957,142015.0,139743.0,928.0,19223.810344827587,22235.689655172413,1122304.0,882.7586206896551,29166.344827586207,4378.482758620689,4378.482758620689,0.0,0.0,0.0,0.0,0.0,0.0,0.0,845824.0,90112.0,51200.0,0.0,0.0,0.0,22.66542991618011,0.0,706.0,38.0,0.0,36.0,20.0,109604.6724137931,5117.7801724137935,179.31896551724137,6214.383620689655,1608.0818965517242,8931.280172413793
l4,2048,64,2,0,vectorized_elementwise_kernel,4480.0,0.0,93.33333333333333,3904.0,18.396551724137932,0.0,161.70833333333334,83.61581920903954,885.0,654.0,14.0,18.396551724137932,3027.344827586207,112.0,0.13793103448275862,1.2413793103448276,0.8275862068965517,0.8275862068965517,0.0,0.0,0.0,0.0,0.0,0.0,0.0,36.0,20.0,8.0,0.0,0.0,0.0,0.01993325208160104,0.0,0.0,0.0,0.0,0.0,0.0,0.0,0.0,0.0,0.0,0.2413793103448276,2.0
l4,2048,64,2,0,elementwise_kernel,19181056.0,256.0,399610.6666666666,71232.0,54307.10344827586,655360.0,54875.708333333336,50.34569839588377,1057280.0,530332.0,525604.0,54307.10344827586,56603.10344827586,6225920.0,10169.379310344828,106213.5172413793,63276.137931034486,63276.137931034486,0.0,0.0,0.0,0.0,0.0,0.0,0.0,3080192.0,1572864.0,589824.0,0.0,0.0,0.0,47.683217686370305,0.0,2110.0,84.0,0.0,109.0,47.0,379175.5560344828,18290.650862068964,39.10344827586207,22076.53448275862,7114.0301724137935,71556.15086206897
l4,2048,64,2,0,vectorized_elementwise_kernel,18842496.0,128.0,392554.6666666667,68576.0,52050.0,524288.0,53720.416666666664,33.54531484955857,789377.0,525267.0,262766.0,52050.0,54466.96551724138,376832.0,1412.4137931034484,3389.793103448276,6779.586206896552,6779.586206896552,0.0,0.0,0.0,0.0,0.0,0.0,0.0,98304.0,131072.0,81920.0,0.0,0.0,0.0,3.0774743564906792,20.0,2274.0,1.0,0.0,2.0,128.0,427922.6853448276,591.0775862068965,6944.323275862069,714.5689655172414,23648.66379310345,5023.814655172414
l4,2048,64,2,0,ampere_sgemm_64x64_nn,21522816.0,128.0,448394.6666666667,102528.0,78866.36206896552,1503232.0,80658.08333333333,89.444448800069,1530588.0,1412813.0,116431.0,78866.36206896552,82552.24137931035,10611776.0,20206.344827586207,29058.206896551725,294057.9310344828,109195.20689655172,184862.72413793104,0.0,0.0,0.0,271581184.0,917504.0,0.0,842688.0,8523200.0,1171968.0,0.0,0.0,0.0,55.44058830040748,0.0,539.0,12.0,0.0,349.0,39.0,16745.331896551725,265.78879310344826,5710.5344827586205,11994.465517241379,1190.7629310344828,46457.85775862069
l4,2048,64,2,0,splitKreduce_kernel,4193664.0,0.0,87368.0,20384.0,12587.551724137931,114688.0,13388.458333333334,13.81975402674791,133917.0,116053.0,16736.0,12587.551724137931,16097.655172413793,438272.0,988.6896551724138,6920.827586206897,4802.206896551724,3540.310344827586,1261.896551724138,0.0,0.0,917504.0,0.0,131072.0,0.0,200704.0,102400.0,57344.0,0.0,0.0,0.0,12.467600764300647,1.0,533.0,13.0,0.0,8.0,1.0,70001.43534482758,1303.0,608.2370689655172,1931.280172413793,19.57758620689655,6569.202586206897
l4,2048,64,2,0,vectorized_elementwise_kernel,582912.0,0.0,12144.0,6336.0,2700.6724137931033,16384.0,2324.4166666666665,37.17982772359883,26353.0,17274.0,8205.0,2700.6724137931033,4919.827586206897,11776.0,44.13793103448276,105.93103448275862,211.86206896551724,211.86206896551724,0.0,0.0,0.0,0.0,0.0,0.0,0.0,3072.0,4096.0,2560.0,0.0,0.0,0.0,1.2982302435605397,0.0,95.0,0.0,0.0,0.0,0.0,3123.762931034483,2.3879310344827585,0.0,5.228448275862069,30.03448275862069,167.53879310344828
l4,2048,64,0,0,fmha_cutlassF_f16_aligned_64x64_rf_sm80,920320.0,0.0,19173.333333333332,198272.0,85874.0172413793,786432.0,43775.416666666664,97.5390214014284,807890.0,794922.0,11192.0,85874.0172413793,157868.7931034483,5024102.0,8183.068965517241,64132.68965517241,52358.620689655174,25016.689655172413,27341.931034482757,0.0,72315.58620689655,9608911.0,65536.0,12604343.0,0.0,1859848.0,1476032.0,474618.0,524288.0,2.9198406795691314,133676.0,13.740715500322725,5.0,493.0,466.0,0.0,0.0,358.0,8780.465517241379,8737.318965517241,1201.0689655172414,0.0,6270.379310344828,25975.85775862069
l4,2048,64,1,0,fmha_cutlassF_f16_aligned_64x64_rf_sm80,920064.0,0.0,19168.0,198368.0,85859.5172413793,786432.0,43569.375,97.79595789055517,805520.0,794381.0,9795.0,85859.5172413793,157921.10344827586,5024102.0,8183.068965517241,64132.68965517241,52358.620689655174,25017.137931034482,27341.48275862069,0.0,72315.58620689655,9608911.0,65536.0,12604343.0,0.0,1859848.0,1476032.0,474618.0,524288.0,2.9188735012157974,133676.0,13.736163977123454,8.0,493.0,517.0,0.0,0.0,357.0,8942.577586206897,8737.590517241379,1199.5603448275863,0.0,6269.379310344828,25975.85775862069
l4,2048,64,2,0,fmha_cutlassF_f16_aligned_64x64_rf_sm80,920320.0,0.0,19173.333333333332,198336.0,85880.0172413793,786432.0,42969.125,97.78664988249841,805521.0,794379.0,9798.0,85880.0172413793,157957.0,5024102.0,8183.068965517241,64132.68965517241,52358.620689655174,25017.344827586207,27341.275862068964,0.0,72315.58620689655,9608911.0,65536.0,12604343.0,0.0,1859848.0,1476032.0,474618.0,524288.0,2.9182101719957396,133676.0,13.733042362249176,2.0,503.0,472.0,0.0,0.0,354.0,8832.206896551725,8737.400862068966,1201.2025862068965,0.0,6269.331896551724,25975.603448275862
l4,2048,64,0,0,flash_fwd_splitkv_kernel,951168.0,0.0,19816.0,60000.0,36006.3275862069,548864.0,24363.375,95.57875450697601,612384.0,559777.0,51263.0,36006.3275862069,47924.51724137931,1871488.0,3425.103448275862,16971.03448275862,26288.55172413793,8680.241379310344,17608.310344827587,0.0,72315.58620689655,8437760.0,114688.0,5376702.0,0.0,492160.0,753920.0,198656.0,262144.0,9.882207005125156,137344.0,16.896874826864945,42.0,171.0,478.0,0.0,0.0,45.0,3239.8663793103447,7962.422413793103,1080.655172413793,0.0,808.7068965517242,7882.021551724138
l4,2048,64,0,0,flash_fwd_splitkv_combine_kernel,1762432.0,0.0,36717.333333333336,15840.0,10223.396551724138,49920.0,6683.375,19.816586291406434,63245.0,53679.0,8658.0,10223.396551724138,12496.896551724138,610560.0,278.0689655172414,10089.931034482759,8094.896551724138,7379.0,715.8965517241379,0.0,0.0,159744.0,638976.0,47104.0,0.0,292608.0,200704.0,16128.0,0.0,12.22041334400265,44288.0,21.60660577798626,0.0,233.0,21.0,0.0,17.0,30.0,17809.32327586207,1316.1724137931035,353.98706896551727,1698.0905172413793,2750.935344827586,6558.547413793103
l4,2048,64,1,0,flash_fwd_splitkv_kernel,951936.0,0.0,19832.0,59872.0,35975.01724137931,548864.0,24728.958333333332,95.58953719704813,612226.0,559793.0,51089.0,35975.01724137931,47818.55172413793,1871488.0,3425.103448275862,16971.03448275862,26288.55172413793,8680.0,17608.55172413793,0.0,72315.58620689655,8437760.0,114688.0,5376702.0,0.0,492160.0,753920.0,198656.0,262144.0,9.904105894552542,137344.0,16.93431816247914,40.0,181.0,440.0,0.0,0.0,46.0,3292.905172413793,7963.146551724138,1084.4870689655172,0.0,806.676724137931,7881.887931034483
l4,2048,64,1,0,flash_fwd_splitkv_combine_kernel,1762176.0,0.0,36712.0,15840.0,10212.379310344828,49920.0,6677.958333333333,19.550989584972154,63562.0,53673.0,8765.0,10212.379310344828,12489.793103448275,610560.0,278.0689655172414,10089.931034482759,8094.896551724138,7378.689655172414,716.2068965517242,0.0,0.0,159744.0,638976.0,47104.0,0.0,292608.0,200704.0,16128.0,0.0,12.227363585161955,44288.0,21.619377477885394,0.0,251.0,16.0,0.0,18.0,42.0,17791.59051724138,1313.7155172413793,360.76724137931035,1699.8577586206898,2751.237068965517,6560.0948275862065
l4,2048,64,2,0,flash_fwd_splitkv_kernel,954496.0,0.0,19885.333333333332,59488.0,35880.120689655174,548864.0,24157.25,95.63068325721615,611995.0,559798.0,51069.0,35880.120689655174,47482.137931034486,1871488.0,3425.103448275862,16971.03448275862,26288.55172413793,8679.068965517241,17609.48275862069,0.0,72315.58620689655,8437760.0,114688.0,5376702.0,0.0,492160.0,753920.0,198656.0,262144.0,9.974277078422231,137344.0,17.054298821625842,49.0,186.0,458.0,0.0,0.0,47.0,3338.396551724138,7962.228448275862,1081.3706896551723,0.0,807.0043103448276,7882.060344827586
l4,2048,64,2,0,flash_fwd_splitkv_combine_kernel,1757184.0,0.0,36608.0,15712.0,10206.775862068966,49920.0,6599.666666666667,19.834736958969724,63051.0,53680.0,8461.0,10206.775862068966,12392.965517241379,610560.0,278.0689655172414,10089.931034482759,8094.896551724138,7380.6551724137935,714.2413793103449,0.0,0.0,159744.0,638976.0,47104.0,0.0,292608.0,200704.0,16128.0,0.0,12.322897305479193,44288.0,21.7870399225367,0.0,243.0,22.0,0.0,20.0,41.0,17748.280172413793,1313.3103448275863,354.4094827586207,1704.2629310344828,2753.685344827586,6560.323275862069
l4,2048,64,0,0,cudnn_generated_fort_native_sdpa_sm80_flash_fprop_wmma_f16_knob_6_128x64x64_4x1x1_kernel0_0,902528.0,0.0,18802.666666666668,117056.0,25028.120689655174,270336.0,35143.083333333336,91.14853119348213,284755.0,274804.0,9351.0,25028.120689655174,93116.86206896552,1578368.0,2064.551724137931,11469.241379310344,24103.724137931036,6692.3448275862065,17411.379310344826,0.0,72315.58620689655,8667136.0,262144.0,12976128.0,0.0,332608.0,697664.0,119744.0,262144.0,5.195103372143791,140288.0,7.324546574586105,0.0,31.0,515.0,0.0,0.0,54.0,615.8706896551724,8317.625,293.76724137931035,0.0,733.1810344827586,6280.956896551724
l4,2048,64,1,0,cudnn_generated_fort_native_sdpa_sm80_flash_fprop_wmma_f16_knob_6_128x64x64_4x1x1_kernel0_0,905856.0,0.0,18872.0,117056.0,25031.51724137931,270336.0,37222.833333333336,90.6549696569506,286227.0,275149.0,10046.0,25031.51724137931,93147.1724137931,1578368.0,2064.551724137931,11469.241379310344,24103.724137931036,6692.379310344828,17411.344827586207,0.0,72315.58620689655,8667136.0,262144.0,12976128.0,0.0,332608.0,697664.0,119744.0,262144.0,5.193412871288595,140288.0,7.322163147084999,0.0,43.0,452.0,0.0,0.0,38.0,623.0905172413793,8317.349137931034,294.3060344827586,0.0,732.7543103448276,6280.943965517241
l4,2048,64,2,0,cudnn_generated_fort_native_sdpa_sm80_flash_fprop_wmma_f16_knob_6_128x64x64_4x1x1_kernel0_0,902912.0,0.0,18810.666666666668,117088.0,25043.879310344826,270336.0,34898.625,91.13574473745003,285698.0,274863.0,9803.0,25043.879310344826,93134.37931034483,1578368.0,2064.551724137931,11469.241379310344,24103.724137931036,6692.620689655172,17411.103448275862,0.0,72315.58620689655,8667136.0,262144.0,12976128.0,0.0,332608.0,697664.0,119744.0,262144.0,5.194126247687343,140288.0,7.323242981868616,0.0,34.0,468.0,0.0,0.0,34.0,632.2413793103449,8317.491379310344,294.5431034482759,0.0,733.073275862069,6280.9698275862065
l4,2048,128,0,0,unrolled_elementwise_kernel,658688.0,0.0,13722.666666666666,9280.0,5059.8448275862065,16384.0,4677.25,67.90247580746514,55699.0,21497.0,33074.0,5059.8448275862065,7289.482758620689,391168.0,388.41379310344826,4660.9655172413795,2824.8275862068967,2824.8275862068967,0.0,0.0,0.0,0.0,0.0,0.0,262144.0,135168.0,81920.0,22528.0,0.0,0.0,0.0,24.290427871993188,0.0,93.0,3.0,0.0,12.0,5.0,16534.15948275862,647.4525862068965,174.4094827586207,1694.7672413793102,467.7284482758621,7197.5948275862065
l4,2048,128,0,0,unrolled_elementwise_kernel,661632.0,0.0,13784.0,9376.0,5114.741379310345,16384.0,4647.083333333333,68.47784758559506,55231.0,21534.0,32785.0,5114.741379310345,7357.172413793103,391168.0,388.41379310344826,4660.9655172413795,2824.8275862068967,2824.8275862068967,0.0,0.0,0.0,0.0,0.0,0.0,262144.0,135168.0,81920.0,22528.0,0.0,0.0,0.0,24.066943822120567,0.0,105.0,4.0,0.0,18.0,1.0,16596.39224137931,650.2112068965517,174.29310344827587,1728.353448275862,468.87068965517244,7198.987068965517
l4,2048,128,0,0,unrolled_elementwise_kernel,656128.0,0.0,13669.333333333334,9408.0,5094.8448275862065,16384.0,4675.5,68.47184501176896,55230.0,21534.0,32786.0,5094.8448275862065,7380.724137931034,391168.0,388.41379310344826,4660.9655172413795,2824.8275862068967,2824.8275862068967,0.0,0.0,0.0,0.0,0.0,0.0,262144.0,135168.0,81920.0,22528.0,0.0,0.0,0.0,23.99014674758574,0.0,104.0,3.0,0.0,17.0,4.0,16702.07327586207,611.1336206896551,174.36206896551724,1848.4827586206898,467.625,7199.5948275862065
l4,2048,128,0,0,vectorized_elementwise_kernel,1185152.0,0.0,24690.666666666668,8512.0,4421.086206896552,32768.0,4350.791666666667,50.76480141739259,67730.0,33598.0,33004.0,4421.086206896552,6650.137931034483,26624.0,88.27586206896552,141.24137931034483,600.2758620689655,459.0344827586207,141.24137931034483,0.0,0.0,0.0,0.0,262144.0,0.0,4096.0,13312.0,5120.0,0.0,0.0,0.0,2.081496883652919,0.0,196.0,1.0,0.0,0.0,0.0,10045.85775862069,36.22844827586207,0.8577586206896551,43.099137931034484,70.05172413793103,322.0603448275862
l4,2048,128,0,0,vectorized_elementwise_kernel,1188096.0,0.0,24752.0,8480.0,4474.879310344828,32768.0,4334.458333333333,50.73334120285663,67772.0,33599.0,33045.0,4474.879310344828,6658.551724137931,26624.0,88.27586206896552,141.24137931034483,600.2758620689655,459.0344827586207,141.24137931034483,0.0,0.0,0.0,0.0,262144.0,0.0,4096.0,13312.0,5120.0,0.0,0.0,0.0,2.0813913142549376,0.0,186.0,1.0,0.0,2.0,3.0,10122.081896551725,34.974137931034484,1.331896551724138,43.293103448275865,69.59913793103448,322.17241379310343
l4,2048,128,0,0,ampere_sgemm_128x64_tn,2517888.0,1152.0,52480.0,173664.0,133250.8620689655,1572864.0,136587.70833333334,99.2130112478744,1958859.0,1431616.0,525899.0,133250.8620689655,138658.62068965516,21616640.0,38806.06896551724,75776.0,584174.3448275862,220982.58620689655,363191.7586206897,0.0,0.0,0.0,536870912.0,4194304.0,0.0,2197504.0,16928768.0,2250752.0,0.0,0.0,0.0,67.23326328616548,0.0,268.0,76.0,0.0,1855.0,30.0,15461.331896551725,5284.418103448276,15245.431034482759,131793.2068965517,2183.9655172413795,107155.73706896552
l4,2048,128,0,0,softmax_warp_forward,19070336.0,0.0,397298.6666666667,104288.0,68139.3448275862,524288.0,69751.75,50.328189540440185,1058687.0,531803.0,525540.0,68139.3448275862,83862.44827586207,4685543.0,7168.0,41188.96551724138,60527.93103448276,13772.0,46755.93103448276,0.0,0.0,12914495.0,37783801.0,4194304.0,0.0,1194480.0,1753262.0,415744.0,0.0,16.176777160958565,393421.0,24.156587901946164,609.0,1162.0,20.0,0.0,134.0,530.0,123977.63362068965,1432.7112068965516,18779.077586206895,13145.918103448275,43217.67672413793,46591.57327586207
l4,2048,128,0,0,vectorized_elementwise_kernel,18798592.0,0.0,391637.3333333333,68512.0,52083.3275862069,524288.0,53513.041666666664,20.199539127806208,658317.0,525293.0,131680.0,52083.3275862069,54412.10344827586,671744.0,1412.4137931034484,14124.137931034482,5649.6551724137935,5649.6551724137935,0.0,0.0,0.0,0.0,0.0,0.0,0.0,409600.0,114688.0,81920.0,0.0,0.0,0.0,5.418149866504093,3.0,2648.0,2.0,0.0,2.0,27.0,488575.099137931,391.42241379310343,671.6034482758621,675.4353448275862,6989.452586206897,5362.7198275862065
l4,2048,128,0,0,reduce_kernel,5300096.0,0.0,110418.66666666667,28256.0,19333.896551724138,131072.0,16621.333333333332,6.525253098148201,141052.0,139780.0,360.0,19333.896551724138,22372.206896551725,1122304.0,882.7586206896551,29166.344827586207,4378.482758620689,4378.482758620689,0.0,0.0,0.0,0.0,0.0,0.0,0.0,845824.0,90112.0,51200.0,0.0,0.0,0.0,22.52931978409172,0.0,709.0,26.0,0.0,42.0,16.0,109664.09051724138,5131.849137931034,174.07327586206895,6124.637931034483,1604.9181034482758,8930.875
l4,2048,128,0,0,vectorized_elementwise_kernel,4480.0,0.0,93.33333333333333,3936.0,18.379310344827587,0.0,162.75,83.87824126268319,887.0,656.0,14.0,18.379310344827587,3042.689655172414,112.0,0.13793103448275862,1.2413793103448276,0.8275862068965517,0.8275862068965517,0.0,0.0,0.0,0.0,0.0,0.0,0.0,36.0,20.0,8.0,0.0,0.0,0.0,0.019832725129762686,0.0,0.0,0.0,0.0,0.0,0.0,0.0,0.0,0.0,0.0,0.2413793103448276,2.0
l4,2048,128,0,0,elementwise_kernel,19177472.0,128.0,399533.3333333334,71264.0,54377.18965517241,655360.0,54862.291666666664,50.348399594046136,1057263.0,530326.0,525593.0,54377.18965517241,56630.862068965514,6225920.0,10169.379310344828,106213.5172413793,63276.137931034486,63276.137931034486,0.0,0.0,0.0,0.0,0.0,0.0,0.0,3080192.0,1572864.0,589824.0,0.0,0.0,0.0,47.69089140501555,0.0,2126.0,95.0,0.0,109.0,47.0,380071.5775862069,18096.46551724138,37.0301724137931,21862.025862068964,7114.728448275862,71534.30603448275
l4,2048,128,0,0,vectorized_elementwise_kernel,18826880.0,0.0,392226.6666666667,68512.0,52040.60344827586,524288.0,53605.666666666664,33.50528393385138,789374.0,525265.0,262765.0,52040.60344827586,54412.89655172414,376832.0,1412.4137931034484,3389.793103448276,6779.586206896552,6779.586206896552,0.0,0.0,0.0,0.0,0.0,0.0,0.0,98304.0,131072.0,81920.0,0.0,0.0,0.0,3.0816730820659908,12.0,2293.0,3.0,0.0,7.0,121.0,426298.275862069,589.6681034482758,7278.185344827586,707.4008620689655,23756.15948275862,5023.366379310345
l4,2048,128,0,0,ampere_sgemm_128x64_nn,22144000.0,0.0,461333.3333333333,191744.0,144286.75862068965,2046281.0,151654.41666666666,91.07048907017285,1891201.0,1719957.0,166339.0,144286.75862068965,153596.10344827586,20397665.0,35479.362068965514,38994.03448275862,588354.2068965518,228010.1379310345,360344.0689655172,0.0,0.0,0.0,544210944.0,1310720.0,0.0,1130827.0,17057152.0,2057803.0,0.0,0.0,0.0,57.26446510967974,0.0,1146.0,14.0,19.0,1383.0,30.0,45729.40517241379,719.3146551724138,3299.689655172414,69048.46120689655,1408.9224137931035,94550.09913793103
l4,2048,128,0,0,vectorized_elementwise_kernel,1183360.0,0.0,24653.333333333332,8448.0,4389.3448275862065,32768.0,4124.916666666667,35.347396486825595,51008.0,33664.0,16432.0,4389.3448275862065,6621.275862068966,23552.0,88.27586206896552,211.86206896551724,423.7241379310345,423.7241379310345,0.0,0.0,0.0,0.0,0.0,0.0,0.0,6144.0,8192.0,5120.0,0.0,0.0,0.0,1.894493716702167,0.0,181.0,1.0,0.0,2.0,1.0,9890.51724137931,47.797413793103445,1.3103448275862069,50.668103448275865,60.76724137931034,357.74568965517244
l4,2048,128,1,0,unrolled_elementwise_kernel,657408.0,0.0,13696.0,9280.0,5088.413793103448,16384.0,4688.958333333333,67.87451318221792,55719.0,21499.0,33092.0,5088.413793103448,7294.413793103448,391168.0,388.41379310344826,4660.9655172413795,2824.8275862068967,2824.8275862068967,0.0,0.0,0.0,0.0,0.0,0.0,262144.0,135168.0,81920.0,22528.0,0.0,0.0,0.0,24.274007506925468,0.0,94.0,1.0,0.0,11.0,4.0,16579.456896551725,626.1034482758621,174.38362068965517,1668.728448275862,467.5301724137931,7197.939655172414
l4,2048,128,1,0,unrolled_elementwise_kernel,662912.0,0.0,13810.666666666666,9440.0,5132.9655172413795,16384.0,4692.958333333333,68.486329893174,55230.0,21532.0,32786.0,5132.9655172413795,7384.689655172414,391168.0,388.41379310344826,4660.9655172413795,2824.8275862068967,2824.8275862068967,0.0,0.0,0.0,0.0,0.0,0.0,262144.0,135168.0,81920.0,22528.0,0.0,0.0,0.0,23.977205868619137,0.0,111.0,7.0,0.0,10.0,3.0,16719.724137931036,652.8922413793103,174.35344827586206,1737.5431034482758,465.49568965517244,7198.4051724137935
l4,2048,128,1,0,unrolled_elementwise_kernel,662272.0,0.0,13797.333333333334,9280.0,5052.810344827586,16384.0,4652.375,68.48548506854524,55219.0,21528.0,32781.0,5052.810344827586,7287.310344827586,391168.0,388.41379310344826,4660.9655172413795,2824.8275862068967,2824.8275862068967,0.0,0.0,0.0,0.0,0.0,0.0,262144.0,135168.0,81920.0,22528.0,0.0,0.0,0.0,24.29766907046732,0.0,95.0,4.0,0.0,11.0,7.0,16599.616379310344,642.4137931034483,174.26724137931035,1746.6422413793102,484.11206896551727,7197.991379310345
l4,2048,128,1,0,vectorized_elementwise_kernel,1184256.0,0.0,24672.0,8448.0,4404.862068965517,32768.0,4273.166666666667,51.07625116983823,67317.0,33624.0,32781.0,4404.862068965517,6639.0,26624.0,88.27586206896552,141.24137931034483,600.2758620689655,459.0344827586207,141.24137931034483,0.0,0.0,0.0,0.0,262144.0,0.0,4096.0,13312.0,5120.0,0.0,0.0,0.0,2.0826516249331277,0.0,195.0,0.0,0.0,0.0,1.0,10145.168103448275,36.5948275862069,0.8362068965517241,43.474137931034484,68.34913793103448,322.0086206896552
l4,2048,128,1,0,vectorized_elementwise_kernel,1186432.0,0.0,24717.333333333332,8544.0,4488.362068965517,32768.0,4285.041666666667,51.049512010339136,67317.0,33624.0,32781.0,4488.362068965517,6704.724137931034,26624.0,88.27586206896552,141.24137931034483,600.2758620689655,459.0344827586207,141.24137931034483,0.0,0.0,0.0,0.0,262144.0,0.0,4096.0,13312.0,5120.0,0.0,0.0,0.0,2.0672505747362897,0.0,185.0,1.0,0.0,0.0,1.0,10166.129310344828,34.8448275862069,1.3491379310344827,43.19827586206897,69.51724137931035,322.11206896551727
l4,2048,128,1,0,ampere_sgemm_128x64_tn,2517632.0,2944.0,52512.0,173056.0,133225.0344827586,1572864.0,136184.125,99.21753562569293,1956383.0,1429140.0,525899.0,133225.0344827586,138178.9655172414,21616640.0,38806.06896551724,75776.0,584174.3448275862,221455.6551724138,362718.6896551724,0.0,0.0,0.0,536870912.0,4194304.0,0.0,2197504.0,16928768.0,2250752.0,0.0,0.0,0.0,67.46664745120646,1.0,275.0,63.0,0.0,1937.0,33.0,15501.504310344828,5392.629310344828,15176.487068965518,132194.93103448275,2169.012931034483,107173.4525862069
l4,2048,128,1,0,softmax_warp_forward,19066368.0,128.0,397218.6666666667,104544.0,68008.44827586207,524288.0,69763.20833333333,50.326187464994,1058747.0,531811.0,525592.0,68008.44827586207,84089.27586206897,4685543.0,7168.0,41188.96551724138,60527.93103448276,13763.51724137931,46764.41379310345,0.0,0.0,12914495.0,37783801.0,4194304.0,0.0,1194480.0,1753262.0,415744.0,0.0,16.133140926986876,393421.0,24.091426435533002,569.0,1160.0,14.0,0.0,135.0,541.0,123508.95689655172,1421.344827586207,18604.995689655174,13178.495689655172,42566.84482758621,46611.68965517241
l4,2048,128,1,0,vectorized_elementwise_kernel,18811648.0,0.0,391909.3333333333,68608.0,52000.293103448275,524288.0,53525.375,20.24265053249746,658313.0,525287.0,131682.0,52000.293103448275,54514.68965517241,671744.0,1412.4137931034484,14124.137931034482,5649.6551724137935,5649.6551724137935,0.0,0.0,0.0,0.0,0.0,0.0,0.0,409600.0,114688.0,81920.0,0.0,0.0,0.0,5.4068390930378785,3.0,2607.0,0.0,0.0,2.0,37.0,487782.7198275862,394.8405172413793,807.1810344827586,669.4655172413793,6152.538793103448,5362.495689655172
l4,2048,128,1,0,reduce_kernel,5296128.0,0.0,110336.0,28800.0,19433.172413793105,131072.0,16679.708333333332,6.227289372130363,142004.0,139757.0,903.0,19433.172413793105,22833.44827586207,1122304.0,882.7586206896551,29166.344827586207,4378.482758620689,4378.482758620689,0.0,0.0,0.0,0.0,0.0,0.0,0.0,845824.0,90112.0,51200.0,0.0,0.0,0.0,22.072787199661718,0.0,700.0,29.0,0.0,41.0,12.0,110211.09051724138,5120.060344827586,172.64224137931035,6118.827586206897,1600.6939655172414,8931.318965517241
l4,2048,128,1,0,vectorized_elementwise_kernel,4480.0,0.0,93.33333333333333,3904.0,18.413793103448278,0.0,158.5,83.87824126268319,887.0,656.0,14.0,18.413793103448278,3030.0,112.0,0.13793103448275862,1.2413793103448276,0.8275862068965517,0.8275862068965517,0.0,0.0,0.0,0.0,0.0,0.0,0.0,36.0,20.0,8.0,0.0,0.0,0.0,0.019915784681916467,0.0,0.0,0.0,0.0,0.0,0.0,0.0,0.0,0.0,0.0,0.2413793103448276,2.0
l4,2048,128,1,0,elementwise_kernel,19175680.0,0.0,399493.3333333333,71360.0,54377.39655172414,655360.0,54899.333333333336,50.34735325802695,1057281.0,530333.0,525604.0,54377.39655172414,56723.10344827586,6225920.0,10169.379310344828,106213.5172413793,63276.137931034486,63276.137931034486,0.0,0.0,0.0,0.0,0.0,0.0,0.0,3080192.0,1572864.0,589824.0,0.0,0.0,0.0,47.57996346437929,0.0,2102.0,90.0,0.0,117.0,43.0,381988.1163793103,18240.418103448275,39.27155172413793,21962.280172413793,7106.3405172413795,71544.125
l4,2048,128,1,0,vectorized_elementwise_kernel,18830464.0,256.0,392306.6666666666,68544.0,52025.0,524288.0,53700.791666666664,33.543372123368016,789378.0,525269.0,262765.0,52025.0,54419.275862068964,376832.0,1412.4137931034484,3389.793103448276,6779.586206896552,6779.586206896552,0.0,0.0,0.0,0.0,0.0,0.0,0.0,98304.0,131072.0,81920.0,0.0,0.0,0.0,3.0805039289450558,20.0,2265.0,3.0,0.0,5.0,125.0,428023.8836206897,589.9913793103449,6654.056034482759,708.625,23091.379310344826,5020.599137931034
l4,2048,128,1,0,ampere_sgemm_128x64_nn,22144256.0,128.0,461341.3333333334,191456.0,144326.8103448276,2046339.0,151659.04166666666,91.24700696330517,1891056.0,1720944.0,165611.0,144326.8103448276,153345.93103448275,20397674.0,35479.41379310345,38994.137931034486,588354.2068965518,228106.1724137931,360248.0344827586,0.0,0.0,0.0,544210944.0,1310720.0,0.0,1130830.0,17057152.0,2057806.0,0.0,0.0,0.0,57.358241969025634,0.0,1185.0,12.0,16.0,1315.0,35.0,45705.98275862069,722.323275862069,3217.9913793103447,69182.95689655172,1413.1120689655172,94571.41379310345
l4,2048,128,1,0,vectorized_elementwise_kernel,1184256.0,0.0,24672.0,8448.0,4310.793103448276,32768.0,4082.4166666666665,35.382050024521824,50975.0,33666.0,16397.0,4310.793103448276,6621.586206896552,23552.0,88.27586206896552,211.86206896551724,423.7241379310345,423.7241379310345,0.0,0.0,0.0,0.0,0.0,0.0,0.0,6144.0,8192.0,5120.0,0.0,0.0,0.0,1.8947954964431901,0.0,190.0,0.0,0.0,0.0,2.0,9777.051724137931,47.62931034482759,1.2887931034482758,50.80172413793103,59.99568965517241,358.10775862068965
l4,2048,128,2,0,unrolled_elementwise_kernel,660736.0,0.0,13765.333333333334,9312.0,5070.137931034483,16384.0,4620.041666666667,68.49024827511273,55221.0,21528.0,32781.0,5070.137931034483,7289.413793103448,391168.0,388.41379310344826,4660.9655172413795,2824.8275862068967,2824.8275862068967,0.0,0.0,0.0,0.0,0.0,0.0,262144.0,135168.0,81920.0,22528.0,0.0,0.0,0.0,24.29065768497538,0.0,100.0,2.0,0.0,4.0,2.0,16478.25,633.8706896551724,174.25862068965517,1782.1120689655172,471.0344827586207,7198.745689655172
l4,2048,128,2,0,unrolled_elementwise_kernel,661760.0,0.0,13786.666666666666,9312.0,5099.724137931034,16384.0,4639.916666666667,68.486329893174,55230.0,21532.0,32786.0,5099.724137931034,7308.310344827586,391168.0,388.41379310344826,4660.9655172413795,2824.8275862068967,2824.8275862068967,0.0,0.0,0.0,0.0,0.0,0.0,262144.0,135168.0,81920.0,22528.0,0.0,0.0,0.0,24.227851147253247,0.0,110.0,5.0,0.0,9.0,3.0,16409.181034482757,642.1206896551724,174.32758620689654,1809.2456896551723,470.7844827586207,7198.775862068966
l4,2048,128,2,0,unrolled_elementwise_kernel,659200.0,0.0,13733.333333333334,9344.0,5048.4655172413795,16384.0,4645.041666666667,68.49253055681305,55225.0,21534.0,32781.0,5048.4655172413795,7304.9655172413795,391168.0,388.41379310344826,4660.9655172413795,2824.8275862068967,2824.8275862068967,0.0,0.0,0.0,0.0,0.0,0.0,262144.0,135168.0,81920.0,22528.0,0.0,0.0,0.0,24.238944695153037,0.0,107.0,6.0,0.0,11.0,0.0,16357.840517241379,624.4353448275862,174.2801724137931,1764.323275862069,472.8318965517241,7199.418103448276
l4,2048,128,2,0,vectorized_elementwise_kernel,1185152.0,0.0,24690.666666666668,8416.0,4409.689655172414,32768.0,4316.0,51.08067558935813,67319.0,33626.0,32781.0,4409.689655172414,6595.931034482759,26624.0,88.27586206896552,141.24137931034483,600.2758620689655,459.0344827586207,141.24137931034483,0.0,0.0,0.0,0.0,262144.0,0.0,4096.0,13312.0,5120.0,0.0,0.0,0.0,2.0974268357712695,0.0,180.0,0.0,0.0,0.0,4.0,10171.224137931034,36.1551724137931,0.7025862068965517,43.327586206896555,69.9353448275862,322.01293103448273
l4,2048,128,2,0,vectorized_elementwise_kernel,1186304.0,0.0,24714.666666666668,8448.0,4449.206896551724,32768.0,4297.333333333333,51.08516422300459,67317.0,33624.0,32781.0,4449.206896551724,6605.206896551724,26624.0,88.27586206896552,141.24137931034483,600.2758620689655,459.0344827586207,141.24137931034483,0.0,0.0,0.0,0.0,262144.0,0.0,4096.0,13312.0,5120.0,0.0,0.0,0.0,2.0983967716169585,0.0,183.0,0.0,0.0,1.0,0.0,10247.443965517241,34.9051724137931,1.0517241379310345,43.560344827586206,67.42241379310344,322.13793103448273
l4,2048,128,2,0,ampere_sgemm_128x64_tn,2518016.0,3200.0,52525.33333333333,173632.0,133393.5172413793,1572864.0,136683.125,99.14121855171913,1960918.0,1433663.0,525911.0,133393.5172413793,138650.2068965517,21616640.0,38806.06896551724,75776.0,584174.3448275862,221078.93103448275,363095.4137931034,0.0,0.0,0.0,536870912.0,4194304.0,0.0,2197504.0,16928768.0,2250752.0,0.0,0.0,0.0,67.23738987419596,1.0,271.0,54.0,0.0,1883.0,29.0,15375.301724137931,5370.021551724138,15029.150862068966,132068.09913793104,2183.831896551724,107192.88362068965
l4,2048,128,2,0,softmax_warp_forward,19064832.0,640.0,397197.3333333333,105216.0,68049.4827586207,524288.0,69700.83333333333,50.29414541129383,1059340.0,532199.0,525797.0,68049.4827586207,84619.1724137931,4685543.0,7168.0,41188.96551724138,60527.93103448276,13720.103448275862,46807.8275862069,0.0,0.0,12914495.0,37783801.0,4194304.0,0.0,1194480.0,1753262.0,415744.0,0.0,16.032113045221674,393421.0,23.94056270772581,611.0,1160.0,14.0,0.0,128.0,480.0,123861.96551724138,1412.6853448275863,18379.262931034482,13035.14224137931,42802.525862068964,46585.64655172414
l4,2048,128,2,0,vectorized_elementwise_kernel,18791936.0,0.0,391498.6666666667,68480.0,52109.3275862069,524288.0,53532.25,20.198771578277324,658243.0,525279.0,131620.0,52109.3275862069,54384.58620689655,671744.0,1412.4137931034484,14124.137931034482,5649.6551724137935,5649.6551724137935,0.0,0.0,0.0,0.0,0.0,0.0,0.0,409600.0,114688.0,81920.0,0.0,0.0,0.0,5.420487105562998,5.0,2632.0,3.0,0.0,0.0,40.0,488258.275862069,392.8836206896552,750.6379310344828,675.2198275862069,6152.995689655172,5361.5948275862065
l4,2048,128,2,0,reduce_kernel,5296768.0,0.0,110349.33333333333,28544.0,19470.431034482757,131072.0,16821.833333333332,6.216861361667969,142017.0,139755.0,918.0,19470.431034482757,22618.793103448275,1122304.0,882.7586206896551,29166.344827586207,4378.482758620689,4378.482758620689,0.0,0.0,0.0,0.0,0.0,0.0,0.0,845824.0,90112.0,51200.0,0.0,0.0,0.0,22.282489385543,0.0,714.0,35.0,0.0,27.0,14.0,110061.77586206897,5147.814655172414,177.26724137931035,6225.693965517241,1608.8189655172414,8933.823275862069
l4,2048,128,2,0,vectorized_elementwise_kernel,4480.0,0.0,93.33333333333333,3904.0,18.396551724137932,0.0,159.91666666666666,83.84180790960453,885.0,654.0,14.0,18.396551724137932,3002.5172413793102,112.0,0.13793103448275862,1.2413793103448276,0.8275862068965517,0.8275862068965517,0.0,0.0,0.0,0.0,0.0,0.0,0.0,36.0,20.0,8.0,0.0,0.0,0.0,0.02009807862368358,0.0,0.0,0.0,0.0,0.0,0.0,0.0,0.0,0.0,0.0,0.2413793103448276,2.0
l4,2048,128,2,0,elementwise_kernel,19173888.0,384.0,399464.0,71392.0,54303.93103448276,655360.0,54873.75,50.351903856139856,1057249.0,530313.0,525592.0,54303.93103448276,56740.03448275862,6225920.0,10169.379310344828,106213.5172413793,63276.137931034486,63276.137931034486,0.0,0.0,0.0,0.0,0.0,0.0,0.0,3080192.0,1572864.0,589824.0,0.0,0.0,0.0,47.56743702828569,0.0,2095.0,102.0,0.0,115.0,33.0,381533.1637931034,17671.07327586207,32.76293103448276,21460.396551724138,7123.142241379311,71516.44827586207
l4,2048,128,2,0,vectorized_elementwise_kernel,18828288.0,0.0,392256.0,68704.0,52026.5,524288.0,53697.416666666664,33.55139476551217,789380.0,525271.0,262765.0,52026.5,54553.31034482759,376832.0,1412.4137931034484,3389.793103448276,6779.586206896552,6779.586206896552,0.0,0.0,0.0,0.0,0.0,0.0,0.0,98304.0,131072.0,81920.0,0.0,0.0,0.0,3.07305381765132,18.0,2310.0,0.0,0.0,3.0,101.0,427876.0431034483,590.9655172413793,6029.991379310345,706.9137931034483,23443.056034482757,5025.413793103448
l4,2048,128,2,0,ampere_sgemm_128x64_nn,22141568.0,0.0,461282.6666666667,191616.0,144267.05172413794,2046778.0,151820.58333333334,90.69778240231659,1895204.0,1723960.0,166304.0,144267.05172413794,153483.06896551725,20397596.0,35478.96551724138,38993.24137931035,588354.2068965518,228228.1379310345,360126.0689655172,0.0,0.0,0.0,544210944.0,1310720.0,0.0,1130804.0,17057152.0,2057780.0,0.0,0.0,0.0,57.30846365397149,0.0,1180.0,9.0,20.0,1339.0,37.0,45963.14224137931,723.0818965517242,3239.6077586206898,69192.84913793103,1400.4137931034484,94605.05603448275
l4,2048,128,2,0,vectorized_elementwise_kernel,1184000.0,0.0,24666.666666666668,8320.0,4266.051724137931,32768.0,4009.7083333333335,35.371667353304694,50973.0,33664.0,16397.0,4266.051724137931,6519.793103448276,23552.0,88.27586206896552,211.86206896551724,423.7241379310345,423.7241379310345,0.0,0.0,0.0,0.0,0.0,0.0,0.0,6144.0,8192.0,5120.0,0.0,0.0,0.0,1.9239821445571574,0.0,193.0,0.0,0.0,0.0,1.0,9968.474137931034,47.525862068965516,1.206896551724138,50.706896551724135,63.19827586206897,357.24568965517244
l4,2048,128,0,0,fmha_cutlassF_f16_aligned_64x128_rf_sm80,1865600.0,0.0,38866.666666666664,197952.0,84835.81034482758,1310720.0,76937.16666666667,97.43297332683667,1338124.0,1318683.0,18097.0,84835.81034482758,157622.7931034483,6209878.0,11785.758620689656,69401.86206896552,56826.31034482759,30271.931034482757,26554.379310344826,0.0,144631.1724137931,9607720.0,65536.0,12597830.0,0.0,2012654.0,1605211.0,683574.0,1048576.0,2.928094812123487,133845.0,17.015469712611576,353.0,98.0,1277.0,0.0,325.0,372.0,3993.8793103448274,45142.379310344826,4671.857758620689,11744.103448275862,11842.810344827587,33904.76724137931
l4,2048,128,1,0,fmha_cutlassF_f16_aligned_64x128_rf_sm80,1866752.0,0.0,38890.666666666664,198176.0,84884.70689655172,1310720.0,74700.95833333333,97.29661980489348,1340396.0,1319167.0,19453.0,84884.70689655172,157791.6896551724,6209878.0,11785.758620689656,69401.86206896552,56826.31034482759,30271.48275862069,26554.827586206895,0.0,144631.1724137931,9607720.0,65536.0,12597830.0,0.0,2012654.0,1605211.0,683574.0,1048576.0,2.924960647593215,133845.0,16.997221238214767,337.0,116.0,1292.0,0.0,315.0,346.0,3750.0775862068967,45111.5474137931,4667.323275862069,11741.168103448275,11837.590517241379,33905.487068965514
l4,2048,128,2,0,fmha_cutlassF_f16_aligned_64x128_rf_sm80,1866624.0,0.0,38888.0,198016.0,84822.77586206897,1310720.0,77577.25,97.40876594028045,1338590.0,1319063.0,18183.0,84822.77586206897,157679.8275862069,6209878.0,11785.758620689656,69401.86206896552,56826.31034482759,30275.862068965518,26550.44827586207,0.0,144631.1724137931,9607720.0,65536.0,12597830.0,0.0,2012654.0,1605211.0,683574.0,1048576.0,2.9270356888631803,133845.0,17.009238493980053,325.0,100.0,1302.0,0.0,354.0,325.0,3965.7887931034484,45117.995689655174,4679.297413793103,11731.064655172413,11870.103448275862,33904.18534482759
l4,2048,128,0,0,flash_fwd_splitkv_kernel,1794560.0,0.0,37386.666666666664,99616.0,59374.793103448275,1097728.0,50262.375,95.7514328958142,1209090.0,1107063.0,100683.0,59374.793103448275,79955.75862068965,2476800.0,6912.0,17734.620689655174,29974.068965517243,9661.793103448275,20312.275862068964,0.0,144631.1724137931,8437760.0,180224.0,8652004.0,0.0,514304.0,860800.0,400896.0,524288.0,6.01160038072779,139392.0,13.394735105664038,150.0,226.0,966.0,0.0,0.0,47.0,3895.3275862068967,17085.349137931036,2122.2155172413795,0.0,964.4784482758621,15569.469827586207
l4,2048,128,0,0,flash_fwd_splitkv_combine_kernel,3508480.0,0.0,73093.33333333333,22528.0,15532.01724137931,99840.0,11815.166666666666,17.553213304351388,121915.0,103236.0,17335.0,15532.01724137931,17843.344827586207,1213952.0,556.1379310344828,20144.55172413793,15960.275862068966,14519.172413793103,1441.103448275862,0.0,0.0,290816.0,1163264.0,79872.0,0.0,584192.0,394752.0,32256.0,0.0,17.117557594157585,88576.0,29.90883783580085,0.0,439.0,41.0,0.0,38.0,38.0,53123.762931034486,6836.327586206897,1066.8362068965516,9231.314655172413,5536.952586206897,13387.801724137931
l4,2048,128,1,0,flash_fwd_splitkv_kernel,1796864.0,0.0,37434.666666666664,99104.0,59428.31034482759,1097728.0,49240.625,95.79750225082088,1208448.0,1107105.0,100431.0,59428.31034482759,79551.6551724138,2476800.0,6912.0,17734.620689655174,29974.068965517243,9662.310344827587,20311.758620689656,0.0,144631.1724137931,8437760.0,180224.0,8652004.0,0.0,514304.0,860800.0,400896.0,524288.0,6.042137877882858,139392.0,13.462777167557146,163.0,242.0,961.0,0.0,0.0,70.0,3962.4655172413795,17086.883620689656,2115.9741379310344,0.0,966.5862068965517,15569.793103448275
l4,2048,128,1,0,flash_fwd_splitkv_combine_kernel,3507968.0,0.0,73082.66666666667,22496.0,15579.810344827587,99840.0,11760.0,17.572359672308778,121822.0,103234.0,17336.0,15579.810344827587,17794.241379310344,1213952.0,556.1379310344828,20144.55172413793,15960.275862068966,14519.275862068966,1441.0,0.0,0.0,290816.0,1163264.0,79872.0,0.0,584192.0,394752.0,32256.0,0.0,17.164793724432354,88576.0,29.980398540403424,0.0,449.0,35.0,0.0,38.0,44.0,53346.34482758621,6853.931034482759,985.198275862069,9250.51724137931,5541.478448275862,13393.025862068966
l4,2048,128,2,0,flash_fwd_splitkv_kernel,1794560.0,0.0,37386.666666666664,99840.0,59372.46551724138,1097728.0,44157.333333333336,95.80997148993043,1208345.0,1106444.0,100557.0,59372.46551724138,80210.86206896552,2476800.0,6912.0,17734.620689655174,29974.068965517243,9663.48275862069,20310.58620689655,0.0,144631.1724137931,8437760.0,180224.0,8652004.0,0.0,514304.0,860800.0,400896.0,524288.0,5.99248102522876,139392.0,13.352134352772756,170.0,216.0,1003.0,0.0,0.0,57.0,3901.310344827586,17085.637931034482,2114.1508620689656,0.0,961.8706896551724,15569.818965517241
l4,2048,128,2,0,flash_fwd_splitkv_combine_kernel,3510656.0,0.0,73138.66666666667,22336.0,15437.172413793103,99840.0,11716.083333333334,17.58590366297657,121677.0,103240.0,17309.0,15437.172413793103,17669.724137931036,1213952.0,556.1379310344828,20144.55172413793,15960.275862068966,14518.620689655172,1441.655172413793,0.0,0.0,290816.0,1163264.0,79872.0,0.0,584192.0,394752.0,32256.0,0.0,17.285752758468607,88576.0,30.20008411036216,0.0,436.0,27.0,0.0,34.0,53.0,54159.275862068964,6813.896551724138,1058.905172413793,9241.504310344828,5536.375,13386.168103448275
l4,2048,128,0,0,cudnn_generated_fort_native_sdpa_sm80_flash_fprop_wmma_f16_knob_3_64x64x128_4x1x1_kernel0_0,1850112.0,0.0,38544.0,119552.0,50945.3275862069,1064960.0,75552.75,95.4209595553616,1088525.0,1069191.0,17990.0,50945.3275862069,95135.79310344828,2502144.0,6468.413793103448,16931.310344827587,31783.724137931036,11486.137931034482,20297.58620689655,0.0,144631.1724137931,8667136.0,262144.0,17301504.0,0.0,491008.0,919168.0,375168.0,524288.0,5.1126919126127515,141056.0,11.369098363210773,2.0,130.0,988.0,0.0,0.0,74.0,2158.646551724138,17333.099137931036,1011.8922413793103,0.0,1276.4525862068965,13989.737068965518
l4,2048,128,1,0,cudnn_generated_fort_native_sdpa_sm80_flash_fprop_wmma_f16_knob_3_64x64x128_4x1x1_kernel0_0,1852288.0,0.0,38589.333333333336,119520.0,50949.58620689655,1064960.0,72527.875,95.4190934646407,1088540.0,1069201.0,17995.0,50949.58620689655,95085.13793103448,2502144.0,6468.413793103448,16931.310344827587,31783.724137931036,11482.0,20301.724137931036,0.0,144631.1724137931,8667136.0,262144.0,17301504.0,0.0,491008.0,919168.0,375168.0,524288.0,5.115415622079523,141056.0,11.375177744518615,4.0,122.0,1000.0,0.0,0.0,75.0,2169.560344827586,17333.754310344826,1011.6724137931035,0.0,1277.2887931034484,13989.650862068966
l4,2048,128,2,0,cudnn_generated_fort_native_sdpa_sm80_flash_fprop_wmma_f16_knob_3_64x64x128_4x1x1_kernel0_0,1847808.0,0.0,38496.0,119552.0,50969.84482758621,1064960.0,77601.5,95.41765728291264,1088548.0,1069209.0,17995.0,50969.84482758621,95105.75862068965,2502144.0,6468.413793103448,16931.310344827587,31783.724137931036,11484.103448275862,20299.620689655174,0.0,144631.1724137931,8667136.0,262144.0,17301504.0,0.0,491008.0,919168.0,375168.0,524288.0,5.114306505244434,141056.0,11.372679670218309,2.0,114.0,1002.0,0.0,0.0,88.0,2145.0387931034484,17333.362068965518,1011.8103448275862,0.0,1276.905172413793,13989.758620689656
l4,4096,64,0,0,unrolled_elementwise_kernel,653568.0,0.0,13616.0,9344.0,5146.189655172414,16384.0,4701.958333333333,68.48052441917316,55223.0,21530.0,32781.0,5146.189655172414,7330.827586206897,391168.0,388.41379310344826,4660.9655172413795,2824.8275862068967,2824.8275862068967,0.0,0.0,0.0,0.0,0.0,0.0,262144.0,135168.0,81920.0,22528.0,0.0,0.0,0.0,24.153433304796938,0.0,101.0,2.0,0.0,6.0,5.0,16629.25,620.6336206896551,173.73706896551724,1765.021551724138,479.0603448275862,7198.603448275862
l4,4096,64,0,0,unrolled_elementwise_kernel,660224.0,0.0,13754.666666666666,9344.0,5153.982758620689,16384.0,4623.708333333333,68.49501113666408,55223.0,21530.0,32781.0,5153.982758620689,7336.379310344828,391168.0,388.41379310344826,4660.9655172413795,2824.8275862068967,2824.8275862068967,0.0,0.0,0.0,0.0,0.0,0.0,262144.0,135168.0,81920.0,22528.0,0.0,0.0,0.0,24.135155460506212,2.0,103.0,5.0,0.0,13.0,2.0,16501.59051724138,612.1724137931035,174.25,1759.2370689655172,468.48706896551727,7198.896551724138
l4,4096,64,0,0,unrolled_elementwise_kernel,659072.0,0.0,13730.666666666666,9344.0,5119.051724137931,16384.0,4649.708333333333,68.47432461794742,55228.0,21532.0,32786.0,5119.051724137931,7333.137931034483,391168.0,388.41379310344826,4660.9655172413795,2824.8275862068967,2824.8275862068967,0.0,0.0,0.0,0.0,0.0,0.0,262144.0,135168.0,81920.0,22528.0,0.0,0.0,0.0,24.145823634799047,0.0,99.0,5.0,0.0,14.0,2.0,16550.625,638.1896551724138,174.31034482758622,1801.5474137931035,489.41379310344826,7199.004310344828
l4,4096,64,0,0,vectorized_elementwise_kernel,1183872.0,0.0,24664.0,8416.0,4381.017241379311,32768.0,4287.791666666667,50.758101424669675,67735.0,33597.0,33010.0,4381.017241379311,6579.206896551724,26624.0,88.27586206896552,141.24137931034483,600.2758620689655,459.0344827586207,141.24137931034483,0.0,0.0,0.0,0.0,262144.0,0.0,4096.0,13312.0,5120.0,0.0,0.0,0.0,2.1023653411741274,0.0,192.0,0.0,0.0,0.0,2.0,9940.939655172413,36.01293103448276,0.5862068965517241,43.21120689655172,69.28017241379311,322.1896551724138
l4,4096,64,0,0,vectorized_elementwise_kernel,1187072.0,0.0,24730.666666666668,8480.0,4428.3448275862065,32768.0,4293.916666666667,51.049615487395705,67358.0,33626.0,32820.0,4428.3448275862065,6636.206896551724,26624.0,88.27586206896552,141.24137931034483,600.2758620689655,459.0344827586207,141.24137931034483,0.0,0.0,0.0,0.0,262144.0,0.0,4096.0,13312.0,5120.0,0.0,0.0,0.0,2.0882047285009095,0.0,187.0,0.0,0.0,0.0,1.0,10255.262931034482,34.87931034482759,1.1120689655172413,43.206896551724135,69.39224137931035,322.03879310344826
l4,4096,64,0,0,ampere_sgemm_128x128_tn,2487808.0,50743168.0,1108978.6666666665,365920.0,283048.6206896552,2097152.0,281965.0833333333,99.63516730143913,4154507.0,2054244.0,2098919.0,283048.6206896552,291583.0,45424640.0,81778.75862068965,196890.4827586207,1179083.0344827587,442444.0344827586,736639.0,0.0,0.0,0.0,1073741824.0,16777216.0,0.0,5709824.0,34152448.0,4743168.0,0.0,0.0,0.0,67.16772813371765,10.0,694.0,248.0,0.0,3755.0,51.0,48493.03879310345,17198.69827586207,60515.16379310345,261429.0431034483,3599.9655172413795,257532.1724137931
l4,4096,64,0,0,cunn_SoftMaxForwardReg,73175936.0,48970496.0,2544717.3333333335,484544.0,366431.9137931034,2097152.0,393953.0,50.0527692421994,4199416.0,2099173.0,2098899.0,366431.9137931034,385811.275862069,37423774.0,61722.48275862069,314700.4137931034,575420.275862069,299180.8620689655,276239.4137931034,0.0,0.0,88756517.0,235048651.0,16777216.0,0.0,9126312.0,15638612.0,3579904.0,0.0,18.75518555749117,2098429.0,41.82419075361752,205.0,4076.0,742.0,0.0,3093.0,2390.0,571297.5603448276,100382.44827586207,151084.0431034483,430155.0,323981.6939655172,326796.2543103448
l4,4096,64,0,0,vectorized_elementwise_kernel,75080832.0,8943104.0,1750498.6666666667,293696.0,231242.25862068965,2097152.0,239019.25,20.08601258014895,2626360.0,2099353.0,525663.0,231242.25862068965,233900.24137931035,2686976.0,5649.6551724137935,56496.55172413793,22598.620689655174,22598.620689655174,0.0,0.0,0.0,0.0,0.0,0.0,0.0,1638400.0,458752.0,327680.0,0.0,0.0,0.0,4.973703422340234,12.0,11891.0,5.0,0.0,5.0,169.0,2244992.9913793104,760.5344827586207,2121.7456896551726,1170.1896551724137,35510.19827586207,21084.14224137931
l4,4096,64,0,0,reduce_kernel,20987776.0,0.0,437245.3333333333,85312.0,62144.53448275862,524288.0,63907.208333333336,2.0509335964406055,537170.0,533227.0,2599.0,62144.53448275862,67824.03448275862,3686400.0,2895.448275862069,101270.06896551725,13276.689655172413,13276.689655172413,0.0,0.0,0.0,0.0,0.0,0.0,0.0,2936832.0,245760.0,167936.0,0.0,0.0,0.0,23.81465577506092,0.0,2763.0,87.0,0.0,103.0,20.0,502766.650862069,16262.060344827587,558.9741379310345,19053.34051724138,3425.418103448276,26129.206896551725
l4,4096,64,0,0,vectorized_elementwise_kernel,4352.0,0.0,90.66666666666667,3840.0,18.379310344827587,0.0,145.66666666666666,84.06779661016948,885.0,654.0,14.0,18.379310344827587,3002.0,112.0,0.13793103448275862,1.2413793103448276,0.8275862068965517,0.8275862068965517,0.0,0.0,0.0,0.0,0.0,0.0,0.0,36.0,20.0,8.0,0.0,0.0,0.0,0.020101541501068253,0.0,0.0,0.0,0.0,0.0,0.0,0.0,0.0,0.0,0.0,0.2413793103448276,2.0
l4,4096,64,0,0,elementwise_kernel,76593664.0,40179328.0,2432770.6666666665,421600.0,331588.8965517241,2621440.0,344374.9166666667,50.109084759273635,4210029.0,2107537.0,2100716.0,331588.8965517241,335985.3793103448,24903680.0,40677.51724137931,424854.0689655172,253104.55172413794,253104.55172413794,0.0,0.0,0.0,0.0,0.0,0.0,0.0,12320768.0,6291456.0,2359296.0,0.0,0.0,0.0,31.994605984496864,0.0,15639.0,244.0,0.0,296.0,125.0,2788290.9913793104,51335.96551724138,45.32327586206897,63405.44827586207,26977.568965517243,283280.8793103448
l4,4096,64,0,0,vectorized_elementwise_kernel,75285248.0,17495424.0,1932930.6666666667,324800.0,254227.6551724138,2097152.0,265590.75,33.412326640927134,3147946.0,2098262.0,1048772.0,254227.6551724138,258675.37931034484,1507328.0,5649.6551724137935,13559.172413793103,27118.344827586207,27118.344827586207,0.0,0.0,0.0,0.0,0.0,0.0,0.0,393216.0,524288.0,327680.0,0.0,0.0,0.0,2.531837934004889,168.0,11034.0,1.0,0.0,4.0,759.0,2086321.426724138,649.2025862068965,51422.004310344826,963.9353448275862,152513.9224137931,19540.293103448275
l4,4096,64,0,0,ampere_sgemm_64x64_nn,85148288.0,2000256.0,1815594.6666666667,389696.0,300028.1034482759,6475608.0,313103.7916666667,90.88299882204944,6722693.0,6239693.0,461389.0,300028.1034482759,311519.6896551724,42832505.0,83227.91379310345,121563.13793103448,1177396.9655172413,443779.724137931,733617.2413793104,0.0,0.0,0.0,1087635456.0,3670016.0,0.0,3525331.0,34130176.0,4827219.0,0.0,0.0,0.0,59.288258582426465,75.0,2564.0,98.0,50.0,3583.0,132.0,146070.6594827586,6337.7155172413795,86086.12068965517,244528.4353448276,10542.129310344828,198358.00431034484
l4,4096,64,0,0,vectorized_elementwise_kernel,1184512.0,0.0,24677.333333333332,8448.0,4359.241379310345,32768.0,4060.7916666666665,35.37559099915642,50973.0,33664.0,16397.0,4359.241379310345,6603.103448275862,23552.0,88.27586206896552,211.86206896551724,423.7241379310345,423.7241379310345,0.0,0.0,0.0,0.0,0.0,0.0,0.0,6144.0,8192.0,5120.0,0.0,0.0,0.0,1.90029505457204,0.0,183.0,0.0,0.0,1.0,0.0,9898.5,47.991379310344826,0.8405172413793104,50.89655172413793,59.810344827586206,357.78879310344826
l4,4096,64,1,0,unrolled_elementwise_kernel,659072.0,0.0,13730.666666666666,9376.0,5123.568965517241,16384.0,4723.25,67.96585804132974,55650.0,21507.0,33015.0,5123.568965517241,7344.137931034483,391168.0,388.41379310344826,4660.9655172413795,2824.8275862068967,2824.8275862068967,0.0,0.0,0.0,0.0,0.0,0.0,262144.0,135168.0,81920.0,22528.0,0.0,0.0,0.0,24.10965818386703,0.0,96.0,0.0,0.0,14.0,4.0,16283.564655172413,643.9698275862069,174.2844827586207,1741.3189655172414,464.21120689655174,7198.426724137931
l4,4096,64,1,0,unrolled_elementwise_kernel,660736.0,0.0,13765.333333333334,9344.0,5092.482758620689,16384.0,4626.541666666667,68.4466722159893,55262.0,21534.0,32816.0,5092.482758620689,7318.793103448276,391168.0,388.41379310344826,4660.9655172413795,2824.8275862068967,2824.8275862068967,0.0,0.0,0.0,0.0,0.0,0.0,262144.0,135168.0,81920.0,22528.0,0.0,0.0,0.0,24.193149426370468,0.0,98.0,5.0,0.0,13.0,4.0,16569.17672413793,623.1034482758621,174.25862068965517,1783.8793103448277,481.60775862068965,7199.081896551724
l4,4096,64,1,0,unrolled_elementwise_kernel,659712.0,0.0,13744.0,9312.0,5071.620689655172,16384.0,4606.666666666667,68.44324598233675,55256.0,21530.0,32816.0,5071.620689655172,7279.827586206897,391168.0,388.41379310344826,4660.9655172413795,2824.8275862068967,2824.8275862068967,0.0,0.0,0.0,0.0,0.0,0.0,262144.0,135168.0,81920.0,22528.0,0.0,0.0,0.0,24.322644056556854,0.0,99.0,3.0,0.0,17.0,4.0,16243.60775862069,631.4870689655172,174.25862068965517,1784.9396551724137,471.63793103448273,7198.564655172414
l4,4096,64,1,0,vectorized_elementwise_kernel,1186816.0,0.0,24725.333333333332,8480.0,4424.758620689655,32768.0,4284.083333333333,51.082193205282465,67317.0,33624.0,32781.0,4424.758620689655,6628.448275862069,26624.0,88.27586206896552,141.24137931034483,600.2758620689655,459.0344827586207,141.24137931034483,0.0,0.0,0.0,0.0,262144.0,0.0,4096.0,13312.0,5120.0,0.0,0.0,0.0,2.088698140200286,0.0,188.0,0.0,0.0,1.0,0.0,10066.965517241379,36.02155172413793,0.5258620689655172,42.974137931034484,70.47413793103448,321.9784482758621
l4,4096,64,1,0,vectorized_elementwise_kernel,1186688.0,0.0,24722.666666666668,8480.0,4420.741379310345,32768.0,4314.25,50.76096423246682,67743.0,33605.0,33010.0,4420.741379310345,6652.0344827586205,26624.0,88.27586206896552,141.24137931034483,600.2758620689655,459.0344827586207,141.24137931034483,0.0,0.0,0.0,0.0,262144.0,0.0,4096.0,13312.0,5120.0,0.0,0.0,0.0,2.083819313769705,0.0,187.0,0.0,0.0,1.0,0.0,9991.836206896553,34.76724137931034,1.2758620689655173,43.21551724137931,69.52155172413794,322.0344827586207
l4,4096,64,1,0,ampere_sgemm_128x128_tn,2488704.0,50817152.0,1110538.6666666667,366272.0,283143.224137931,2097152.0,282604.9583333333,99.57870146783124,4155723.0,2055388.0,2098991.0,283143.224137931,291976.5172413793,45424640.0,81778.75862068965,196890.4827586207,1179083.0344827587,442489.0,736594.0344827586,0.0,0.0,0.0,1073741824.0,16777216.0,0.0,5709824.0,34152448.0,4743168.0,0.0,0.0,0.0,67.07718375792857,17.0,746.0,256.0,0.0,3662.0,53.0,48159.60775862069,17200.32327586207,60877.75862068965,260818.99568965516,3545.064655172414,257561.74137931035
l4,4096,64,1,0,cunn_SoftMaxForwardReg,73140352.0,49235584.0,2549498.6666666665,489312.0,369198.8103448276,2097152.0,396308.4583333333,50.019680326764814,4202166.0,2099699.0,2100691.0,369198.8103448276,389682.4482758621,37423774.0,61722.48275862069,314700.4137931034,575420.275862069,299218.0344827586,276202.2413793103,0.0,0.0,88756517.0,235048651.0,16777216.0,0.0,9126312.0,15638612.0,3579904.0,0.0,18.568868320810463,2098429.0,41.40869431175216,204.0,4058.0,750.0,0.0,3022.0,2316.0,562813.7370689656,100463.44396551725,150960.0,430294.7931034483,324399.2844827586,326809.8922413793
l4,4096,64,1,0,vectorized_elementwise_kernel,75079168.0,8988928.0,1751418.6666666665,293760.0,231079.8620689655,2097152.0,238989.375,20.14635062367184,2625339.0,2098357.0,525638.0,231079.8620689655,233922.75862068965,2686976.0,5649.6551724137935,56496.55172413793,22598.620689655174,22598.620689655174,0.0,0.0,0.0,0.0,0.0,0.0,0.0,1638400.0,458752.0,327680.0,0.0,0.0,0.0,4.973246768753612,12.0,11942.0,1.0,0.0,8.0,137.0,2247158.5129310344,761.4008620689655,2299.8577586206898,1152.1077586206898,33188.17672413793,21076.474137931036
l4,4096,64,1,0,reduce_kernel,20991488.0,128.0,437325.3333333334,85856.0,63572.03448275862,524288.0,63712.375,1.834533783292199,536049.0,533205.0,1500.0,63572.03448275862,68278.27586206897,3686400.0,2895.448275862069,101270.06896551725,13276.689655172413,13276.689655172413,0.0,0.0,0.0,0.0,0.0,0.0,0.0,2936832.0,245760.0,167936.0,0.0,0.0,0.0,23.65666996621331,0.0,2795.0,89.0,0.0,94.0,15.0,504202.900862069,15780.745689655172,557.426724137931,18669.810344827587,3433.6594827586205,26128.625
l4,4096,64,1,0,vectorized_elementwise_kernel,4352.0,0.0,90.66666666666667,3872.0,18.396551724137932,0.0,146.66666666666666,83.65276211950395,887.0,656.0,14.0,18.396551724137932,2999.4827586206898,112.0,0.13793103448275862,1.2413793103448276,0.8275862068965517,0.8275862068965517,0.0,0.0,0.0,0.0,0.0,0.0,0.0,36.0,20.0,8.0,0.0,0.0,0.0,0.02011841122032534,0.0,0.0,0.0,0.0,0.0,0.0,0.0,0.0,0.0,0.0,0.2413793103448276,2.0
l4,4096,64,1,0,elementwise_kernel,76637696.0,41229696.0,2455570.666666667,425856.0,334901.7068965517,2621440.0,346870.2083333333,50.13760996914114,4207544.0,2107254.0,2098946.0,334901.7068965517,339379.6551724138,24903680.0,40677.51724137931,424854.0689655172,253104.55172413794,253104.55172413794,0.0,0.0,0.0,0.0,0.0,0.0,0.0,12320768.0,6291456.0,2359296.0,0.0,0.0,0.0,31.67876404311721,0.0,15642.0,231.0,0.0,276.0,148.0,2784515.6594827585,51887.629310344826,45.116379310344826,57803.331896551725,27070.366379310344,282889.2931034483
l4,4096,64,1,0,vectorized_elementwise_kernel,75266432.0,17181568.0,1926000.0,323616.0,253463.7068965517,2097152.0,264732.9166666667,33.39608989575956,3149737.0,2098359.0,1050034.0,253463.7068965517,257740.44827586206,1507328.0,5649.6551724137935,13559.172413793103,27118.344827586207,27118.344827586207,0.0,0.0,0.0,0.0,0.0,0.0,0.0,393216.0,524288.0,327680.0,0.0,0.0,0.0,2.540981819052661,170.0,11019.0,1.0,0.0,8.0,751.0,2088283.0603448276,647.1422413793103,49677.504310344826,973.3060344827586,144533.4181034483,19569.978448275862
l4,4096,64,1,0,ampere_sgemm_64x64_nn,85142144.0,2042752.0,1816352.0,393344.0,300536.9310344828,6473253.0,314581.0,91.01448600717444,6702399.0,6219294.0,461532.0,300536.9310344828,314536.6896551724,42834167.0,83237.46551724138,121582.24137931035,1177396.9655172413,444370.4482758621,733026.5172413794,0.0,0.0,0.0,1087635456.0,3670016.0,0.0,3525885.0,34130176.0,4827773.0,0.0,0.0,0.0,58.7185281493393,88.0,2578.0,91.0,51.0,3510.0,142.0,144530.93103448275,6338.4655172413795,84081.2198275862,244545.5818965517,10752.262931034482,198219.66379310345
l4,4096,64,1,0,vectorized_elementwise_kernel,1183360.0,0.0,24653.333333333332,8512.0,4368.982758620689,32768.0,4107.291666666667,35.29734173746232,51086.0,33651.0,16523.0,4368.982758620689,6667.931034482759,23552.0,88.27586206896552,211.86206896551724,423.7241379310345,423.7241379310345,0.0,0.0,0.0,0.0,0.0,0.0,0.0,6144.0,8192.0,5120.0,0.0,0.0,0.0,1.8820137560117907,0.0,183.0,0.0,0.0,0.0,0.0,9990.14224137931,47.66379310344828,1.3060344827586208,50.89224137931034,61.293103448275865,357.5301724137931
l4,4096,64,2,0,unrolled_elementwise_kernel,660736.0,0.0,13765.333333333334,9344.0,5110.0344827586205,16384.0,4698.041666666667,67.9598578148002,55702.0,21495.0,33079.0,5110.0344827586205,7327.103448275862,391168.0,388.41379310344826,4660.9655172413795,2824.8275862068967,2824.8275862068967,0.0,0.0,0.0,0.0,0.0,0.0,262144.0,135168.0,81920.0,22528.0,0.0,0.0,0.0,24.165709740877045,0.0,101.0,4.0,0.0,4.0,7.0,16665.504310344826,642.1336206896551,173.43965517241378,1724.6163793103449,476.25431034482756,7198.797413793103
l4,4096,64,2,0,unrolled_elementwise_kernel,662144.0,0.0,13794.666666666666,9472.0,5141.206896551724,16384.0,4668.958333333333,68.4742264308088,55231.0,21534.0,32785.0,5141.206896551724,7436.068965517241,391168.0,388.41379310344826,4660.9655172413795,2824.8275862068967,2824.8275862068967,0.0,0.0,0.0,0.0,0.0,0.0,262144.0,135168.0,81920.0,22528.0,0.0,0.0,0.0,23.811594001279875,0.0,108.0,2.0,0.0,10.0,2.0,16646.224137931036,622.2629310344828,174.27155172413794,1732.0129310344828,476.0344827586207,7198.241379310345
l4,4096,64,2,0,unrolled_elementwise_kernel,660096.0,0.0,13752.0,9376.0,5097.206896551724,16384.0,4630.833333333333,68.48156732092417,55228.0,21532.0,32786.0,5097.206896551724,7340.551724137931,391168.0,388.41379310344826,4660.9655172413795,2824.8275862068967,2824.8275862068967,0.0,0.0,0.0,0.0,0.0,0.0,262144.0,135168.0,81920.0,22528.0,0.0,0.0,0.0,24.121436892839025,0.0,119.0,2.0,0.0,12.0,2.0,16211.478448275862,646.9439655172414,173.77155172413794,1768.3836206896551,477.0344827586207,7198.952586206897
l4,4096,64,2,0,vectorized_elementwise_kernel,1183488.0,0.0,24656.0,8288.0,4310.1551724137935,32768.0,4182.208333333333,51.08067558935813,67319.0,33626.0,32781.0,4310.1551724137935,6492.827586206897,26624.0,88.27586206896552,141.24137931034483,600.2758620689655,459.0344827586207,141.24137931034483,0.0,0.0,0.0,0.0,262144.0,0.0,4096.0,13312.0,5120.0,0.0,0.0,0.0,2.1307331166486096,0.0,180.0,0.0,0.0,0.0,0.0,10183.862068965518,36.064655172413794,0.5344827586206896,43.16379310344828,69.62068965517241,322.1681034482759
l4,4096,64,2,0,vectorized_elementwise_kernel,1185408.0,0.0,24696.0,8480.0,4423.431034482759,32768.0,4297.708333333333,51.07473373044756,67319.0,33626.0,32781.0,4423.431034482759,6643.379310344828,26624.0,88.27586206896552,141.24137931034483,600.2758620689655,459.0344827586207,141.24137931034483,0.0,0.0,0.0,0.0,262144.0,0.0,4096.0,13312.0,5120.0,0.0,0.0,0.0,2.0863395239232214,0.0,185.0,0.0,0.0,0.0,0.0,10079.327586206897,34.64655172413793,1.2844827586206897,43.19827586206897,69.77586206896552,322.1810344827586
l4,4096,64,2,0,ampere_sgemm_128x128_tn,2486912.0,50722176.0,1108522.6666666667,365248.0,283122.4310344828,2097152.0,280899.125,99.5699767886565,4157450.0,2057115.0,2098991.0,283122.4310344828,291075.7586206897,45424640.0,81778.75862068965,196890.4827586207,1179083.0344827587,442635.7931034483,736447.2413793104,0.0,0.0,0.0,1073741824.0,16777216.0,0.0,5709824.0,34152448.0,4743168.0,0.0,0.0,0.0,67.28475979176886,15.0,678.0,221.0,0.0,3697.0,46.0,48474.07327586207,17440.685344827587,60634.15948275862,260136.6551724138,3555.4827586206898,257549.25862068965
l4,4096,64,2,0,cunn_SoftMaxForwardReg,73211648.0,49457536.0,2555608.0,489760.0,369388.775862069,2097152.0,396975.7083333333,50.03914966312721,4200547.0,2100213.0,2098990.0,369388.775862069,390015.0344827586,37423774.0,61722.48275862069,314700.4137931034,575420.275862069,299237.2413793103,276183.0344827586,0.0,0.0,88756517.0,235048651.0,16777216.0,0.0,9126312.0,15638612.0,3579904.0,0.0,18.553033676155366,2098429.0,41.37338516393179,199.0,4017.0,725.0,0.0,3157.0,2303.0,564677.551724138,100476.5474137931,150945.8577586207,430172.6206896552,324026.5818965517,326790.8879310345
l4,4096,64,2,0,vectorized_elementwise_kernel,75078656.0,8991872.0,1751469.3333333335,293792.0,231003.8620689655,2097152.0,238973.33333333334,20.093143440670097,2625413.0,2098339.0,525730.0,231003.8620689655,233996.9655172414,2686976.0,5649.6551724137935,56496.55172413793,22598.620689655174,22598.620689655174,0.0,0.0,0.0,0.0,0.0,0.0,0.0,1638400.0,458752.0,327680.0,0.0,0.0,0.0,4.971559091836145,7.0,11858.0,3.0,0.0,5.0,163.0,2244655.4396551726,772.2543103448276,2099.5043103448274,1166.5258620689656,34970.15517241379,21094.474137931036
l4,4096,64,2,0,reduce_kernel,20993152.0,0.0,437357.3333333333,85568.0,64461.48275862069,524288.0,63657.083333333336,2.047200908872137,536049.0,533211.0,1494.0,64461.48275862069,68054.10344827586,3686400.0,2895.448275862069,101270.06896551725,13276.689655172413,13276.689655172413,0.0,0.0,0.0,0.0,0.0,0.0,0.0,2936832.0,245760.0,167936.0,0.0,0.0,0.0,23.73476681078797,0.0,2798.0,87.0,0.0,96.0,21.0,503875.7974137931,15767.650862068966,562.3663793103449,18320.706896551725,3420.987068965517,26123.875
l4,4096,64,2,0,vectorized_elementwise_kernel,4480.0,0.0,93.33333333333333,3872.0,18.396551724137932,0.0,146.875,83.65276211950395,887.0,656.0,14.0,18.396551724137932,3002.655172413793,112.0,0.13793103448275862,1.2413793103448276,0.8275862068965517,0.8275862068965517,0.0,0.0,0.0,0.0,0.0,0.0,0.0,36.0,20.0,8.0,0.0,0.0,0.0,0.020097155391205487,0.0,0.0,0.0,0.0,0.0,0.0,0.0,0.0,0.0,0.0,0.2413793103448276,2.0
l4,4096,64,2,0,elementwise_kernel,76632448.0,41305344.0,2457037.333333333,426432.0,335723.3793103448,2621440.0,346739.6666666667,50.1408409192844,4207229.0,2106985.0,2098900.0,335723.3793103448,339821.3448275862,24903680.0,40677.51724137931,424854.0689655172,253104.55172413794,253104.55172413794,0.0,0.0,0.0,0.0,0.0,0.0,0.0,12320768.0,6291456.0,2359296.0,0.0,0.0,0.0,31.63333847125959,0.0,15594.0,279.0,0.0,311.0,156.0,2832646.5646551726,51107.099137931036,44.8448275862069,57545.39655172414,26991.620689655174,282860.6034482759
l4,4096,64,2,0,vectorized_elementwise_kernel,75285120.0,17296896.0,1928792.0,323648.0,253247.75862068965,2097152.0,264670.125,33.40322281080789,3149735.0,2098353.0,1050038.0,253247.75862068965,257771.8620689655,1507328.0,5649.6551724137935,13559.172413793103,27118.344827586207,27118.344827586207,0.0,0.0,0.0,0.0,0.0,0.0,0.0,393216.0,524288.0,327680.0,0.0,0.0,0.0,2.5406821910419586,171.0,11104.0,3.0,0.0,4.0,759.0,2090791.3879310344,647.6206896551724,51991.11637931035,967.6810344827586,149419.00431034484,19540.150862068964
l4,4096,64,2,0,ampere_sgemm_64x64_nn,85154432.0,2078208.0,1817346.6666666667,392160.0,300166.7931034483,6475522.0,314242.5833333333,91.01283461351599,6709980.0,6226925.0,461313.0,300166.7931034483,313570.7931034483,42835331.0,83244.1551724138,121595.62068965517,1177396.9655172413,444986.0,732410.9655172414,0.0,0.0,0.0,1087635456.0,3670016.0,0.0,3526273.0,34130176.0,4828161.0,0.0,0.0,0.0,58.900979078254665,72.0,2513.0,93.0,43.0,3527.0,152.0,145186.1681034483,6349.370689655172,82693.1422413793,245440.6594827586,10330.862068965518,198345.25431034484
l4,4096,64,2,0,vectorized_elementwise_kernel,1183104.0,0.0,24648.0,8480.0,4410.9655172413795,32768.0,4125.583333333333,35.33018590710522,51047.0,33662.0,16473.0,4410.9655172413795,6659.620689655172,23552.0,88.27586206896552,211.86206896551724,423.7241379310345,423.7241379310345,0.0,0.0,0.0,0.0,0.0,0.0,0.0,6144.0,8192.0,5120.0,0.0,0.0,0.0,1.8841680949002997,0.0,184.0,1.0,0.0,0.0,0.0,9740.525862068966,48.366379310344826,0.6896551724137931,50.68103448275862,61.33620689655172,357.5603448275862
l4,4096,64,0,0,fmha_cutlassF_f16_aligned_64x64_rf_sm80,1789952.0,0.0,37290.666666666664,471936.0,312347.8620689655,3145728.0,189028.91666666666,98.84123513835807,3175709.0,3154239.0,19694.0,312347.8620689655,376983.0689655172,19940913.0,32471.155172413793,254620.3448275862,208068.3103448276,99170.79310344828,108897.5172413793,0.0,289262.3448275862,38357841.0,131072.0,50377271.0,0.0,7383990.0,5867325.0,1883327.0,2097152.0,4.857421109829409,531038.0,22.828621728095538,21.0,1757.0,1894.0,0.0,114.0,1321.0,33831.625,37545.58620689655,5938.797413793103,4605.620689655172,25566.370689655174,103451.86206896552
l4,4096,64,1,0,fmha_cutlassF_f16_aligned_64x64_rf_sm80,1791872.0,0.0,37330.666666666664,471456.0,312724.6551724138,3145728.0,185357.66666666666,98.83982872642517,3175738.0,3155781.0,18613.0,312724.6551724138,376623.5517241379,19940913.0,32471.155172413793,254620.3448275862,208068.3103448276,99162.0,108906.31034482758,0.0,289262.3448275862,38357841.0,131072.0,50377271.0,0.0,7383990.0,5867325.0,1883327.0,2097152.0,4.862057905987347,531038.0,22.850432925660794,30.0,1781.0,1838.0,0.0,131.0,1317.0,33542.46982758621,37492.07327586207,5907.0,4593.564655172414,25584.810344827587,103455.27586206897
l4,4096,64,2,0,fmha_cutlassF_f16_aligned_64x64_rf_sm80,1791104.0,0.0,37314.666666666664,471456.0,312635.7931034483,3145728.0,186572.0,98.83131730819792,3175969.0,3154237.0,19956.0,312635.7931034483,376593.1379310345,19940913.0,32471.155172413793,254620.3448275862,208068.3103448276,99169.6551724138,108898.6551724138,0.0,289262.3448275862,38357841.0,131072.0,50377271.0,0.0,7383990.0,5867325.0,1883327.0,2097152.0,4.862450567478796,531038.0,22.852280623715284,25.0,1801.0,1901.0,0.0,125.0,1336.0,34031.004310344826,37527.81896551724,5908.642241379311,4596.823275862069,25562.237068965518,103457.375
l4,4096,64,0,0,flash_fwd_splitkv_kernel,1836032.0,0.0,38250.666666666664,188032.0,140246.6724137931,2228224.0,118189.91666666667,97.94124305855605,2508844.0,2239653.0,267847.0,140246.6724137931,149995.27586206896,7710720.0,14124.137931034482,71538.75862068965,108049.6551724138,37185.93103448276,70863.72413793103,0.0,289262.3448275862,33816576.0,524288.0,21498246.0,0.0,2074624.0,3088384.0,819200.0,1048576.0,12.759206439375218,555008.0,22.178597923658746,187.0,811.0,1869.0,0.0,0.0,223.0,14156.293103448275,32049.30172413793,5064.5,0.0,3917.6163793103447,32773.331896551725
l4,4096,64,0,0,flash_fwd_splitkv_combine_kernel,9539968.0,0.0,198749.33333333334,42912.0,31713.01724137931,266240.0,28957.083333333332,7.658610794177645,289230.0,270033.0,17853.0,31713.01724137931,34028.1724137931,1351680.0,1006.3448275862069,21998.344827586207,18008.275862068964,15400.620689655172,2607.655172413793,0.0,0.0,458752.0,2850816.0,131072.0,0.0,637952.0,453632.0,58368.0,0.0,9.027813667579704,89088.0,17.458834819424474,0.0,1433.0,21.0,0.0,31.0,43.0,192302.92672413794,7032.060344827586,1409.3793103448277,9528.978448275862,6236.112068965517,13938.456896551725
l4,4096,64,1,0,flash_fwd_splitkv_kernel,1838720.0,0.0,38306.666666666664,188096.0,140329.27586206896,2228224.0,119140.5,97.95898027549799,2508403.0,2239209.0,267850.0,140329.27586206896,150043.1379310345,7710720.0,14124.137931034482,71538.75862068965,108049.6551724138,37187.48275862069,70862.1724137931,0.0,289262.3448275862,33816576.0,524288.0,21498246.0,0.0,2074624.0,3088384.0,819200.0,1048576.0,12.755136396406458,555008.0,22.171523201028855,201.0,812.0,1781.0,0.0,0.0,244.0,14366.202586206897,32049.905172413793,5071.935344827586,0.0,3919.487068965517,32772.487068965514
l4,4096,64,1,0,flash_fwd_splitkv_combine_kernel,9544320.0,0.0,198840.0,42784.0,31626.379310344826,266240.0,28911.375,7.535558459698106,289242.0,270031.0,17867.0,31626.379310344826,33943.03448275862,1351680.0,1006.3448275862069,21998.344827586207,18008.275862068964,15402.379310344828,2605.896551724138,0.0,0.0,458752.0,2850816.0,131072.0,0.0,637952.0,453632.0,58368.0,0.0,9.05045776493679,89088.0,17.503337234392713,0.0,1432.0,23.0,0.0,34.0,37.0,192494.7931034483,7028.685344827586,1444.8879310344828,9533.931034482759,6236.892241379311,13937.301724137931
l4,4096,64,2,0,flash_fwd_splitkv_kernel,1837312.0,0.0,38277.333333333336,188032.0,140247.24137931035,2228224.0,117680.25,97.95811706173608,2508420.0,2239225.0,267851.0,140247.24137931035,150021.4827586207,7710720.0,14124.137931034482,71538.75862068965,108049.6551724138,37186.206896551725,70863.44827586207,0.0,289262.3448275862,33816576.0,524288.0,21498246.0,0.0,2074624.0,3088384.0,819200.0,1048576.0,12.756977563902916,555008.0,22.17476094802974,180.0,814.0,1831.0,0.0,0.0,244.0,14037.797413793103,32042.146551724138,5084.0948275862065,0.0,3912.146551724138,32773.08620689655
l4,4096,64,2,0,flash_fwd_splitkv_combine_kernel,9549952.0,0.0,198957.33333333334,42816.0,31647.224137931036,266240.0,28968.833333333332,7.507969546306348,289226.0,270027.0,17855.0,31647.224137931036,33951.24137931035,1351680.0,1006.3448275862069,21998.344827586207,18008.275862068964,15402.206896551725,2606.0689655172414,0.0,0.0,458752.0,2850816.0,131072.0,0.0,637952.0,453632.0,58368.0,0.0,9.048270034308835,89088.0,17.495234037453304,0.0,1434.0,24.0,0.0,28.0,41.0,191865.0818965517,7034.193965517241,1413.823275862069,9536.426724137931,6237.112068965517,13939.025862068966
l4,4096,64,0,0,cudnn_generated_fort_native_sdpa_sm80_flash_fprop_wmma_f16_knob_6_128x64x64_4x1x1_kernel0_0,1768832.0,0.0,36850.666666666664,225760.0,97660.68965517242,1064960.0,85315.54166666667,95.41823778658973,1088926.0,1069485.0,18097.0,97660.68965517242,179712.62068965516,6224640.0,8083.862068965517,44407.1724137931,95664.55172413793,26237.44827586207,69427.10344827586,0.0,289262.3448275862,34635776.0,1048576.0,51642368.0,0.0,1287808.0,2771584.0,468864.0,1048576.0,10.727932296505571,559104.0,14.948641183068908,0.0,124.0,1911.0,0.0,0.0,166.0,2319.5086206896553,33217.69396551724,1099.6379310344828,0.0,2802.448275862069,24969.03879310345
l4,4096,64,1,0,cudnn_generated_fort_native_sdpa_sm80_flash_fprop_wmma_f16_knob_6_128x64x64_4x1x1_kernel0_0,1767680.0,0.0,36826.666666666664,225728.0,97640.39655172414,1064960.0,92316.83333333333,95.18678805890296,1091558.0,1070067.0,19715.0,97640.39655172414,179689.8620689655,6224640.0,8083.862068965517,44407.1724137931,95664.55172413793,26237.379310344826,69427.1724137931,0.0,289262.3448275862,34635776.0,1048576.0,51642368.0,0.0,1287808.0,2771584.0,468864.0,1048576.0,10.729291042842783,559104.0,14.950493724244417,0.0,138.0,1895.0,0.0,0.0,150.0,2269.456896551724,33217.48275862069,1098.4741379310344,0.0,2802.8405172413795,24969.16379310345
l4,4096,64,2,0,cudnn_generated_fort_native_sdpa_sm80_flash_fprop_wmma_f16_knob_6_128x64x64_4x1x1_kernel0_0,1769856.0,0.0,36872.0,225792.0,97664.5,1064960.0,87759.625,95.42020418734684,1088804.0,1069469.0,17991.0,97664.5,179742.1724137931,6224640.0,8083.862068965517,44407.1724137931,95664.55172413793,26237.862068965518,69426.68965517242,0.0,289262.3448275862,34635776.0,1048576.0,51642368.0,0.0,1287808.0,2771584.0,468864.0,1048576.0,10.726168498441158,559104.0,14.946094722267892,0.0,134.0,1854.0,0.0,0.0,154.0,2299.9439655172414,33217.637931034486,1099.3318965517242,0.0,2803.314655172414,24969.17672413793
l4,4096,128,0,0,unrolled_elementwise_kernel,1276160.0,0.0,26586.666666666668,14240.0,8975.206896551725,32768.0,8446.5,67.28825025965487,104947.0,37905.0,65914.0,8975.206896551725,11216.172413793103,782336.0,776.8275862068965,9321.931034482759,5649.6551724137935,5649.6551724137935,0.0,0.0,0.0,0.0,0.0,0.0,524288.0,270336.0,163840.0,45056.0,0.0,0.0,0.0,31.02435983754985,0.0,215.0,5.0,0.0,17.0,9.0,36039.60344827586,1442.0474137931035,830.7327586206897,4114.926724137931,1082.2931034482758,14330.120689655172
l4,4096,128,0,0,unrolled_elementwise_kernel,1285632.0,0.0,26784.0,14208.0,8933.034482758621,32768.0,8429.208333333334,67.54313808011631,104548.0,37927.0,65709.0,8933.034482758621,11190.137931034482,782336.0,776.8275862068965,9321.931034482759,5649.6551724137935,5649.6551724137935,0.0,0.0,0.0,0.0,0.0,0.0,524288.0,270336.0,163840.0,45056.0,0.0,0.0,0.0,31.09630863383398,0.0,221.0,5.0,0.0,20.0,4.0,35210.06896551724,1496.8922413793102,819.5775862068965,4061.0862068965516,1097.1508620689656,14328.866379310344
l4,4096,128,0,0,unrolled_elementwise_kernel,1287296.0,0.0,26818.666666666668,14240.0,8927.362068965518,32768.0,8410.375,67.4965619986248,104712.0,38125.0,65675.0,8927.362068965518,11216.275862068966,782336.0,776.8275862068965,9321.931034482759,5649.6551724137935,5649.6551724137935,0.0,0.0,0.0,0.0,0.0,0.0,524288.0,270336.0,163840.0,45056.0,0.0,0.0,0.0,31.02534186772916,0.0,212.0,5.0,0.0,24.0,8.0,35443.28879310345,1465.8620689655172,816.7241379310345,4238.314655172414,1097.521551724138,14328.439655172413
l4,4096,128,0,0,vectorized_elementwise_kernel,2380160.0,0.0,49586.666666666664,12832.0,7641.620689655172,65536.0,7959.125,50.54757299091518,132859.0,66394.0,65553.0,7641.620689655172,10101.586206896553,53248.0,176.55172413793105,282.48275862068965,1200.551724137931,918.0689655172414,282.48275862068965,0.0,0.0,0.0,0.0,524288.0,0.0,8192.0,26624.0,10240.0,0.0,0.0,0.0,2.6968280843568433,0.0,289.0,1.0,0.0,3.0,1.0,35179.887931034486,178.0301724137931,103.65948275862068,272.3448275862069,165.80172413793105,667.7931034482758
l4,4096,128,0,0,vectorized_elementwise_kernel,2383488.0,0.0,49656.0,12864.0,7690.517241379311,65536.0,7987.583333333333,50.54912794417638,132847.0,66386.0,65549.0,7690.517241379311,10133.896551724138,53248.0,176.55172413793105,282.48275862068965,1200.551724137931,918.0689655172414,282.48275862068965,0.0,0.0,0.0,0.0,524288.0,0.0,8192.0,26624.0,10240.0,0.0,0.0,0.0,2.6940142845962507,1.0,285.0,2.0,0.0,0.0,0.0,35252.21982758621,181.05172413793105,109.88793103448276,274.33620689655174,163.91810344827587,667.6034482758621
l4,4096,128,0,0,ampere_sgemm_128x64_tn,5014784.0,52270592.0,1193445.3333333335,653376.0,507933.5517241379,6291456.0,531227.5833333334,99.56457943333056,8238242.0,6135827.0,2100639.0,507933.5517241379,520673.0689655172,86466560.0,155224.27586206896,303104.0,2336697.379310345,900296.724137931,1436400.6551724137,0.0,0.0,0.0,2147483648.0,16777216.0,0.0,8790016.0,67715072.0,9003008.0,0.0,0.0,0.0,71.59017366712145,1.0,867.0,395.0,0.0,8144.0,144.0,56136.28017241379,26838.271551724138,63686.21120689655,566982.9396551724,8710.163793103447,433619.8318965517
l4,4096,128,0,0,cunn_SoftMaxForwardReg,73176704.0,49031936.0,2546013.3333333335,487584.0,368782.6724137931,2097152.0,396424.5416666667,50.01813294446655,4202296.0,2099753.0,2100767.0,368782.6724137931,388225.0344827586,37427796.0,61722.48275862069,314764.5172413793,575464.4137931034,299219.3793103448,276245.0344827586,0.0,0.0,88760534.0,235081070.0,16777216.0,0.0,9128171.0,15639892.0,3579904.0,0.0,18.63936717826117,2098518.0,41.56861209007289,176.0,4084.0,710.0,0.0,3014.0,2306.0,562189.3879310344,100641.1724137931,150912.32327586206,430297.6896551724,324389.5,326855.8577586207
l4,4096,128,0,0,vectorized_elementwise_kernel,75094656.0,9243904.0,1757053.3333333333,294688.0,231866.62068965516,2097152.0,239726.625,20.091630864828666,2625098.0,2098345.0,525409.0,231866.62068965516,234701.41379310345,2686976.0,5649.6551724137935,56496.55172413793,22598.620689655174,22598.620689655174,0.0,0.0,0.0,0.0,0.0,0.0,0.0,1638400.0,458752.0,327680.0,0.0,0.0,0.0,4.956637127055491,8.0,11970.0,3.0,0.0,8.0,161.0,2252651.103448276,776.6163793103449,2007.0258620689656,1150.0603448275863,34300.67672413793,21093.40948275862
l4,4096,128,0,0,reduce_kernel,20991360.0,0.0,437320.0,85344.0,64515.74137931035,524288.0,63417.083333333336,2.038924067719611,537097.0,533243.0,2510.0,64515.74137931035,67839.62068965517,3686400.0,2895.448275862069,101270.06896551725,13276.689655172413,13276.689655172413,0.0,0.0,0.0,0.0,0.0,0.0,0.0,2936832.0,245760.0,167936.0,0.0,0.0,0.0,23.809146216558425,0.0,2825.0,90.0,0.0,110.0,25.0,504869.5517241379,16091.625,553.3965517241379,18512.112068965518,3412.2155172413795,26126.297413793105
l4,4096,128,0,0,vectorized_elementwise_kernel,4480.0,0.0,93.33333333333333,3904.0,18.413793103448278,0.0,142.04166666666666,84.06779661016948,885.0,654.0,14.0,18.413793103448278,3023.448275862069,112.0,0.13793103448275862,1.2413793103448276,0.8275862068965517,0.8275862068965517,0.0,0.0,0.0,0.0,0.0,0.0,0.0,36.0,20.0,8.0,0.0,0.0,0.0,0.019958941605839418,0.0,0.0,0.0,0.0,0.0,0.0,0.0,0.0,0.0,0.0,0.2413793103448276,2.0
l4,4096,128,0,0,elementwise_kernel,76633088.0,40774144.0,2445984.0,423968.0,333874.775862069,2621440.0,346132.9166666667,50.13845728664591,4208157.0,2107698.0,2099115.0,333874.775862069,337884.4827586207,24903680.0,40677.51724137931,424854.0689655172,253104.55172413794,253104.55172413794,0.0,0.0,0.0,0.0,0.0,0.0,0.0,12320768.0,6291456.0,2359296.0,0.0,0.0,0.0,31.814480821337632,0.0,15498.0,269.0,0.0,300.0,127.0,2769400.8103448274,49350.099137931036,47.39655172413793,55563.34051724138,26980.612068965518,282694.5
l4,4096,128,0,0,vectorized_elementwise_kernel,75307008.0,17474944.0,1932957.3333333333,325632.0,254934.25862068965,2097152.0,266359.75,33.395611648722365,3149839.0,2098349.0,1050146.0,254934.25862068965,259429.8275862069,1507328.0,5649.6551724137935,13559.172413793103,27118.344827586207,27118.344827586207,0.0,0.0,0.0,0.0,0.0,0.0,0.0,393216.0,524288.0,327680.0,0.0,0.0,0.0,2.5244302326122336,174.0,11170.0,3.0,0.0,5.0,787.0,2080418.2629310344,651.7586206896551,51995.97844827586,978.2155172413793,149930.12068965516,19544.71120689655
l4,4096,128,0,0,ampere_sgemm_128x64_nn,86316672.0,1990016.0,1839722.6666666667,611936.0,478457.0,6858338.0,499625.8333333333,91.96333459869744,7339126.0,6732521.0,592239.0,478457.0,487499.9655172414,80164693.0,137651.9827586207,146032.7931034483,2325530.4827586208,957712.551724138,1367817.9310344828,0.0,0.0,0.0,2151677952.0,4718592.0,0.0,4234951.0,67421952.0,7983815.0,0.0,0.0,0.0,70.89122252104139,1.0,1198.0,114.0,32.0,7783.0,67.0,81919.28879310345,8941.883620689656,13490.663793103447,522170.2844827586,4658.086206896552,376297.2284482759
l4,4096,128,0,0,vectorized_elementwise_kernel,2391296.0,0.0,49818.666666666664,12512.0,7628.379310344828,65536.0,7390.5,34.37765282785207,100129.0,66436.0,32781.0,7628.379310344828,9848.48275862069,47104.0,176.55172413793105,423.7241379310345,847.448275862069,847.448275862069,0.0,0.0,0.0,0.0,0.0,0.0,0.0,12288.0,16384.0,10240.0,0.0,0.0,0.0,2.5030549078100597,0.0,355.0,2.0,0.0,3.0,1.0,35129.65948275862,326.00431034482756,89.27155172413794,313.8836206896552,101.76724137931035,715.3275862068965
l4,4096,128,1,0,unrolled_elementwise_kernel,1287424.0,0.0,26821.333333333332,14144.0,8857.189655172413,32768.0,8433.208333333334,67.09673741615522,105254.0,37893.0,66017.0,8857.189655172413,11149.586206896553,782336.0,776.8275862068965,9321.931034482759,5649.6551724137935,5649.6551724137935,0.0,0.0,0.0,0.0,0.0,0.0,524288.0,270336.0,163840.0,45056.0,0.0,0.0,0.0,31.209485120833303,0.0,216.0,2.0,0.0,9.0,8.0,35338.86637931035,1483.1853448275863,822.2801724137931,4174.301724137931,1102.3318965517242,14328.189655172413
l4,4096,128,1,0,unrolled_elementwise_kernel,1286784.0,0.0,26808.0,14208.0,8849.51724137931,32768.0,8390.666666666666,67.69229296863786,104489.0,37938.0,65639.0,8849.51724137931,11180.448275862069,782336.0,776.8275862068965,9321.931034482759,5649.6551724137935,5649.6551724137935,0.0,0.0,0.0,0.0,0.0,0.0,524288.0,270336.0,163840.0,45056.0,0.0,0.0,0.0,31.12345134517461,0.0,214.0,8.0,0.0,14.0,11.0,35401.47844827586,1499.0603448275863,821.0344827586207,4218.547413793103,1081.6336206896551,14329.443965517241
l4,4096,128,1,0,unrolled_elementwise_kernel,1286016.0,0.0,26792.0,14144.0,8894.827586206897,32768.0,8393.875,67.56314580941446,104520.0,37933.0,65675.0,8894.827586206897,11149.620689655172,782336.0,776.8275862068965,9321.931034482759,5649.6551724137935,5649.6551724137935,0.0,0.0,0.0,0.0,0.0,0.0,524288.0,270336.0,163840.0,45056.0,0.0,0.0,0.0,31.20938859834415,0.0,216.0,6.0,0.0,11.0,6.0,35125.43534482759,1450.155172413793,817.0344827586207,4249.288793103448,1085.0775862068965,14328.715517241379
l4,4096,128,1,0,vectorized_elementwise_kernel,2379776.0,0.0,49578.666666666664,12800.0,7675.241379310345,65536.0,7988.125,50.551328079722424,132861.0,66396.0,65553.0,7675.241379310345,10084.0,53248.0,176.55172413793105,282.48275862068965,1200.551724137931,918.0689655172414,282.48275862068965,0.0,0.0,0.0,0.0,524288.0,0.0,8192.0,26624.0,10240.0,0.0,0.0,0.0,2.697769768427964,0.0,287.0,1.0,0.0,2.0,1.0,35047.2025862069,177.39655172413794,109.34482758620689,272.4181034482759,167.9094827586207,667.9913793103449
l4,4096,128,1,0,vectorized_elementwise_kernel,2384896.0,0.0,49685.333333333336,12832.0,7652.793103448276,65536.0,7941.083333333333,50.52800337199588,132859.0,66398.0,65549.0,7652.793103448276,10101.48275862069,53248.0,176.55172413793105,282.48275862068965,1200.551724137931,918.0689655172414,282.48275862068965,0.0,0.0,0.0,0.0,524288.0,0.0,8192.0,26624.0,10240.0,0.0,0.0,0.0,2.7032562648706406,0.0,280.0,0.0,0.0,3.0,0.0,35193.206896551725,179.1206896551724,111.34482758620689,273.2586206896552,165.33189655172413,667.8534482758621
l4,4096,128,1,0,ampere_sgemm_128x64_tn,5015680.0,52370816.0,1195552.0,653376.0,507911.6034482759,6291456.0,531052.5,99.53699280822687,8237885.0,6137643.0,2098898.0,507911.6034482759,520734.0689655172,86466560.0,155224.27586206896,303104.0,2336697.379310345,900194.448275862,1436502.9310344828,0.0,0.0,0.0,2147483648.0,16777216.0,0.0,8790016.0,67715072.0,9003008.0,0.0,0.0,0.0,71.58178742766842,1.0,871.0,388.0,0.0,8204.0,127.0,56322.775862068964,26873.491379310344,63601.262931034486,567101.1465517242,8667.840517241379,433631.6077586207
l4,4096,128,1,0,cunn_SoftMaxForwardReg,73184768.0,49014400.0,2545816.0,486688.0,366610.8793103448,2097152.0,394506.0416666667,50.011539777494065,4202854.0,2100303.0,2100775.0,366610.8793103448,387616.4137931034,37427796.0,61722.48275862069,314764.5172413793,575464.4137931034,299210.8620689655,276253.5517241379,0.0,0.0,88760534.0,235081070.0,16777216.0,0.0,9128171.0,15639892.0,3579904.0,0.0,18.668634010374284,2098518.0,41.6338982388917,196.0,4124.0,735.0,0.0,3058.0,2324.0,569241.9956896552,100524.52586206897,151372.96120689655,430189.849137931,324175.1767241379,326835.974137931
l4,4096,128,1,0,vectorized_elementwise_kernel,75078272.0,9217536.0,1756162.6666666667,294496.0,231887.0344827586,2097152.0,239630.625,20.09371194452094,2625279.0,2098351.0,525584.0,231887.0344827586,234552.3448275862,2686976.0,5649.6551724137935,56496.55172413793,22598.620689655174,22598.620689655174,0.0,0.0,0.0,0.0,0.0,0.0,0.0,1638400.0,458752.0,327680.0,0.0,0.0,0.0,4.959765249077553,8.0,11969.0,5.0,0.0,9.0,162.0,2249549.6637931033,774.3965517241379,2025.948275862069,1171.771551724138,34765.31465517241,21079.745689655174
l4,4096,128,1,0,reduce_kernel,20992128.0,256.0,437341.3333333333,86240.0,64190.793103448275,524288.0,63428.041666666664,2.053500110783622,537083.0,533249.0,2490.0,64190.793103448275,68566.24137931035,3686400.0,2895.448275862069,101270.06896551725,13276.689655172413,13276.689655172413,0.0,0.0,0.0,0.0,0.0,0.0,0.0,2936832.0,245760.0,167936.0,0.0,0.0,0.0,23.557052304315835,0.0,2804.0,74.0,0.0,119.0,28.0,504285.5560344828,15849.814655172413,557.625,18424.314655172413,3418.198275862069,26122.612068965518
l4,4096,128,1,0,vectorized_elementwise_kernel,4480.0,0.0,93.33333333333333,3872.0,18.362068965517242,0.0,143.08333333333334,83.87824126268319,887.0,656.0,14.0,18.362068965517242,3023.1724137931033,112.0,0.13793103448275862,1.2413793103448276,0.8275862068965517,0.8275862068965517,0.0,0.0,0.0,0.0,0.0,0.0,0.0,36.0,20.0,8.0,0.0,0.0,0.0,0.01996076284332512,0.0,0.0,0.0,0.0,0.0,0.0,0.0,0.0,0.0,0.0,0.2413793103448276,2.0
l4,4096,128,1,0,elementwise_kernel,76616832.0,41299200.0,2456584.0,424384.0,334637.8793103448,2621440.0,347036.75,50.14044810289291,4207248.0,2107007.0,2098897.0,334637.8793103448,338276.7586206897,24903680.0,40677.51724137931,424854.0689655172,253104.55172413794,253104.55172413794,0.0,0.0,0.0,0.0,0.0,0.0,0.0,12320768.0,6291456.0,2359296.0,0.0,0.0,0.0,31.77768973293241,0.0,15741.0,252.0,0.0,280.0,160.0,2738094.5905172415,48559.46120689655,43.900862068965516,58792.96120689655,26957.702586206895,282962.1422413793
l4,4096,128,1,0,vectorized_elementwise_kernel,75281280.0,17300224.0,1928781.3333333333,324576.0,254118.94827586206,2097152.0,265519.0833333333,33.399561484551946,3149718.0,2098343.0,1050031.0,254118.94827586206,258539.3103448276,1507328.0,5649.6551724137935,13559.172413793103,27118.344827586207,27118.344827586207,0.0,0.0,0.0,0.0,0.0,0.0,0.0,393216.0,524288.0,327680.0,0.0,0.0,0.0,2.5331304250404125,162.0,11168.0,3.0,0.0,3.0,793.0,2095368.0086206896,648.8405172413793,49957.28879310345,983.073275862069,150238.6077586207,19550.504310344826
l4,4096,128,1,0,ampere_sgemm_128x64_nn,86316416.0,2006912.0,1840069.3333333335,611648.0,478342.5344827586,6858346.0,499375.5833333333,91.88380902781894,7338849.0,6732249.0,592146.0,478342.5344827586,487256.6551724138,80162986.0,137642.1724137931,146013.1724137931,2325530.4827586208,957557.1724137932,1367973.3103448276,0.0,0.0,0.0,2151677952.0,4718592.0,0.0,4234382.0,67421952.0,7983246.0,0.0,0.0,0.0,70.92670059954949,2.0,1199.0,117.0,31.0,7669.0,58.0,81989.27155172414,8904.629310344828,13332.818965517241,522028.6767241379,4640.9094827586205,376316.6551724138
l4,4096,128,1,0,vectorized_elementwise_kernel,2391424.0,0.0,49821.333333333336,12576.0,7653.637931034483,65536.0,7453.5,34.371598342237974,100135.0,66442.0,32781.0,7653.637931034483,9909.310344827587,47104.0,176.55172413793105,423.7241379310345,847.448275862069,847.448275862069,0.0,0.0,0.0,0.0,0.0,0.0,0.0,12288.0,16384.0,10240.0,0.0,0.0,0.0,2.4879510735289,0.0,362.0,5.0,0.0,1.0,2.0,34886.57327586207,326.48706896551727,87.65086206896552,313.94827586206895,101.4353448275862,715.3103448275862
l4,4096,128,2,0,unrolled_elementwise_kernel,1282816.0,0.0,26725.333333333332,14176.0,8933.344827586207,32768.0,8394.0,67.51984032694958,105215.0,37887.0,65984.0,8933.344827586207,11172.689655172413,782336.0,776.8275862068965,9321.931034482759,5649.6551724137935,5649.6551724137935,0.0,0.0,0.0,0.0,0.0,0.0,524288.0,270336.0,163840.0,45056.0,0.0,0.0,0.0,31.144871422927835,0.0,215.0,6.0,0.0,12.0,16.0,34813.26724137931,1481.9094827586207,821.6379310344828,4162.237068965517,1079.7672413793102,14329.521551724138
l4,4096,128,2,0,unrolled_elementwise_kernel,1278080.0,0.0,26626.666666666668,14208.0,8926.724137931034,32768.0,8469.75,67.06902446436712,105296.0,37895.0,66057.0,8926.724137931034,11194.068965517241,782336.0,776.8275862068965,9321.931034482759,5649.6551724137935,5649.6551724137935,0.0,0.0,0.0,0.0,0.0,0.0,524288.0,270336.0,163840.0,45056.0,0.0,0.0,0.0,31.085388506228668,0.0,238.0,6.0,0.0,18.0,3.0,35160.43103448276,1480.478448275862,830.3534482758621,4055.935344827586,1084.9741379310344,14328.39224137931
l4,4096,128,2,0,unrolled_elementwise_kernel,1283712.0,0.0,26744.0,14208.0,8875.551724137931,32768.0,8421.625,67.54435464588016,104555.0,37927.0,65716.0,8875.551724137931,11201.793103448275,782336.0,776.8275862068965,9321.931034482759,5649.6551724137935,5649.6551724137935,0.0,0.0,0.0,0.0,0.0,0.0,524288.0,270336.0,163840.0,45056.0,0.0,0.0,0.0,31.04879298880721,0.0,224.0,8.0,0.0,9.0,3.0,35186.620689655174,1486.4870689655172,825.4612068965517,4109.875,1090.8922413793102,14328.120689655172
l4,4096,128,2,0,vectorized_elementwise_kernel,2380032.0,0.0,49584.0,12768.0,7627.8448275862065,65536.0,7913.333333333333,50.50157918483983,132980.0,66393.0,65675.0,7627.8448275862065,10056.137931034482,53248.0,176.55172413793105,282.48275862068965,1200.551724137931,918.0689655172414,282.48275862068965,0.0,0.0,0.0,0.0,524288.0,0.0,8192.0,26624.0,10240.0,0.0,0.0,0.0,2.7118023646563434,0.0,284.0,0.0,0.0,1.0,2.0,34861.39655172414,178.8448275862069,107.22844827586206,272.37931034482756,167.45258620689654,667.875
l4,4096,128,2,0,vectorized_elementwise_kernel,2384000.0,0.0,49666.666666666664,12960.0,7695.206896551724,65536.0,8046.833333333333,50.54717605973025,132864.0,66398.0,65554.0,7695.206896551724,10204.931034482759,53248.0,176.55172413793105,282.48275862068965,1200.551724137931,918.0689655172414,282.48275862068965,0.0,0.0,0.0,0.0,524288.0,0.0,8192.0,26624.0,10240.0,0.0,0.0,0.0,2.6984503772685957,0.0,280.0,1.0,0.0,3.0,0.0,35332.08620689655,180.80603448275863,107.34051724137932,273.79741379310343,163.72413793103448,667.9008620689655
l4,4096,128,2,0,ampere_sgemm_128x64_tn,5015040.0,52372736.0,1195578.6666666667,653280.0,508014.3103448276,6291456.0,531216.3333333334,99.5975130421313,8237534.0,6137418.0,2098772.0,508014.3103448276,520688.1379310345,86466560.0,155224.27586206896,303104.0,2336697.379310345,900324.3103448276,1436373.0689655172,0.0,0.0,0.0,2147483648.0,16777216.0,0.0,8790016.0,67715072.0,9003008.0,0.0,0.0,0.0,71.5881018130119,0.0,887.0,378.0,0.0,8179.0,138.0,56560.150862068964,26946.810344827587,63092.41379310345,566339.1034482758,8709.73275862069,433584.2629310345
l4,4096,128,2,0,cunn_SoftMaxForwardReg,73137792.0,48706432.0,2538421.3333333335,486592.0,367045.0517241379,2097152.0,394886.7916666667,50.06030550183821,4199451.0,2099207.0,2098900.0,367045.0517241379,387522.2068965517,37427796.0,61722.48275862069,314764.5172413793,575464.4137931034,299247.8275862069,276216.5862068966,0.0,0.0,88760534.0,235081070.0,16777216.0,0.0,9128171.0,15639892.0,3579904.0,0.0,18.673172367252103,2098518.0,41.64401168022051,202.0,4141.0,740.0,0.0,3014.0,2311.0,575977.7543103448,100677.5775862069,151298.5818965517,430323.0215517241,324551.6767241379,326858.025862069
l4,4096,128,2,0,vectorized_elementwise_kernel,75048448.0,9232896.0,1755861.3333333333,294368.0,231831.1551724138,2097152.0,239546.625,20.09210435090013,2625066.0,2098399.0,525323.0,231831.1551724138,234482.58620689655,2686976.0,5649.6551724137935,56496.55172413793,22598.620689655174,22598.620689655174,0.0,0.0,0.0,0.0,0.0,0.0,0.0,1638400.0,458752.0,327680.0,0.0,0.0,0.0,4.961136000835295,13.0,11956.0,4.0,0.0,6.0,157.0,2253317.375,767.5818965517242,2370.7586206896553,1147.2758620689656,33222.849137931036,21088.431034482757
l4,4096,128,2,0,reduce_kernel,20990976.0,0.0,437312.0,85504.0,64242.51724137931,524288.0,63431.291666666664,2.0526341269043282,537066.0,533245.0,2477.0,64242.51724137931,67969.8275862069,3686400.0,2895.448275862069,101270.06896551725,13276.689655172413,13276.689655172413,0.0,0.0,0.0,0.0,0.0,0.0,0.0,2936832.0,245760.0,167936.0,0.0,0.0,0.0,23.7639609360137,0.0,2833.0,79.0,0.0,103.0,39.0,505309.7844827586,16058.331896551725,552.2801724137931,18397.849137931036,3418.344827586207,26120.439655172413
l4,4096,128,2,0,vectorized_elementwise_kernel,4736.0,0.0,98.66666666666667,3904.0,18.396551724137932,0.0,141.54166666666666,84.06779661016948,885.0,654.0,14.0,18.396551724137932,3020.551724137931,112.0,0.13793103448275862,1.2413793103448276,0.8275862068965517,0.8275862068965517,0.0,0.0,0.0,0.0,0.0,0.0,0.0,36.0,20.0,8.0,0.0,0.0,0.0,0.019978081190921957,0.0,0.0,0.0,0.0,0.0,0.0,0.0,0.0,0.0,0.0,0.2413793103448276,2.0
l4,4096,128,2,0,elementwise_kernel,76592128.0,40629632.0,2442120.0,424256.0,334444.3965517241,2621440.0,346216.3333333333,50.13973159364845,4207352.0,2107020.0,2098988.0,334444.3965517241,338150.1379310345,24903680.0,40677.51724137931,424854.0689655172,253104.55172413794,253104.55172413794,0.0,0.0,0.0,0.0,0.0,0.0,0.0,12320768.0,6291456.0,2359296.0,0.0,0.0,0.0,31.789475476818396,0.0,15685.0,265.0,0.0,299.0,139.0,2743728.0689655175,50615.6724137931,44.452586206896555,53923.5474137931,26952.237068965518,282565.6379310345
l4,4096,128,2,0,vectorized_elementwise_kernel,75325824.0,17329408.0,1930317.3333333333,324576.0,254163.72413793104,2097152.0,265474.5416666667,33.39383631556841,3149707.0,2098339.0,1050024.0,254163.72413793104,258564.24137931035,1507328.0,5649.6551724137935,13559.172413793103,27118.344827586207,27118.344827586207,0.0,0.0,0.0,0.0,0.0,0.0,0.0,393216.0,524288.0,327680.0,0.0,0.0,0.0,2.532861172498584,172.0,11028.0,6.0,0.0,7.0,804.0,2092282.5301724137,651.6206896551724,52353.83620689655,986.9008620689655,154392.5775862069,19548.30172413793
l4,4096,128,2,0,ampere_sgemm_128x64_nn,86317824.0,2019712.0,1840365.3333333333,611776.0,478407.5862068966,6858100.0,499566.8333333333,91.9919715911128,7335451.0,6728799.0,592237.0,478407.5862068966,487410.275862069,80163814.0,137646.93103448275,146022.6896551724,2325530.4827586208,957872.7931034482,1367657.6896551724,0.0,0.0,0.0,2151677952.0,4718592.0,0.0,4234658.0,67421952.0,7983522.0,0.0,0.0,0.0,70.90345381339151,2.0,1203.0,134.0,39.0,7751.0,83.0,82196.59913793103,8987.435344827587,13352.60775862069,521393.1379310345,4658.232758620689,376268.1077586207
l4,4096,128,2,0,vectorized_elementwise_kernel,2388992.0,0.0,49770.666666666664,12640.0,7689.4655172413795,65536.0,7477.833333333333,34.37765282785207,100129.0,66436.0,32781.0,7689.4655172413795,9940.137931034482,47104.0,176.55172413793105,423.7241379310345,847.448275862069,847.448275862069,0.0,0.0,0.0,0.0,0.0,0.0,0.0,12288.0,16384.0,10240.0,0.0,0.0,0.0,2.4817094746482393,0.0,354.0,4.0,0.0,0.0,0.0,35317.93965517241,326.6163793103448,88.16810344827586,313.8965517241379,101.70689655172414,715.2025862068965
l4,4096,128,0,0,fmha_cutlassF_f16_aligned_64x128_rf_sm80,3691776.0,0.0,76912.0,756736.0,338519.6379310345,5242880.0,368663.0416666667,98.74883874112824,5286289.0,5250818.0,34343.0,338519.6379310345,603863.8275862068,24579307.0,46768.275862068964,274218.6551724138,225276.10344827586,119524.8275862069,105751.27586206897,0.0,578524.6896551724,38355528.0,131072.0,50371548.0,0.0,7952341.0,6365583.0,2712560.0,4194304.0,3.0376339127838317,531952.0,17.56781087492265,1294.0,582.0,5191.0,0.0,1285.0,1325.0,21256.922413793105,179912.9353448276,18312.793103448275,46473.06465517241,46799.68103448276,134455.0646551724
l4,4096,128,1,0,fmha_cutlassF_f16_aligned_64x128_rf_sm80,3690368.0,0.0,76882.66666666667,755712.0,337434.9655172414,5242880.0,370365.5833333333,98.73266112412793,5286747.0,5250831.0,34572.0,337434.9655172414,602976.7931034482,24579307.0,46768.275862068964,274218.6551724138,225276.10344827586,119532.44827586207,105743.6551724138,0.0,578524.6896551724,38355528.0,131072.0,50371548.0,0.0,7952341.0,6365583.0,2712560.0,4194304.0,3.0421025524685663,531952.0,17.593632585047736,1217.0,614.0,5117.0,0.0,1291.0,1326.0,21420.905172413793,179868.8103448276,18374.82327586207,46488.474137931036,46778.72844827586,134456.02155172414
l4,4096,128,2,0,fmha_cutlassF_f16_aligned_64x128_rf_sm80,3688832.0,0.0,76850.66666666667,756096.0,338512.0689655172,5242880.0,372028.9583333333,98.73109236067815,5286752.0,5250835.0,34573.0,338512.0689655172,603333.3103448276,24579307.0,46768.275862068964,274218.6551724138,225276.10344827586,119534.8275862069,105741.27586206897,0.0,578524.6896551724,38355528.0,131072.0,50371548.0,0.0,7952341.0,6365583.0,2712560.0,4194304.0,3.040304935808914,531952.0,17.58324700260038,1210.0,588.0,5153.0,0.0,1358.0,1257.0,20919.344827586207,179933.44396551725,18346.228448275862,46472.46120689655,46812.21551724138,134452.75431034484
l4,4096,128,0,0,flash_fwd_splitkv_kernel,3549056.0,0.0,73938.66666666667,292736.0,221123.94827586206,4358144.0,197471.45833333334,97.87524076569287,4700109.0,4366848.0,331917.0,221123.94827586206,234143.7931034483,9783808.0,27277.241379310344,69049.37931034483,118510.3448275862,37495.96551724138,81014.37931034483,0.0,578524.6896551724,33718272.0,688128.0,34606676.0,0.0,2002432.0,3408640.0,1582080.0,2097152.0,8.16992799885717,554752.0,18.025498625218514,549.0,786.0,3872.0,0.0,0.0,207.0,13402.176724137931,68312.18534482758,8281.909482758621,0.0,3592.9612068965516,61497.849137931036
l4,4096,128,0,0,flash_fwd_splitkv_combine_kernel,11682176.0,0.0,243378.66666666666,51296.0,38398.793103448275,332800.0,35593.291666666664,10.615195465196676,371703.0,335781.0,34578.0,38398.793103448275,40739.65517241379,2557952.0,1536.0,41666.206896551725,34074.48275862069,30485.310344827587,3589.1724137931033,0.0,0.0,761856.0,3588096.0,184320.0,0.0,1208320.0,851968.0,89088.0,0.0,14.994455965127598,177152.0,27.35563290871387,0.0,1369.0,61.0,0.0,94.0,83.0,189332.9051724138,11015.215517241379,1622.9310344827586,15425.008620689656,12280.745689655172,26925.995689655174
l4,4096,128,1,0,flash_fwd_splitkv_kernel,3550336.0,0.0,73965.33333333333,293664.0,221769.6724137931,4358144.0,200343.41666666666,97.8765183607555,4699970.0,4366832.0,331794.0,221769.6724137931,234925.06896551725,9783808.0,27277.241379310344,69049.37931034483,118510.3448275862,37493.793103448275,81016.55172413793,0.0,578524.6896551724,33718272.0,688128.0,34606676.0,0.0,2002432.0,3408640.0,1582080.0,2097152.0,8.142757771480179,554752.0,17.965552332387126,546.0,834.0,3889.0,0.0,0.0,195.0,13726.331896551725,68311.2672413793,8281.340517241379,0.0,3593.3491379310344,61498.120689655174
l4,4096,128,1,0,flash_fwd_splitkv_combine_kernel,11675392.0,0.0,243237.33333333334,50880.0,38166.1724137931,332800.0,35428.833333333336,10.92750160108928,371622.0,335790.0,34488.0,38166.1724137931,40419.620689655174,2557952.0,1536.0,41666.206896551725,34074.48275862069,30486.44827586207,3588.0344827586205,0.0,0.0,761856.0,3588096.0,184320.0,0.0,1208320.0,851968.0,89088.0,0.0,15.113179072301008,177152.0,27.570661739049573,0.0,1367.0,75.0,0.0,81.0,90.0,190186.7370689655,10911.905172413793,1573.2112068965516,15212.711206896553,12286.98275862069,26912.96120689655
l4,4096,128,2,0,flash_fwd_splitkv_kernel,3547520.0,0.0,73906.66666666667,292928.0,221401.7068965517,4358144.0,202862.45833333334,97.85657246445561,4701022.0,4367601.0,332077.0,221401.7068965517,234351.72413793104,9783808.0,27277.241379310344,69049.37931034483,118510.3448275862,37491.48275862069,81018.86206896552,0.0,578524.6896551724,33718272.0,688128.0,34606676.0,0.0,2002432.0,3408640.0,1582080.0,2097152.0,8.162679144227655,554752.0,18.00950531179188,574.0,754.0,3861.0,0.0,0.0,188.0,13966.038793103447,68313.40086206897,8290.008620689656,0.0,3602.293103448276,61497.745689655174
l4,4096,128,2,0,flash_fwd_splitkv_combine_kernel,11677568.0,0.0,243282.66666666666,51200.0,38217.60344827586,332800.0,35503.625,10.920944298852183,371662.0,335787.0,34531.0,38217.60344827586,40673.65517241379,2557952.0,1536.0,41666.206896551725,34074.48275862069,30486.103448275862,3588.3793103448274,0.0,0.0,761856.0,3588096.0,184320.0,0.0,1208320.0,851968.0,89088.0,0.0,15.018787048466518,177152.0,27.399619426621996,0.0,1383.0,67.0,0.0,104.0,73.0,191511.9870689655,10984.879310344828,1599.7672413793102,15277.801724137931,12281.737068965518,26922.245689655174
l4,4096,128,0,0,cudnn_generated_fort_native_sdpa_sm80_flash_fprop_wmma_f16_knob_3_64x64x128_4x1x1_kernel0_0,3696896.0,0.0,77018.66666666667,405408.0,194610.41379310345,4227072.0,221642.95833333334,97.61944577161968,4269720.0,4231838.0,36106.0,194610.41379310345,324338.6551724138,9821184.0,25507.310344827587,64935.724137931036,125148.68965517242,44367.96551724138,80780.72413793103,0.0,578524.6896551724,34635776.0,1048576.0,68681728.0,0.0,1883136.0,3624192.0,1479424.0,2097152.0,5.960564208057968,560640.0,13.070590807543542,8.0,434.0,4035.0,0.0,66.0,257.0,8155.875,84572.7025862069,5264.491379310345,2347.405172413793,4892.435344827586,55761.331896551725
l4,4096,128,1,0,cudnn_generated_fort_native_sdpa_sm80_flash_fprop_wmma_f16_knob_3_64x64x128_4x1x1_kernel0_0,3700224.0,0.0,77088.0,405056.0,194588.8448275862,4227072.0,224465.25,97.68419903036059,4266947.0,4231284.0,34319.0,194588.8448275862,324048.1379310345,9821184.0,25507.310344827587,64935.724137931036,125148.68965517242,44388.724137931036,80759.96551724138,0.0,578524.6896551724,34635776.0,1048576.0,68681728.0,0.0,1883136.0,3624192.0,1479424.0,2097152.0,5.965908002599869,560640.0,13.082304927875763,8.0,426.0,4082.0,0.0,68.0,278.0,8254.60775862069,84714.87931034483,5321.211206896552,2343.405172413793,4895.181034482759,55762.0775862069
l4,4096,128,2,0,cudnn_generated_fort_native_sdpa_sm80_flash_fprop_wmma_f16_knob_3_64x64x128_4x1x1_kernel0_0,3699456.0,0.0,77072.0,405632.0,194625.06896551725,4227072.0,224253.54166666666,97.67856105046279,4267224.0,4231311.0,34569.0,194625.06896551725,324469.5172413793,9821184.0,25507.310344827587,64935.724137931036,125148.68965517242,44380.03448275862,80768.6551724138,0.0,578524.6896551724,34635776.0,1048576.0,68681728.0,0.0,1883136.0,3624192.0,1479424.0,2097152.0,5.958160247984615,560640.0,13.065307340915929,6.0,427.0,4082.0,0.0,56.0,262.0,8211.943965517241,84631.84051724138,5261.418103448276,2339.594827586207,4909.392241379311,55759.75862068965
l4,8192,64,0,0,unrolled_elementwise_kernel,1285248.0,0.0,26776.0,14112.0,8906.293103448275,32768.0,8416.333333333334,67.32355156403436,104889.0,37909.0,65852.0,8906.293103448275,11131.0,782336.0,776.8275862068965,9321.931034482759,5649.6551724137935,5649.6551724137935,0.0,0.0,0.0,0.0,0.0,0.0,524288.0,270336.0,163840.0,45056.0,0.0,0.0,0.0,31.2617913934058,0.0,221.0,2.0,0.0,14.0,9.0,35379.620689655174,1457.6120689655172,818.3275862068965,4170.853448275862,1078.8189655172414,14328.698275862069
l4,8192,64,0,0,unrolled_elementwise_kernel,1283200.0,0.0,26733.333333333332,14304.0,8902.810344827587,32768.0,8464.458333333334,67.51991279486714,104581.0,37923.0,65746.0,8902.810344827587,11279.689655172413,782336.0,776.8275862068965,9321.931034482759,5649.6551724137935,5649.6551724137935,0.0,0.0,0.0,0.0,0.0,0.0,524288.0,270336.0,163840.0,45056.0,0.0,0.0,0.0,30.8495816404829,0.0,217.0,10.0,0.0,13.0,11.0,34756.59482758621,1467.1724137931035,824.2068965517242,4068.0474137931033,1087.3318965517242,14329.224137931034
l4,8192,64,0,0,unrolled_elementwise_kernel,1281792.0,0.0,26704.0,14176.0,8901.120689655172,32768.0,8399.583333333334,67.56185300702245,104522.0,37935.0,65675.0,8901.120689655172,11172.344827586207,782336.0,776.8275862068965,9321.931034482759,5649.6551724137935,5649.6551724137935,0.0,0.0,0.0,0.0,0.0,0.0,524288.0,270336.0,163840.0,45056.0,0.0,0.0,0.0,31.147761714578486,0.0,218.0,8.0,0.0,12.0,8.0,35242.01724137931,1523.448275862069,823.3620689655172,4103.952586206897,1084.5344827586207,14326.590517241379
l4,8192,64,0,0,vectorized_elementwise_kernel,2381568.0,0.0,49616.0,13024.0,7695.172413793103,65536.0,8039.583333333333,50.52473988700225,132923.0,66462.0,65549.0,7695.172413793103,10243.172413793103,53248.0,176.55172413793105,282.48275862068965,1200.551724137931,918.0689655172414,282.48275862068965,0.0,0.0,0.0,0.0,524288.0,0.0,8192.0,26624.0,10240.0,0.0,0.0,0.0,2.6559322946824127,0.0,285.0,2.0,0.0,2.0,0.0,34931.995689655174,177.85775862068965,107.05172413793103,272.12931034482756,167.4051724137931,667.7758620689655
l4,8192,64,0,0,vectorized_elementwise_kernel,2382080.0,0.0,49626.666666666664,12864.0,7710.706896551724,65536.0,7996.666666666667,50.55511648037334,132855.0,66394.0,65549.0,7710.706896551724,10136.310344827587,53248.0,176.55172413793105,282.48275862068965,1200.551724137931,918.0689655172414,282.48275862068965,0.0,0.0,0.0,0.0,524288.0,0.0,8192.0,26624.0,10240.0,0.0,0.0,0.0,2.691756845482101,1.0,284.0,2.0,0.0,4.0,0.0,35225.68965517241,179.85775862068965,112.42672413793103,273.3491379310345,165.92672413793105,668.0
l4,8192,64,0,0,ampere_sgemm_128x128_tn,4945792.0,289047168.0,6124853.333333333,1412128.0,1114665.0689655172,8388608.0,1150220.0416666667,99.76481288934384,16621234.0,8229149.0,8390741.0,1114665.0689655172,1124009.8275862068,181698560.0,327115.0344827586,787561.9310344828,4716332.137931035,1744476.0,2971856.1379310344,0.0,0.0,0.0,4294967296.0,67108864.0,0.0,22839296.0,136609792.0,18972672.0,0.0,0.0,0.0,69.68241933091456,50.0,2643.0,1013.0,0.0,14683.0,197.0,188116.39655172414,69675.78448275862,245969.0775862069,1037222.3879310344,13747.797413793103,1031146.1681034482
l4,8192,64,0,0,cunn_SoftMaxForwardReg,293992832.0,276412288.0,11883440.0,2177728.0,1699032.103448276,8388608.0,1764644.4583333333,50.0146575391112,16783172.0,8391361.0,8390467.0,1699032.103448276,1735279.3103448276,146690041.0,200280.27586206896,1466505.0344827587,2237621.172413793,1128002.103448276,1109619.0689655172,0.0,0.0,311815701.0,940581722.0,67108864.0,0.0,42528646.0,60696710.0,11616256.0,0.0,16.682356611575997,8395079.0,36.43990880927447,1866.0,26378.0,3536.0,0.0,14073.0,6892.0,3713915.1163793104,498297.3836206897,462160.275862069,1987498.0258620689,941732.8879310344,1200945.1810344828
l4,8192,64,0,0,vectorized_elementwise_kernel,300003840.0,65469696.0,7614032.0,1270464.0,1009361.3620689656,8388608.0,1043740.6666666666,20.029885479027364,10492052.0,8391323.0,2099385.0,1009361.3620689656,1012363.275862069,10747904.0,22598.620689655174,225986.2068965517,90394.4827586207,90394.4827586207,0.0,0.0,0.0,0.0,0.0,0.0,0.0,6553600.0,1835008.0,1310720.0,0.0,0.0,0.0,4.581231233097973,81.0,52507.0,10.0,0.0,11.0,688.0,10202442.271551725,2145.771551724138,7703.1551724137935,3146.9008620689656,159482.5301724138,84045.7672413793
l4,8192,64,0,0,reduce_kernel,78921088.0,1842176.0,1682568.0,373824.0,294632.0344827586,2097152.0,299367.875,0.8739072621518958,2120019.0,2106675.0,11568.0,294632.0344827586,297714.3448275862,41918464.0,47598.34482758621,909029.5172413794,208472.27586206896,208472.27586206896,0.0,0.0,0.0,0.0,0.0,0.0,0.0,26361856.0,5259264.0,2760704.0,0.0,0.0,0.0,60.778213865269606,0.0,4209.0,2711.0,0.0,3404.0,996.0,801796.4525862068,551851.2844827586,1366.676724137931,662179.525862069,187665.52155172414,409138.5043103448
l4,8192,64,0,0,vectorized_elementwise_kernel,4608.0,0.0,96.0,3904.0,18.862068965517242,0.0,166.875,84.32919954904172,887.0,656.0,14.0,18.862068965517242,3046.206896551724,112.0,0.13793103448275862,1.2413793103448276,0.8275862068965517,0.8275862068965517,0.0,0.0,0.0,0.0,0.0,0.0,0.0,36.0,20.0,8.0,0.0,0.0,0.0,0.019809825673534072,0.0,0.0,0.0,0.0,0.0,0.0,0.0,0.0,0.0,0.0,0.2413793103448276,2.0
l4,8192,64,0,0,elementwise_kernel,307853568.0,280958720.0,12266922.666666668,2173056.0,1726865.6896551724,10485760.0,1775031.5,50.05713835996119,16797822.0,8406013.0,8390465.0,1726865.6896551724,1731554.9655172413,99614720.0,162710.06896551725,1699416.2758620689,1012418.2068965518,1012418.2068965518,0.0,0.0,0.0,0.0,0.0,0.0,0.0,49283072.0,25165824.0,9437184.0,0.0,0.0,0.0,24.80605358420717,6.0,84973.0,791.0,0.0,933.0,519.0,15783783.48275862,158063.53879310345,447.0991379310345,172249.8922413793,107391.79310344828,1124838.3146551724
l4,8192,64,0,0,vectorized_elementwise_kernel,303165440.0,134902400.0,9126413.333333334,1600480.0,1270281.6379310344,8388608.0,1299156.875,33.35340380375004,12587315.0,8389789.0,4196182.0,1270281.6379310344,1275587.3103448276,6029312.0,22598.620689655174,54236.68965517241,108473.37931034483,108473.37931034483,0.0,0.0,0.0,0.0,0.0,0.0,0.0,1572864.0,2097152.0,1310720.0,0.0,0.0,0.0,2.0414639563460586,3086.0,46755.0,7.0,0.0,23.0,5668.0,8732796.465517242,1026.25,864728.0301724138,4168.232758620689,1172193.9310344828,78249.31034482758
l4,8192,64,0,0,ampere_sgemm_64x64_nn,347659520.0,5888256.0,7365578.666666667,1380544.0,1049072.551724138,22734393.0,1122594.8333333333,89.37985384118068,22452836.0,22038103.0,396019.0,1049072.551724138,1099417.3793103448,162903875.0,298318.3620689655,352183.2068965517,4644669.793103448,1838177.9655172413,2806491.827586207,0.0,0.0,0.0,4305977344.0,3145728.0,0.0,10213313.0,134683136.0,17302465.0,0.0,0.0,0.0,63.87232834983695,72.0,4452.0,283.0,43.0,15053.0,411.0,228835.99137931035,17865.379310344826,174147.69827586206,1012749.3275862068,26591.241379310344,696804.9612068966
l4,8192,64,0,0,vectorized_elementwise_kernel,2389632.0,0.0,49784.0,12480.0,7641.051724137931,65536.0,7461.625,34.37565540452816,100129.0,66436.0,32781.0,7641.051724137931,9830.0,47104.0,176.55172413793105,423.7241379310345,847.448275862069,847.448275862069,0.0,0.0,0.0,0.0,0.0,0.0,0.0,12288.0,16384.0,10240.0,0.0,0.0,0.0,2.510304486617322,0.0,347.0,3.0,0.0,6.0,0.0,34846.75,328.20258620689657,86.22844827586206,313.75,102.10344827586206,715.5301724137931
l4,8192,64,1,0,unrolled_elementwise_kernel,1283968.0,0.0,26749.333333333332,14112.0,8846.672413793103,32768.0,8344.958333333334,67.37232753603833,104819.0,37934.0,65757.0,8846.672413793103,11098.931034482759,782336.0,776.8275862068965,9321.931034482759,5649.6551724137935,5649.6551724137935,0.0,0.0,0.0,0.0,0.0,0.0,524288.0,270336.0,163840.0,45056.0,0.0,0.0,0.0,31.353322314357708,0.0,233.0,7.0,0.0,9.0,9.0,35478.63362068965,1465.75,824.5474137931035,4108.7198275862065,1072.75,14327.659482758621
l4,8192,64,1,0,unrolled_elementwise_kernel,1280128.0,0.0,26669.333333333332,14176.0,8937.206896551725,32768.0,8408.75,67.61422389031443,104444.0,37944.0,65588.0,8937.206896551725,11180.103448275862,782336.0,776.8275862068965,9321.931034482759,5649.6551724137935,5649.6551724137935,0.0,0.0,0.0,0.0,0.0,0.0,524288.0,270336.0,163840.0,45056.0,0.0,0.0,0.0,31.124449838537053,0.0,222.0,4.0,0.0,14.0,4.0,35667.35775862069,1499.2758620689656,821.3663793103449,4015.0905172413795,1091.0862068965516,14328.508620689656
l4,8192,64,1,0,unrolled_elementwise_kernel,1285376.0,0.0,26778.666666666668,14272.0,8904.275862068966,32768.0,8409.791666666666,67.67871162942112,104442.0,37942.0,65588.0,8904.275862068966,11232.689655172413,782336.0,776.8275862068965,9321.931034482759,5649.6551724137935,5649.6551724137935,0.0,0.0,0.0,0.0,0.0,0.0,524288.0,270336.0,163840.0,45056.0,0.0,0.0,0.0,30.978624580964432,0.0,201.0,4.0,0.0,22.0,11.0,34927.55603448276,1497.6681034482758,822.051724137931,4252.943965517241,1110.0172413793102,14329.077586206897
l4,8192,64,1,0,vectorized_elementwise_kernel,2381952.0,0.0,49624.0,12832.0,7647.689655172414,65536.0,7964.666666666667,50.54755650557341,132863.0,66402.0,65549.0,7647.689655172414,10102.965517241379,53248.0,176.55172413793105,282.48275862068965,1200.551724137931,918.0689655172414,282.48275862068965,0.0,0.0,0.0,0.0,524288.0,0.0,8192.0,26624.0,10240.0,0.0,0.0,0.0,2.6896336343716083,0.0,288.0,0.0,0.0,4.0,0.0,34996.331896551725,177.60344827586206,108.14655172413794,271.7155172413793,168.19396551724137,667.7758620689655
l4,8192,64,1,0,vectorized_elementwise_kernel,2384640.0,0.0,49680.0,12896.0,7719.5344827586205,65536.0,8004.416666666667,50.551328079722424,132861.0,66400.0,65549.0,7719.5344827586205,10167.862068965518,53248.0,176.55172413793105,282.48275862068965,1200.551724137931,918.0689655172414,282.48275862068965,0.0,0.0,0.0,0.0,524288.0,0.0,8192.0,26624.0,10240.0,0.0,0.0,0.0,2.6851845571577786,1.0,282.0,1.0,0.0,2.0,0.0,35793.724137931036,179.79310344827587,115.16379310344827,274.17241379310343,164.1594827586207,667.8275862068965
l4,8192,64,1,0,ampere_sgemm_128x128_tn,4942464.0,289029248.0,6124410.666666667,1412000.0,1114724.896551724,8388608.0,1149593.5833333333,99.76404086532271,16617708.0,8225923.0,8390441.0,1114724.896551724,1123846.896551724,181698560.0,327115.0344827586,787561.9310344828,4716332.137931035,1744587.1724137932,2971744.9655172415,0.0,0.0,0.0,4294967296.0,67108864.0,0.0,22839296.0,136609792.0,18972672.0,0.0,0.0,0.0,69.69252123862744,61.0,2709.0,997.0,0.0,14757.0,210.0,188023.40086206896,69606.41379310345,246131.1681034483,1038499.525862069,13712.375,1031215.0560344828
l4,8192,64,1,0,cunn_SoftMaxForwardReg,293893504.0,276720768.0,11887797.333333332,2191136.0,1709843.1379310344,8388608.0,1767174.875,50.01476179527026,16783189.0,8391381.0,8390464.0,1709843.1379310344,1746378.7241379311,146690041.0,200280.27586206896,1466505.0344827587,2237621.172413793,1128015.5862068965,1109605.5862068965,0.0,0.0,311815701.0,940581722.0,67108864.0,0.0,42528646.0,60696710.0,11616256.0,0.0,16.57632899195563,8395079.0,36.20830961676894,2006.0,27140.0,3492.0,0.0,14235.0,6929.0,3893000.0129310344,497843.5560344828,478718.1551724138,1987490.2025862068,959740.4353448276,1200984.2931034483
l4,8192,64,1,0,vectorized_elementwise_kernel,300025088.0,65493376.0,7614968.0,1270272.0,1009396.9310344828,8388608.0,1043747.0,20.030030508105863,10489999.0,8390203.0,2098668.0,1009396.9310344828,1012205.448275862,10747904.0,22598.620689655174,225986.2068965517,90394.4827586207,90394.4827586207,0.0,0.0,0.0,0.0,0.0,0.0,0.0,6553600.0,1835008.0,1310720.0,0.0,0.0,0.0,4.581944281585468,58.0,52492.0,10.0,0.0,17.0,677.0,10223761.49137931,2153.418103448276,6619.6551724137935,3059.387931034483,162447.74568965516,84010.49568965517
l4,8192,64,1,0,reduce_kernel,78837888.0,1863168.0,1681272.0,374432.0,295013.8965517241,2097152.0,299933.2083333333,0.8748039554135225,2117503.0,2106129.0,10030.0,295013.8965517241,298183.9310344828,41918464.0,47598.34482758621,909029.5172413794,208472.27586206896,208472.27586206896,0.0,0.0,0.0,0.0,0.0,0.0,0.0,26361856.0,5259264.0,2760704.0,0.0,0.0,0.0,60.68253666390125,0.0,4287.0,2752.0,0.0,3240.0,1040.0,801088.6163793104,548016.3836206896,1371.6336206896551,656829.8146551724,187829.2155172414,409121.2068965517
l4,8192,64,1,0,vectorized_elementwise_kernel,4608.0,0.0,96.0,3904.0,18.43103448275862,0.0,164.625,84.32919954904172,887.0,656.0,14.0,18.43103448275862,3016.8275862068967,112.0,0.13793103448275862,1.2413793103448276,0.8275862068965517,0.8275862068965517,0.0,0.0,0.0,0.0,0.0,0.0,0.0,36.0,20.0,8.0,0.0,0.0,0.0,0.02000274323335772,0.0,0.0,0.0,0.0,0.0,0.0,0.0,0.0,0.0,0.0,0.2413793103448276,2.0
l4,8192,64,1,0,elementwise_kernel,307847808.0,281049472.0,12268693.333333332,2173792.0,1727674.1724137932,10485760.0,1772333.875,50.060251822973356,16797832.0,8406022.0,8390466.0,1727674.1724137932,1732256.3103448276,99614720.0,162710.06896551725,1699416.2758620689,1012418.2068965518,1012418.2068965518,0.0,0.0,0.0,0.0,0.0,0.0,0.0,49283072.0,25165824.0,9437184.0,0.0,0.0,0.0,24.795883365830644,0.0,86325.0,722.0,0.0,839.0,535.0,15330589.961206896,155903.62068965516,418.7284482758621,181759.97413793104,108089.81896551725,1125405.2801724137
l4,8192,64,1,0,vectorized_elementwise_kernel,302981376.0,134862976.0,9121757.333333334,1607104.0,1276012.7758620689,8388608.0,1299219.0833333333,33.34996745067059,12588585.0,8390901.0,4196340.0,1276012.7758620689,1281004.7586206896,6029312.0,22598.620689655174,54236.68965517241,108473.37931034483,108473.37931034483,0.0,0.0,0.0,0.0,0.0,0.0,0.0,1572864.0,2097152.0,1310720.0,0.0,0.0,0.0,2.0328345169139594,3044.0,46368.0,5.0,0.0,20.0,5893.0,8352848.650862069,1027.853448275862,854106.1379310344,4081.219827586207,1161219.6077586208,78384.97413793103
l4,8192,64,1,0,ampere_sgemm_64x64_nn,347608320.0,5922048.0,7365216.0,1372896.0,1045689.9137931034,22733340.0,1122127.875,89.59138839855237,22472661.0,22058328.0,395827.0,1045689.9137931034,1092980.4827586208,162903272.0,298314.8965517241,352176.275862069,4644669.793103448,1838340.7241379311,2806329.0689655175,0.0,0.0,0.0,4305977344.0,3145728.0,0.0,10213112.0,134683136.0,17302264.0,0.0,0.0,0.0,64.24724189793716,67.0,4411.0,258.0,40.0,15032.0,405.0,226438.1379310345,17946.19827586207,170228.1724137931,1011417.7801724138,26616.306034482757,696479.1077586206
l4,8192,64,1,0,vectorized_elementwise_kernel,2391680.0,0.0,49826.666666666664,12512.0,7615.172413793103,65536.0,7432.958333333333,34.37765282785207,100129.0,66436.0,32781.0,7615.172413793103,9859.034482758621,47104.0,176.55172413793105,423.7241379310345,847.448275862069,847.448275862069,0.0,0.0,0.0,0.0,0.0,0.0,0.0,12288.0,16384.0,10240.0,0.0,0.0,0.0,2.502168499398416,0.0,358.0,4.0,0.0,2.0,0.0,34842.762931034486,327.375,87.85775862068965,313.48706896551727,101.48275862068965,715.5
l4,8192,64,2,0,unrolled_elementwise_kernel,1284224.0,0.0,26754.666666666668,14304.0,8918.051724137931,32768.0,8466.625,67.63630477423777,105022.0,37905.0,65989.0,8918.051724137931,11270.310344827587,782336.0,776.8275862068965,9321.931034482759,5649.6551724137935,5649.6551724137935,0.0,0.0,0.0,0.0,0.0,0.0,524288.0,270336.0,163840.0,45056.0,0.0,0.0,0.0,30.875216849886332,0.0,230.0,1.0,0.0,17.0,4.0,35814.06896551724,1460.3405172413793,820.4741379310345,4134.9698275862065,1071.2543103448277,14327.987068965518
l4,8192,64,2,0,unrolled_elementwise_kernel,1285376.0,0.0,26778.666666666668,14112.0,8879.034482758621,32768.0,8412.958333333334,68.0616950839122,104514.0,37927.0,65675.0,8879.034482758621,11119.310344827587,782336.0,776.8275862068965,9321.931034482759,5649.6551724137935,5649.6551724137935,0.0,0.0,0.0,0.0,0.0,0.0,524288.0,270336.0,163840.0,45056.0,0.0,0.0,0.0,31.29450164361471,0.0,233.0,3.0,0.0,13.0,12.0,34778.254310344826,1433.073275862069,819.1422413793103,4254.5905172413795,1112.9181034482758,14329.724137931034
l4,8192,64,2,0,unrolled_elementwise_kernel,1288192.0,0.0,26837.333333333332,14144.0,8864.948275862069,32768.0,8367.958333333334,67.56056025410432,104524.0,37937.0,65675.0,8864.948275862069,11136.344827586207,782336.0,776.8275862068965,9321.931034482759,5649.6551724137935,5649.6551724137935,0.0,0.0,0.0,0.0,0.0,0.0,524288.0,270336.0,163840.0,45056.0,0.0,0.0,0.0,31.248219560680468,0.0,228.0,5.0,0.0,26.0,10.0,34684.456896551725,1477.3146551724137,820.3965517241379,4046.676724137931,1067.271551724138,14328.215517241379
l4,8192,64,2,0,vectorized_elementwise_kernel,2383616.0,0.0,49658.666666666664,12832.0,7653.620689655172,65536.0,7976.25,50.51337019068035,132945.0,66480.0,65553.0,7653.620689655172,10089.48275862069,53248.0,176.55172413793105,282.48275862068965,1200.551724137931,918.0689655172414,282.48275862068965,0.0,0.0,0.0,0.0,524288.0,0.0,8192.0,26624.0,10240.0,0.0,0.0,0.0,2.697713563116253,0.0,302.0,0.0,0.0,2.0,1.0,35154.56896551724,178.4094827586207,105.12931034482759,272.37068965517244,167.91379310344828,667.7715517241379
l4,8192,64,2,0,vectorized_elementwise_kernel,2382720.0,0.0,49640.0,12928.0,7675.931034482759,65536.0,7975.125,50.54717605973025,132864.0,66398.0,65554.0,7675.931034482759,10165.310344827587,53248.0,176.55172413793105,282.48275862068965,1200.551724137931,918.0689655172414,282.48275862068965,0.0,0.0,0.0,0.0,524288.0,0.0,8192.0,26624.0,10240.0,0.0,0.0,0.0,2.683653670020421,1.0,273.0,0.0,0.0,0.0,2.0,34980.83620689655,178.89224137931035,113.93103448275862,274.2198275862069,165.04310344827587,667.8103448275862
l4,8192,64,2,0,ampere_sgemm_128x128_tn,4950272.0,289003648.0,6124040.0,1411392.0,1114247.1551724137,8388608.0,1148991.375,99.82729041345651,16617491.0,8225479.0,8390668.0,1114247.1551724137,1123407.3448275863,181698560.0,327115.0344827586,787561.9310344828,4716332.137931035,1744048.1379310344,2972284.0,0.0,0.0,0.0,4294967296.0,67108864.0,0.0,22839296.0,136609792.0,18972672.0,0.0,0.0,0.0,69.71980263676272,67.0,2699.0,966.0,0.0,14712.0,182.0,187451.39655172414,69335.29310344828,246932.0172413793,1037297.2586206896,13690.711206896553,1031330.8448275862
l4,8192,64,2,0,cunn_SoftMaxForwardReg,294068224.0,277126784.0,11899896.0,2171744.0,1694621.5172413792,8388608.0,1766515.0416666667,50.01103699164674,16784465.0,8392401.0,8390720.0,1694621.5172413792,1730710.5862068965,146690041.0,200280.27586206896,1466505.0344827587,2237621.172413793,1127971.2758620689,1109649.896551724,0.0,0.0,311815701.0,940581722.0,67108864.0,0.0,42528646.0,60696710.0,11616256.0,0.0,16.726394641929716,8395079.0,36.53610325932102,1993.0,26729.0,3544.0,0.0,14027.0,6918.0,3914930.0905172415,497857.1379310345,471758.2284482759,1982663.9224137932,963194.0431034482,1200860.073275862
l4,8192,64,2,0,vectorized_elementwise_kernel,299937280.0,65465856.0,7612565.333333333,1272416.0,1010768.6034482758,8388608.0,1044392.0,20.029920986023654,10490296.0,8389901.0,2099051.0,1010768.6034482758,1014164.5172413794,10747904.0,22598.620689655174,225986.2068965517,90394.4827586207,90394.4827586207,0.0,0.0,0.0,0.0,0.0,0.0,0.0,6553600.0,1835008.0,1310720.0,0.0,0.0,0.0,4.573089481401219,50.0,52538.0,11.0,0.0,11.0,631.0,10231219.426724138,2138.9224137931033,7020.181034482759,3031.560344827586,138044.17672413794,83968.81465517242
l4,8192,64,2,0,reduce_kernel,78819328.0,1866496.0,1680954.6666666665,374464.0,294864.5344827586,2097152.0,299661.875,0.8754713131786341,2117488.0,2106113.0,10031.0,294864.5344827586,298267.3103448276,41918464.0,47598.34482758621,909029.5172413794,208472.27586206896,208472.27586206896,0.0,0.0,0.0,0.0,0.0,0.0,0.0,26361856.0,5259264.0,2760704.0,0.0,0.0,0.0,60.66555145164856,0.0,4190.0,2688.0,0.0,3344.0,1048.0,800989.599137931,547142.775862069,1357.2758620689656,658429.176724138,187811.0603448276,409149.7155172414
l4,8192,64,2,0,vectorized_elementwise_kernel,4608.0,0.0,96.0,3936.0,18.413793103448278,0.0,163.625,84.51977401129945,885.0,654.0,14.0,18.413793103448278,3032.448275862069,112.0,0.13793103448275862,1.2413793103448276,0.8275862068965517,0.8275862068965517,0.0,0.0,0.0,0.0,0.0,0.0,0.0,36.0,20.0,8.0,0.0,0.0,0.0,0.01989970548435883,0.0,0.0,0.0,0.0,0.0,0.0,0.0,0.0,0.0,0.0,0.2413793103448276,2.0
l4,8192,64,2,0,elementwise_kernel,307921536.0,279010944.0,12227760.0,2185920.0,1738338.0344827587,10485760.0,1793111.5833333333,50.06025478878677,16797835.0,8406026.0,8390465.0,1738338.0344827587,1741867.5862068965,99614720.0,162710.06896551725,1699416.2758620689,1012418.2068965518,1012418.2068965518,0.0,0.0,0.0,0.0,0.0,0.0,0.0,49283072.0,25165824.0,9437184.0,0.0,0.0,0.0,24.658997843376987,6.0,84917.0,764.0,0.0,878.0,571.0,15485832.39224138,141618.1379310345,241.4051724137931,151268.8318965517,105205.7025862069,1122753.551724138
l4,8192,64,2,0,vectorized_elementwise_kernel,303189376.0,134749312.0,9123722.666666666,1596960.0,1267472.4827586208,8388608.0,1298431.7916666667,33.354521142406625,12587427.0,8389857.0,4196226.0,1267472.4827586208,1272897.3793103448,6029312.0,22598.620689655174,54236.68965517241,108473.37931034483,108473.37931034483,0.0,0.0,0.0,0.0,0.0,0.0,0.0,1572864.0,2097152.0,1310720.0,0.0,0.0,0.0,2.045770937896123,2404.0,48439.0,3.0,0.0,20.0,5374.0,8907050.387931034,1032.0129310344828,898404.849137931,3914.905172413793,1151285.5387931035,78088.3275862069
l4,8192,64,2,0,ampere_sgemm_64x64_nn,347619712.0,5861504.0,7364192.0,1373888.0,1045651.551724138,22733325.0,1120949.25,89.71452956089372,22423933.0,22009438.0,395825.0,1045651.551724138,1093974.0689655172,162906341.0,298332.5344827586,352211.5517241379,4644669.793103448,1838574.6551724137,2806095.1379310344,0.0,0.0,0.0,4305977344.0,3145728.0,0.0,10214135.0,134683136.0,17303287.0,0.0,0.0,0.0,64.18808254863761,62.0,4311.0,236.0,39.0,15148.0,441.0,221879.0905172414,17785.952586206895,170821.7198275862,1013165.3965517242,26614.081896551725,696561.2629310344
l4,8192,64,2,0,vectorized_elementwise_kernel,2391040.0,0.0,49813.333333333336,12512.0,7655.120689655172,65536.0,7511.958333333333,34.379026217228464,100125.0,66432.0,32781.0,7655.120689655172,9860.689655172413,47104.0,176.55172413793105,423.7241379310345,847.448275862069,847.448275862069,0.0,0.0,0.0,0.0,0.0,0.0,0.0,12288.0,16384.0,10240.0,0.0,0.0,0.0,2.5025353196251228,0.0,360.0,3.0,0.0,0.0,0.0,35085.09051724138,326.4310344827586,87.79310344827586,313.3448275862069,101.1853448275862,715.9568965517242
l4,8192,64,0,0,fmha_cutlassF_f16_aligned_64x64_rf_sm80,3530368.0,0.0,73549.33333333333,1160032.0,767508.1724137932,12582912.0,756397.7083333334,99.46869252045751,12626775.0,12590863.0,34568.0,767508.1724137932,924441.4137931034,79448425.0,129336.93103448275,1014655.2068965518,829462.3103448276,396419.3793103448,433042.9310344828,0.0,1157049.3793103448,153267870.0,262144.0,201487480.0,0.0,29425001.0,23393415.0,7501542.0,8388608.0,7.893489902812141,2116150.0,37.08217172785907,129.0,3048.0,5424.0,0.0,3073.0,3107.0,114763.83620689655,212527.40086206896,50063.32327586207,126870.66379310345,118560.16379310345,422544.1853448276
l4,8192,64,1,0,fmha_cutlassF_f16_aligned_64x64_rf_sm80,3531648.0,0.0,73576.0,1155904.0,766603.8448275862,12582912.0,756117.8333333334,99.45201314382993,12629500.0,12591445.0,36279.0,766603.8448275862,920993.0344827586,79448425.0,129336.93103448275,1014655.2068965518,829462.3103448276,396494.0344827586,432968.275862069,0.0,1157049.3793103448,153267870.0,262144.0,201487480.0,0.0,29425001.0,23393415.0,7501542.0,8388608.0,7.923044683628219,2116150.0,37.22101234207545,133.0,3133.0,5448.0,0.0,2949.0,3149.0,114101.5775862069,211380.35344827586,49957.349137931036,126566.2801724138,118549.37931034483,422598.5301724138
l4,8192,64,2,0,fmha_cutlassF_f16_aligned_64x64_rf_sm80,3528960.0,0.0,73520.0,1162208.0,767556.1379310344,12582912.0,758048.3333333334,99.44804996340288,12629404.0,12591429.0,36199.0,767556.1379310344,926099.0344827586,79448425.0,129336.93103448275,1014655.2068965518,829462.3103448276,396507.1379310345,432955.1724137931,0.0,1157049.3793103448,153267870.0,262144.0,201487480.0,0.0,29425001.0,23393415.0,7501542.0,8388608.0,7.879361379091356,2116150.0,37.0157952497223,101.0,3093.0,5443.0,0.0,3055.0,3147.0,113458.31896551725,211712.3448275862,50173.40948275862,126861.00862068965,118491.0,422507.4827586207
l4,8192,64,0,0,flash_fwd_kernel,3590144.0,0.0,74794.66666666667,852800.0,402761.6034482759,4227072.0,365256.4166666667,98.00261188437976,4904505.0,4445703.0,457026.0,402761.6034482759,680496.1379310344,27358208.0,39838.89655172414,221219.3103448276,418383.4482758621,132437.3448275862,285946.1034482759,0.0,1157049.3793103448,134283264.0,2162688.0,104959412.0,0.0,6415360.0,12095744.0,2310656.0,4194304.0,10.968062450175806,2164480.0,17.33442215182959,182.0,622.0,7826.0,0.0,162.0,370.0,15839.051724137931,162187.93103448275,9893.383620689656,6447.754310344828,6783.5344827586205,116585.81034482758
l4,8192,64,1,0,flash_fwd_kernel,3593088.0,0.0,74856.0,855008.0,402877.8448275862,4227072.0,382138.2083333333,97.944558814537,4906100.0,4449323.0,455433.0,402877.8448275862,682274.8965517242,27358208.0,39838.89655172414,221219.3103448276,418383.4482758621,132422.75862068965,285960.6896551724,0.0,1157049.3793103448,134283264.0,2162688.0,104959412.0,0.0,6415360.0,12095744.0,2310656.0,4194304.0,10.939467618775565,2164480.0,17.289227059454042,151.0,622.0,7928.0,0.0,181.0,370.0,15994.797413793103,161720.375,9874.73275862069,6487.224137931034,6782.724137931034,116583.1422413793
l4,8192,64,2,0,flash_fwd_kernel,3636224.0,0.0,75754.66666666667,853952.0,402869.9655172414,4227072.0,371270.0416666667,97.97504253534079,4904745.0,4448826.0,455007.0,402869.9655172414,681416.1034482758,27358208.0,39838.89655172414,221219.3103448276,418383.4482758621,132413.27586206896,285970.1724137931,0.0,1157049.3793103448,134283264.0,2162688.0,104959412.0,0.0,6415360.0,12095744.0,2310656.0,4194304.0,10.953254700264921,2164480.0,17.31102247667092,167.0,583.0,7836.0,0.0,187.0,352.0,15819.831896551725,161946.55603448275,9854.353448275862,6480.172413793103,6788.232758620689,116574.27155172414
l4,8192,64,0,0,cudnn_generated_fort_native_sdpa_sm80_flash_fprop_wmma_f16_knob_6_128x64x64_4x1x1_kernel0_0,3542656.0,0.0,73805.33333333333,795072.0,378261.4137931034,4227072.0,294625.5,97.61942511634136,4269977.0,4232124.0,36077.0,378261.4137931034,634530.724137931,24720896.0,31986.758620689656,174689.10344827586,381157.5172413793,104185.93103448275,276971.5862068966,0.0,1157049.3793103448,138477568.0,4194304.0,206045184.0,0.0,5065984.0,11048192.0,1855232.0,4194304.0,12.131256816400455,2232320.0,16.80317129286585,0.0,422.0,7828.0,0.0,137.0,611.0,8009.797413793103,164579.7370689655,5497.961206896552,5296.939655172414,11073.926724137931,99898.83189655172
l4,8192,64,1,0,cudnn_generated_fort_native_sdpa_sm80_flash_fprop_wmma_f16_knob_6_128x64x64_4x1x1_kernel0_0,3521024.0,0.0,73354.66666666667,794368.0,378230.1379310345,4227072.0,294410.375,97.59011491039723,4271241.0,4233236.0,36229.0,378230.1379310345,633920.3448275862,24720896.0,31986.758620689656,174689.10344827586,381157.5172413793,104165.68965517242,276991.8275862069,0.0,1157049.3793103448,138477568.0,4194304.0,206045184.0,0.0,5065984.0,11048192.0,1855232.0,4194304.0,12.142937571292814,2232320.0,16.8193633867847,0.0,434.0,7927.0,0.0,151.0,612.0,7964.474137931034,164575.7629310345,5504.711206896552,5268.7155172413795,11099.26724137931,99898.17672413793
l4,8192,64,2,0,cudnn_generated_fort_native_sdpa_sm80_flash_fprop_wmma_f16_knob_6_128x64x64_4x1x1_kernel0_0,3543936.0,0.0,73832.0,795744.0,378300.0689655172,4227072.0,292801.375,97.69081463052004,4266916.0,4231564.0,34224.0,378300.0689655172,634983.0689655172,24720896.0,31986.758620689656,174689.10344827586,381157.5172413793,104210.13793103448,276947.3793103448,0.0,1157049.3793103448,138477568.0,4194304.0,206045184.0,0.0,5065984.0,11048192.0,1855232.0,4194304.0,12.12261483594268,2232320.0,16.79116994105029,0.0,410.0,7905.0,0.0,170.0,570.0,7961.939655172414,164477.9094827586,5556.241379310345,5299.120689655172,11098.5,99902.21120689655
l4,8192,128,0,0,unrolled_elementwise_kernel,2520064.0,0.0,52501.333333333336,20576.0,13567.310344827587,65536.0,13622.166666666666,66.93593930316499,203635.0,70710.0,131581.0,13567.310344827587,16270.689655172413,1564672.0,1553.655172413793,18643.862068965518,11299.310344827587,11299.310344827587,0.0,0.0,0.0,0.0,0.0,0.0,1048576.0,540672.0,327680.0,90112.0,0.0,0.0,0.0,42.111846985270745,0.0,375.0,9.0,0.0,33.0,9.0,71042.8275862069,3080.8836206896553,885.9655172413793,8868.85775862069,2348.4008620689656,28563.918103448275
l4,8192,128,0,0,unrolled_elementwise_kernel,2518656.0,0.0,52472.0,20768.0,13548.01724137931,65536.0,13672.666666666666,66.94681033847965,203705.0,70831.0,131530.0,13548.01724137931,16422.51724137931,1564672.0,1553.655172413793,18643.862068965518,11299.310344827587,11299.310344827587,0.0,0.0,0.0,0.0,0.0,0.0,1048576.0,540672.0,327680.0,90112.0,0.0,0.0,0.0,41.72241434699623,0.0,325.0,17.0,0.0,49.0,9.0,71290.99568965517,3109.9741379310344,826.926724137931,8978.448275862069,2317.530172413793,28564.353448275862
l4,8192,128,0,0,unrolled_elementwise_kernel,2514560.0,0.0,52386.666666666664,21248.0,13618.706896551725,65536.0,13676.833333333334,67.2002872206484,203328.0,70709.0,131491.0,13618.706896551725,16812.241379310344,1564672.0,1553.655172413793,18643.862068965518,11299.310344827587,11299.310344827587,0.0,0.0,0.0,0.0,0.0,0.0,1048576.0,540672.0,327680.0,90112.0,0.0,0.0,0.0,40.755273763985606,0.0,338.0,14.0,0.0,46.0,5.0,71695.625,3128.810344827586,828.8793103448276,9321.280172413793,2319.6163793103447,28564.077586206895
l4,8192,128,0,0,vectorized_elementwise_kernel,4761216.0,0.0,99192.0,20864.0,13904.862068965518,131072.0,14445.166666666666,50.21445916198286,264386.0,131939.0,131319.0,13904.862068965518,16480.275862068964,106496.0,353.1034482758621,564.9655172413793,2401.103448275862,1836.1379310344828,564.9655172413793,0.0,0.0,0.0,0.0,1048576.0,0.0,16384.0,53248.0,20480.0,0.0,0.0,0.0,3.0963084397649854,39.0,409.0,1.0,0.0,1.0,21.0,80457.08620689655,345.5215517241379,5277.495689655172,597.7284482758621,3511.3793103448274,1262.926724137931
l4,8192,128,0,0,vectorized_elementwise_kernel,4758272.0,0.0,99130.66666666667,20896.0,13944.706896551725,131072.0,14480.041666666666,50.106844060527344,264872.0,131923.0,131605.0,13944.706896551725,16500.068965517243,106496.0,353.1034482758621,564.9655172413793,2401.103448275862,1836.1379310344828,564.9655172413793,0.0,0.0,0.0,0.0,1048576.0,0.0,16384.0,53248.0,20480.0,0.0,0.0,0.0,3.121982771231886,32.0,488.0,2.0,0.0,1.0,11.0,80745.625,346.54741379310343,4959.163793103448,597.0344827586207,3257.6206896551726,1263.5431034482758
l4,8192,128,0,0,ampere_sgemm_128x64_tn,10000128.0,291129472.0,6273533.333333333,2537696.0,2007137.7241379311,25165824.0,2084803.625,99.79528784165603,33371247.0,24977845.0,8391842.0,2007137.7241379311,2019373.0,345866240.0,620897.1034482758,1212416.0,9346789.51724138,3617298.7586206896,5729490.75862069,0.0,0.0,0.0,8589934592.0,67108864.0,0.0,35160064.0,270860288.0,36012032.0,0.0,0.0,0.0,73.82751738218778,6.0,3139.0,1640.0,0.0,32747.0,482.0,219141.63362068965,112623.50862068965,257685.80603448275,2304552.6896551726,34800.53448275862,1739346.9310344828
l4,8192,128,0,0,cunn_SoftMaxForwardReg,294137984.0,276628992.0,11890978.666666668,2177568.0,1698589.948275862,8388608.0,1765480.0,50.00936432328646,16787118.0,8394759.0,8391015.0,1698589.948275862,1735377.5862068965,146510874.0,200280.27586206896,1462587.896551724,2236606.2413793104,1127603.7931034483,1109002.448275862,0.0,0.0,311766663.0,940098765.0,67108864.0,0.0,42415049.0,60667277.0,11616256.0,0.0,16.678711479862777,8393720.0,36.39334329505951,1907.0,27583.0,3574.0,0.0,13986.0,6995.0,3834859.5086206896,495938.9482758621,465283.0344827586,1984381.1724137932,951092.8706896552,1198402.7801724137
l4,8192,128,0,0,vectorized_elementwise_kernel,299973632.0,65417600.0,7612317.333333334,1271328.0,1009788.3448275862,8388608.0,1043496.4166666666,20.0301463635115,10491481.0,8390843.0,2099294.0,1009788.3448275862,1013303.0,10747904.0,22598.620689655174,225986.2068965517,90394.4827586207,90394.4827586207,0.0,0.0,0.0,0.0,0.0,0.0,0.0,6553600.0,1835008.0,1310720.0,0.0,0.0,0.0,4.576967344791548,72.0,52201.0,8.0,0.0,18.0,686.0,10186730.284482758,2183.418103448276,7444.198275862069,3094.676724137931,151358.0,84024.04310344828
l4,8192,128,0,0,reduce_kernel,78880768.0,1931136.0,1683581.3333333333,374656.0,294872.8103448276,2097152.0,299961.0416666667,0.8737323711145701,2120100.0,2106667.0,11657.0,294872.8103448276,298365.275862069,41918464.0,47598.34482758621,909029.5172413794,208472.27586206896,208472.27586206896,0.0,0.0,0.0,0.0,0.0,0.0,0.0,26361856.0,5259264.0,2760704.0,0.0,0.0,0.0,60.64557179564554,0.0,4205.0,2748.0,0.0,3383.0,1035.0,801141.6681034482,548486.4827586206,1354.4353448275863,660874.025862069,187830.50862068965,409112.3534482759
l4,8192,128,0,0,vectorized_elementwise_kernel,4608.0,0.0,96.0,3872.0,18.310344827586206,0.0,158.95833333333334,84.25821064552662,883.0,652.0,14.0,18.310344827586206,2984.9310344827586,112.0,0.13793103448275862,1.2413793103448276,0.8275862068965517,0.8275862068965517,0.0,0.0,0.0,0.0,0.0,0.0,0.0,36.0,20.0,8.0,0.0,0.0,0.0,0.02021648972424708,0.0,0.0,0.0,0.0,0.0,0.0,0.0,0.0,0.0,0.0,0.2413793103448276,2.0
l4,8192,128,0,0,elementwise_kernel,307719040.0,281034880.0,12265706.666666666,2187072.0,1738304.3620689656,10485760.0,1783092.5833333333,50.05762687526961,16797718.0,8405951.0,8390423.0,1738304.3620689656,1742872.8620689656,99614720.0,162710.06896551725,1699416.2758620689,1012418.2068965518,1012418.2068965518,0.0,0.0,0.0,0.0,0.0,0.0,0.0,49283072.0,25165824.0,9437184.0,0.0,0.0,0.0,24.644797225698284,4.0,84781.0,791.0,0.0,898.0,523.0,15271358.75,142225.12931034484,144.11637931034483,176659.0431034483,106911.4525862069,1124543.9913793104
l4,8192,128,0,0,vectorized_elementwise_kernel,303132032.0,134902400.0,9125717.333333334,1597952.0,1268621.3793103448,8388608.0,1296466.0,33.35316268649602,12587400.0,8389851.0,4196205.0,1268621.3793103448,1273602.896551724,6029312.0,22598.620689655174,54236.68965517241,108473.37931034483,108473.37931034483,0.0,0.0,0.0,0.0,0.0,0.0,0.0,1572864.0,2097152.0,1310720.0,0.0,0.0,0.0,2.044649858923168,2927.0,46621.0,4.0,0.0,20.0,5932.0,8456408.172413792,1003.2112068965517,840713.8965517242,3957.7327586206898,1143623.3448275863,78216.37931034483
l4,8192,128,0,0,ampere_sgemm_128x64_nn,343726336.0,7246080.0,7311925.333333333,2336416.0,1840222.7068965517,32780664.0,1921155.8333333333,91.89302321517961,29073822.0,27862703.0,1183227.0,1840222.7068965517,1858929.0689655172,315939261.0,529978.4655172414,494603.0,9288297.931034483,3975038.0344827585,5313259.8965517245,0.0,0.0,0.0,8606711808.0,9437184.0,0.0,14343487.0,269323776.0,30738751.0,0.0,0.0,0.0,73.26045188828874,5.0,1275.0,512.0,43.0,33944.0,280.0,86527.2974137931,32559.85775862069,35446.31896551724,2359126.5905172415,17850.172413793105,1449722.0775862068
l4,8192,128,0,0,vectorized_elementwise_kernel,4725888.0,0.0,98456.0,20480.0,13800.051724137931,131072.0,13999.666666666666,33.84759515858505,198537.0,131986.0,65639.0,13800.051724137931,16172.51724137931,94208.0,353.1034482758621,847.448275862069,1694.896551724138,1694.896551724138,0.0,0.0,0.0,0.0,0.0,0.0,0.0,24576.0,32768.0,20480.0,0.0,0.0,0.0,2.82868659688744,0.0,541.0,1.0,0.0,1.0,18.0,94934.02586206897,581.176724137931,471.88793103448273,646.2758620689655,1822.0991379310344,1385.0991379310344
l4,8192,128,1,0,unrolled_elementwise_kernel,2514560.0,0.0,52386.666666666664,20992.0,13575.551724137931,65536.0,13620.083333333334,67.08340696236084,203724.0,70695.0,131685.0,13575.551724137931,16609.689655172413,1564672.0,1553.655172413793,18643.862068965518,11299.310344827587,11299.310344827587,0.0,0.0,0.0,0.0,0.0,0.0,1048576.0,540672.0,327680.0,90112.0,0.0,0.0,0.0,41.2523537361864,0.0,361.0,7.0,0.0,27.0,8.0,71423.38362068965,3072.8275862068967,827.8405172413793,8823.853448275862,2274.603448275862,28563.491379310344
l4,8192,128,1,0,unrolled_elementwise_kernel,2519168.0,0.0,52482.666666666664,20832.0,13579.810344827587,65536.0,13628.416666666666,67.27154002130804,203679.0,70697.0,131638.0,13579.810344827587,16467.0,1564672.0,1553.655172413793,18643.862068965518,11299.310344827587,11299.310344827587,0.0,0.0,0.0,0.0,0.0,0.0,1048576.0,540672.0,327680.0,90112.0,0.0,0.0,0.0,41.60962991814349,0.0,346.0,17.0,0.0,50.0,9.0,71360.63362068965,3187.862068965517,820.698275862069,8942.452586206897,2323.271551724138,28563.935344827587
l4,8192,128,1,0,unrolled_elementwise_kernel,2516352.0,0.0,52424.0,20992.0,13654.637931034482,65536.0,13726.458333333334,67.43569566714207,203330.0,70707.0,131495.0,13654.637931034482,16609.48275862069,1564672.0,1553.655172413793,18643.862068965518,11299.310344827587,11299.310344827587,0.0,0.0,0.0,0.0,0.0,0.0,1048576.0,540672.0,327680.0,90112.0,0.0,0.0,0.0,41.2528156952302,0.0,338.0,18.0,0.0,46.0,11.0,71271.9051724138,3026.1077586206898,839.5948275862069,9272.905172413793,2359.1422413793102,28565.870689655174
l4,8192,128,1,0,vectorized_elementwise_kernel,4760192.0,0.0,99170.66666666667,20960.0,13904.862068965518,131072.0,14421.708333333334,50.266053134882306,264045.0,131958.0,131175.0,13904.862068965518,16571.758620689656,106496.0,353.1034482758621,564.9655172413793,2401.103448275862,1836.1379310344828,564.9655172413793,0.0,0.0,0.0,0.0,1048576.0,0.0,16384.0,53248.0,20480.0,0.0,0.0,0.0,3.0795276966838054,53.0,399.0,1.0,0.0,1.0,28.0,81700.55603448275,344.5818965517241,5093.1551724137935,597.0862068965517,3448.594827586207,1263.021551724138
l4,8192,128,1,0,vectorized_elementwise_kernel,4759040.0,0.0,99146.66666666667,20672.0,13865.775862068966,131072.0,14340.541666666666,50.27500208334912,263998.0,131962.0,131124.0,13865.775862068966,16339.551724137931,106496.0,353.1034482758621,564.9655172413793,2401.103448275862,1836.1379310344828,564.9655172413793,0.0,0.0,0.0,0.0,1048576.0,0.0,16384.0,53248.0,20480.0,0.0,0.0,0.0,3.128435971948752,36.0,489.0,1.0,0.0,10.0,12.0,81251.50431034483,346.6939655172414,5106.176724137931,599.698275862069,3429.7887931034484,1261.9181034482758
l4,8192,128,1,0,ampere_sgemm_128x64_tn,10000896.0,291099648.0,6272928.0,2537760.0,2007147.551724138,25165824.0,2085233.3333333333,99.78156344931864,33372620.0,24980831.0,8390445.0,2007147.551724138,2019407.6551724137,345866240.0,620897.1034482758,1212416.0,9346789.51724138,3617393.172413793,5729396.344827586,0.0,0.0,0.0,8589934592.0,67108864.0,0.0,35160064.0,270860288.0,36012032.0,0.0,0.0,0.0,73.82625511967304,3.0,3125.0,1608.0,0.0,33111.0,490.0,218748.6724137931,113026.19396551725,256490.7327586207,2303613.7413793104,34818.21120689655,1739292.2672413792
l4,8192,128,1,0,cunn_SoftMaxForwardReg,294118784.0,276888320.0,11895981.333333334,2177440.0,1699542.3620689656,8388608.0,1768717.0416666667,50.008915112697686,16786103.0,8391905.0,8392422.0,1699542.3620689656,1735494.6896551724,146510874.0,200280.27586206896,1462587.896551724,2236606.2413793104,1127551.7241379311,1109054.5172413792,0.0,0.0,311766663.0,940098765.0,67108864.0,0.0,42415049.0,60667277.0,11616256.0,0.0,16.677586074732623,8393720.0,36.390887634423066,1958.0,27539.0,3451.0,0.0,14090.0,6933.0,3935323.6551724137,496347.4051724138,478682.849137931,1983417.9827586208,968718.6077586206,1198411.6508620689
l4,8192,128,1,0,vectorized_elementwise_kernel,299971584.0,65411584.0,7612149.333333333,1268576.0,1008039.3793103448,8388608.0,1042576.3333333334,20.02982828005028,10490045.0,8389836.0,2098865.0,1008039.3793103448,1011075.275862069,10747904.0,22598.620689655174,225986.2068965517,90394.4827586207,90394.4827586207,0.0,0.0,0.0,0.0,0.0,0.0,0.0,6553600.0,1835008.0,1310720.0,0.0,0.0,0.0,4.587042923882027,83.0,52654.0,12.0,0.0,15.0,781.0,10133649.887931034,2153.3275862068967,6624.4655172413795,3030.969827586207,133952.00431034484,83975.61637931035
l4,8192,128,1,0,reduce_kernel,78872448.0,1859840.0,1681922.6666666667,373568.0,294559.7413793103,2097152.0,299386.0416666667,0.8738730654979763,2117470.0,2106093.0,10033.0,294559.7413793103,297555.4482758621,41918464.0,47598.34482758621,909029.5172413794,208472.27586206896,208472.27586206896,0.0,0.0,0.0,0.0,0.0,0.0,0.0,26361856.0,5259264.0,2760704.0,0.0,0.0,0.0,60.810610436211945,0.0,4317.0,2655.0,0.0,3320.0,1041.0,811503.1422413794,548583.2629310344,1337.1422413793102,661410.5560344828,187750.62068965516,409186.5387931034
l4,8192,128,1,0,vectorized_elementwise_kernel,4480.0,0.0,93.33333333333333,3840.0,18.310344827586206,0.0,162.95833333333334,83.61581920903954,885.0,654.0,14.0,18.310344827586206,2979.103448275862,112.0,0.13793103448275862,1.2413793103448276,0.8275862068965517,0.8275862068965517,0.0,0.0,0.0,0.0,0.0,0.0,0.0,36.0,20.0,8.0,0.0,0.0,0.0,0.02025603629881705,0.0,0.0,0.0,0.0,0.0,0.0,0.0,0.0,0.0,0.0,0.2413793103448276,2.0
l4,8192,128,1,0,elementwise_kernel,307832192.0,281088768.0,12269186.666666668,2158912.0,1715237.396551724,10485760.0,1765348.0,50.057983380815955,16798779.0,8406684.0,8390751.0,1715237.396551724,1720404.9310344828,99614720.0,162710.06896551725,1699416.2758620689,1012418.2068965518,1012418.2068965518,0.0,0.0,0.0,0.0,0.0,0.0,0.0,49283072.0,25165824.0,9437184.0,0.0,0.0,0.0,24.966662319253906,2.0,85509.0,777.0,0.0,868.0,560.0,15280689.870689655,148326.77155172414,373.2586206896552,185546.31896551725,108740.75431034483,1125768.9525862068
l4,8192,128,1,0,vectorized_elementwise_kernel,302793728.0,135097216.0,9122728.0,1591456.0,1263106.5344827587,8388608.0,1297937.875,33.35331911633656,12587281.0,8389843.0,4196094.0,1263106.5344827587,1268404.6551724137,6029312.0,22598.620689655174,54236.68965517241,108473.37931034483,108473.37931034483,0.0,0.0,0.0,0.0,0.0,0.0,0.0,1572864.0,2097152.0,1310720.0,0.0,0.0,0.0,2.0530181342378637,2906.0,46276.0,3.0,0.0,21.0,5636.0,8502242.99137931,1033.478448275862,771445.0646551724,3655.75,1069838.9741379311,78258.88793103448
l4,8192,128,1,0,ampere_sgemm_128x64_nn,343639040.0,7221376.0,7309592.0,2335392.0,1840192.051724138,32780616.0,1920845.1666666667,91.90457808821179,29068837.0,27858292.0,1182608.0,1840192.051724138,1858069.7586206896,315938505.0,529974.1206896552,494594.3103448276,9288297.931034483,3974994.724137931,5313303.206896552,0.0,0.0,0.0,8606711808.0,9437184.0,0.0,14343235.0,269323776.0,30738499.0,0.0,0.0,0.0,73.29430631970445,4.0,1286.0,458.0,35.0,34388.0,272.0,86224.86206896552,32257.547413793105,35024.84482758621,2362213.4913793104,17785.974137931036,1449715.7327586208
l4,8192,128,1,0,vectorized_elementwise_kernel,4713088.0,0.0,98189.33333333333,20480.0,13842.965517241379,131072.0,14006.333333333334,33.86074354762313,198454.0,131988.0,65554.0,13842.965517241379,16179.48275862069,94208.0,353.1034482758621,847.448275862069,1694.896551724138,1694.896551724138,0.0,0.0,0.0,0.0,0.0,0.0,0.0,24576.0,32768.0,20480.0,0.0,0.0,0.0,2.827948338146439,5.0,562.0,2.0,0.0,4.0,12.0,95414.3922413793,579.5387931034483,481.2801724137931,646.5646551724138,1892.5818965517242,1385.1077586206898
l4,8192,128,2,0,unrolled_elementwise_kernel,2516992.0,0.0,52437.333333333336,20800.0,13600.224137931034,65536.0,13623.541666666666,66.9076932139491,203712.0,70691.0,131677.0,13600.224137931034,16451.48275862069,1564672.0,1553.655172413793,18643.862068965518,11299.310344827587,11299.310344827587,0.0,0.0,0.0,0.0,0.0,0.0,1048576.0,540672.0,327680.0,90112.0,0.0,0.0,0.0,41.649033836170304,0.0,369.0,8.0,0.0,35.0,11.0,71576.81896551725,3016.137931034483,843.0560344827586,8776.310344827587,2312.2327586206898,28564.71120689655
l4,8192,128,2,0,unrolled_elementwise_kernel,2515840.0,0.0,52413.333333333336,20736.0,13570.689655172413,65536.0,13557.0,67.05431504793951,203277.0,70715.0,131434.0,13570.689655172413,16406.103448275862,1564672.0,1553.655172413793,18643.862068965518,11299.310344827587,11299.310344827587,0.0,0.0,0.0,0.0,0.0,0.0,1048576.0,540672.0,327680.0,90112.0,0.0,0.0,0.0,41.76426140818072,0.0,345.0,15.0,0.0,45.0,4.0,71397.875,3084.862068965517,824.0387931034483,8938.064655172413,2288.706896551724,28561.681034482757
l4,8192,128,2,0,unrolled_elementwise_kernel,2518400.0,0.0,52466.666666666664,20224.0,13626.948275862069,65536.0,13601.041666666666,67.07147250584327,203225.0,70709.0,131388.0,13626.948275862069,15976.689655172413,1564672.0,1553.655172413793,18643.862068965518,11299.310344827587,11299.310344827587,0.0,0.0,0.0,0.0,0.0,0.0,1048576.0,540672.0,327680.0,90112.0,0.0,0.0,0.0,42.886754193609654,0.0,351.0,14.0,0.0,43.0,10.0,71478.10344827586,3114.706896551724,820.7112068965517,9080.237068965518,2343.344827586207,28563.206896551725
l4,8192,128,2,0,vectorized_elementwise_kernel,4758144.0,0.0,99128.0,20896.0,13871.51724137931,131072.0,14397.0,50.26642984014209,264047.0,131960.0,131175.0,13871.51724137931,16506.172413793105,106496.0,353.1034482758621,564.9655172413793,2401.103448275862,1836.1379310344828,564.9655172413793,0.0,0.0,0.0,0.0,1048576.0,0.0,16384.0,53248.0,20480.0,0.0,0.0,0.0,3.093095790707342,44.0,390.0,3.0,0.0,2.0,21.0,81763.56896551725,344.9396551724138,5189.961206896552,597.3577586206897,3639.9310344827586,1262.5172413793102
l4,8192,128,2,0,vectorized_elementwise_kernel,4759296.0,0.0,99152.0,20832.0,13955.48275862069,131072.0,14452.625,50.23313375670827,264226.0,132011.0,131303.0,13955.48275862069,16467.48275862069,106496.0,353.1034482758621,564.9655172413793,2401.103448275862,1836.1379310344828,564.9655172413793,0.0,0.0,0.0,0.0,1048576.0,0.0,16384.0,53248.0,20480.0,0.0,0.0,0.0,3.103032726983376,26.0,525.0,1.0,0.0,2.0,9.0,80420.94396551725,346.37931034482756,5621.564655172414,597.198275862069,3342.9741379310344,1263.2456896551723
l4,8192,128,2,0,ampere_sgemm_128x64_tn,10139392.0,291038592.0,6274541.333333333,2538496.0,2007209.6379310344,25165824.0,2085107.9583333333,99.79243836241088,33368883.0,24976419.0,8391120.0,2007209.6379310344,2020284.9655172413,345866240.0,620897.1034482758,1212416.0,9346789.51724138,3617376.896551724,5729412.620689655,0.0,0.0,0.0,8589934592.0,67108864.0,0.0,35160064.0,270860288.0,36012032.0,0.0,0.0,0.0,73.79419323637923,3.0,3099.0,1620.0,0.0,32946.0,513.0,218499.4181034483,112915.08620689655,256896.64655172414,2304915.1422413792,34788.2025862069,1739265.7801724137
l4,8192,128,2,0,cunn_SoftMaxForwardReg,294094464.0,276397440.0,11885248.0,2182144.0,1703040.1896551724,8388608.0,1769324.8333333333,50.01629012291834,16783176.0,8391369.0,8390463.0,1703040.1896551724,1739381.2068965517,146510874.0,200280.27586206896,1462587.896551724,2236606.2413793104,1127619.1379310344,1108987.103448276,0.0,0.0,311766663.0,940098765.0,67108864.0,0.0,42415049.0,60667277.0,11616256.0,0.0,16.640321255745828,8393720.0,36.30957541281774,1963.0,26685.0,3600.0,0.0,13919.0,6969.0,3888999.4267241377,496128.1681034483,461874.0474137931,1986575.2801724137,941283.5948275862,1198435.3922413792
l4,8192,128,2,0,vectorized_elementwise_kernel,300054656.0,65407872.0,7613802.666666667,1271200.0,1009667.7586206896,8388608.0,1043715.7916666666,20.02981670988364,10490091.0,8389843.0,2098904.0,1009667.7586206896,1013311.448275862,10747904.0,22598.620689655174,225986.2068965517,90394.4827586207,90394.4827586207,0.0,0.0,0.0,0.0,0.0,0.0,0.0,6553600.0,1835008.0,1310720.0,0.0,0.0,0.0,4.576911319636486,56.0,52408.0,7.0,0.0,10.0,657.0,10208656.262931034,2123.3577586206898,8679.073275862069,3075.168103448276,160323.56896551725,83987.56896551725
l4,8192,128,2,0,reduce_kernel,78899712.0,1902592.0,1683381.3333333333,373920.0,294840.4137931034,2097152.0,299395.0833333333,0.8855809736101404,2117480.0,2106105.0,10031.0,294840.4137931034,297855.5862068966,41918464.0,47598.34482758621,909029.5172413794,208472.27586206896,208472.27586206896,0.0,0.0,0.0,0.0,0.0,0.0,0.0,26361856.0,5259264.0,2760704.0,0.0,0.0,0.0,60.74927307980307,0.0,4216.0,2683.0,0.0,3392.0,1014.0,801625.2155172414,545025.9827586206,1364.719827586207,660089.5086206896,187712.80172413794,409107.125
l4,8192,128,2,0,vectorized_elementwise_kernel,4608.0,0.0,96.0,3840.0,18.310344827586206,0.0,162.79166666666666,83.42728297632468,887.0,656.0,14.0,18.310344827586206,2978.9310344827586,112.0,0.13793103448275862,1.2413793103448276,0.8275862068965517,0.8275862068965517,0.0,0.0,0.0,0.0,0.0,0.0,0.0,36.0,20.0,8.0,0.0,0.0,0.0,0.020257208672400422,0.0,0.0,0.0,0.0,0.0,0.0,0.0,0.0,0.0,0.0,0.2413793103448276,2.0
l4,8192,128,2,0,elementwise_kernel,307860736.0,280886784.0,12265573.333333332,2174688.0,1729004.4827586208,10485760.0,1771530.125,50.048356693732934,16802224.0,8409588.0,8391292.0,1729004.4827586208,1733309.3793103448,99614720.0,162710.06896551725,1699416.2758620689,1012418.2068965518,1012418.2068965518,0.0,0.0,0.0,0.0,0.0,0.0,0.0,49283072.0,25165824.0,9437184.0,0.0,0.0,0.0,24.780815687797702,16.0,85201.0,826.0,0.0,991.0,559.0,15565344.189655172,144502.3577586207,286.57758620689657,174262.5129310345,107017.54310344828,1124919.5301724137
l4,8192,128,2,0,vectorized_elementwise_kernel,303065088.0,134470528.0,9115325.333333334,1606400.0,1275642.2241379311,8388608.0,1295058.7083333333,33.35332171369696,12587313.0,8389861.0,4196108.0,1275642.2241379311,1280496.0344827587,6029312.0,22598.620689655174,54236.68965517241,108473.37931034483,108473.37931034483,0.0,0.0,0.0,0.0,0.0,0.0,0.0,1572864.0,2097152.0,1310720.0,0.0,0.0,0.0,2.0336279973399316,3173.0,45949.0,7.0,0.0,25.0,5936.0,8619328.25862069,1036.25,786816.9137931034,3992.168103448276,1179270.6336206896,78287.0301724138
l4,8192,128,2,0,ampere_sgemm_128x64_nn,343624064.0,7242240.0,7309714.666666667,2335552.0,1840294.6896551724,32780600.0,1920967.9166666667,91.90446064322812,29063499.0,27852955.0,1182635.0,1840294.6896551724,1858237.2068965517,315938178.0,529972.2413793104,494590.5517241379,9288297.931034483,3975041.4827586208,5313256.448275862,0.0,0.0,0.0,8606711808.0,9437184.0,0.0,14343126.0,269323776.0,30738390.0,0.0,0.0,0.0,73.28778540744928,4.0,1296.0,466.0,41.0,34301.0,260.0,86073.2974137931,32552.51724137931,35320.31465517241,2368419.025862069,17798.318965517243,1449838.2844827587
l4,8192,128,2,0,vectorized_elementwise_kernel,4717440.0,0.0,98280.0,20384.0,13755.931034482759,131072.0,13951.458333333334,33.86644898617325,198456.0,131990.0,65554.0,13755.931034482759,16125.068965517241,94208.0,353.1034482758621,847.448275862069,1694.896551724138,1694.896551724138,0.0,0.0,0.0,0.0,0.0,0.0,0.0,24576.0,32768.0,20480.0,0.0,0.0,0.0,2.8368496686461646,3.0,551.0,3.0,0.0,4.0,7.0,95324.07327586207,582.4396551724138,532.6810344827586,645.9137931034483,1821.3405172413793,1386.0689655172414
l4,8192,128,0,0,fmha_cutlassF_f16_aligned_64x128_rf_sm80,7339520.0,0.0,152906.66666666666,2256672.0,1332686.7068965517,20971520.0,1538302.1666666667,99.37173154452206,21048168.0,20979483.0,67341.0,1332686.7068965517,1797985.1379310344,97756790.0,186121.08620689655,1089951.4827586208,896479.724137931,475007.0344827586,421472.6896551724,0.0,2314098.7586206896,153265394.0,262144.0,201405530.0,0.0,31608593.0,25335384.0,10795023.0,16777216.0,4.059902762036179,2116897.0,23.454925905662716,5169.0,2078.0,20224.0,0.0,5410.0,5246.0,73687.71120689655,718996.7931034482,72904.38793103448,184978.96120689655,185838.80603448275,534983.2801724138
l4,8192,128,1,0,fmha_cutlassF_f16_aligned_64x128_rf_sm80,7343872.0,0.0,152997.33333333334,2255072.0,1332529.3103448276,20971520.0,1533833.25,99.36680911826416,21048787.0,20980105.0,67338.0,1332529.3103448276,1796563.3103448276,97756790.0,186121.08620689655,1089951.4827586208,896479.724137931,474996.2068965517,421483.5172413793,0.0,2314098.7586206896,153265394.0,262144.0,201405530.0,0.0,31608593.0,25335384.0,10795023.0,16777216.0,4.063115830961244,2116897.0,23.473485612453633,5137.0,2083.0,20481.0,0.0,5192.0,5252.0,76846.69396551725,718951.8534482758,72959.03879310345,184956.0775862069,185912.7025862069,534977.7284482758
l4,8192,128,2,0,fmha_cutlassF_f16_aligned_64x128_rf_sm80,7346432.0,0.0,153050.66666666666,2253312.0,1332135.1206896552,20971520.0,1548238.1666666667,99.35281108479231,21052122.0,20982925.0,67853.0,1332135.1206896552,1795316.7931034483,97756790.0,186121.08620689655,1089951.4827586208,896479.724137931,475000.4827586207,421479.2413793103,0.0,2314098.7586206896,153265394.0,262144.0,201405530.0,0.0,31608593.0,25335384.0,10795023.0,16777216.0,4.065936917443847,2116897.0,23.489784110140814,5135.0,2069.0,20281.0,0.0,5431.0,5181.0,76973.39655172414,719057.9224137932,73055.25431034483,184983.00862068965,185750.67672413794,534982.0431034482
l4,8192,128,0,0,flash_fwd_kernel,7052928.0,0.0,146936.0,1668480.0,798828.6379310344,8454144.0,545470.1666666666,97.65465962765353,8533772.0,8460879.0,71117.0,798828.6379310344,1330314.551724138,45379584.0,81915.58620689655,285069.2413793103,733704.8275862068,291692.724137931,442012.1034482759,0.0,2314098.7586206896,134283264.0,8454144.0,352334132.0,0.0,8267008.0,21141760.0,4751104.0,8388608.0,6.120118544947705,2361088.0,14.706194583692184,49.0,653.0,16243.0,0.0,369.0,398.0,12455.301724137931,332696.9137931034,21998.76724137931,12233.004310344828,8925.241379310344,259783.3922413793
l4,8192,128,1,0,flash_fwd_kernel,7051776.0,0.0,146912.0,1670752.0,798592.1724137932,8454144.0,539379.0416666666,97.67241877428106,8532119.0,8460979.0,69796.0,798592.1724137932,1332002.4137931035,45379584.0,81915.58620689655,285069.2413793103,733704.8275862068,291685.275862069,442019.5517241379,0.0,2314098.7586206896,134283264.0,8454144.0,352334132.0,0.0,8267008.0,21141760.0,4751104.0,8388608.0,6.112363366846958,2361088.0,14.687560108491052,54.0,662.0,16385.0,0.0,348.0,447.0,12352.978448275862,332760.8232758621,21881.55172413793,12059.10775862069,8893.913793103447,259791.6551724138
l4,8192,128,2,0,flash_fwd_kernel,7052928.0,0.0,146936.0,1666528.0,798487.2931034482,8454144.0,544434.3333333334,97.64741628729108,8533979.0,8461952.0,70683.0,798487.2931034482,1328557.2413793104,45379584.0,81915.58620689655,285069.2413793103,733704.8275862068,291667.1034482759,442037.724137931,0.0,2314098.7586206896,134283264.0,8454144.0,352334132.0,0.0,8267008.0,21141760.0,4751104.0,8388608.0,6.128213753265144,2361088.0,14.725647098122515,43.0,634.0,16459.0,0.0,347.0,490.0,12443.836206896553,332885.3448275862,21935.405172413793,12261.034482758621,8910.176724137931,259791.2672413793
l4,8192,128,0,0,cudnn_generated_fort_native_sdpa_sm80_flash_fprop_wmma_f16_knob_3_64x64x128_4x1x1_kernel0_0,7422976.0,128.0,154648.0,1199488.0,699438.0862068966,16842752.0,839671.125,98.82075606924758,16917789.0,16847524.0,68705.0,699438.0862068966,955830.1034482758,38909952.0,101296.55172413793,254163.8620689655,496622.3448275862,176474.6551724138,320147.6896551724,0.0,2314098.7586206896,138477568.0,4194304.0,273678336.0,0.0,7370752.0,14391808.0,5875200.0,8388608.0,8.064454392107558,2235392.0,17.556480875099975,82.0,1042.0,18744.0,0.0,1370.0,657.0,30857.418103448275,599441.5215517242,43068.80172413793,48501.21982758621,19166.327586206895,224753.7155172414
l4,8192,128,1,0,cudnn_generated_fort_native_sdpa_sm80_flash_fprop_wmma_f16_knob_3_64x64x128_4x1x1_kernel0_0,7425792.0,0.0,154704.0,1200864.0,699449.2586206896,16842752.0,816604.9166666666,98.8363070085124,16915544.0,16846965.0,67235.0,699449.2586206896,956858.2413793104,38909952.0,101296.55172413793,254163.8620689655,496622.3448275862,176473.9655172414,320148.3793103448,0.0,2314098.7586206896,138477568.0,4194304.0,273678336.0,0.0,7370752.0,14391808.0,5875200.0,8388608.0,8.055789188532918,2235392.0,17.537615650125666,92.0,1031.0,18637.0,0.0,1354.0,654.0,30786.03879310345,599299.599137931,43003.31034482759,48559.918103448275,19132.01724137931,224742.0905172414
l4,8192,128,2,0,cudnn_generated_fort_native_sdpa_sm80_flash_fprop_wmma_f16_knob_3_64x64x128_4x1x1_kernel0_0,7421824.0,0.0,154621.33333333334,1199840.0,699646.051724138,16842752.0,840554.2916666666,98.83643027629373,16915875.0,16847189.0,67342.0,699646.051724138,956123.275862069,38909952.0,101296.55172413793,254163.8620689655,496622.3448275862,176470.72413793104,320151.6206896552,0.0,2314098.7586206896,138477568.0,4194304.0,273678336.0,0.0,7370752.0,14391808.0,5875200.0,8388608.0,8.061981619380708,2235392.0,17.551101205208173,82.0,1021.0,18748.0,0.0,1416.0,667.0,30910.237068965518,599980.176724138,43173.737068965514,48477.47844827586,19165.96120689655,224747.43103448275
