GpuName,SeqLen,HeadDim,Run,Range,Action,dram__bytes_read.sum,dram__bytes_write.sum,dram__cycles_active.avg,gpu__time_duration.sum,l1tex__cycles_active.avg,l1tex__t_sectors_pipe_lsu_mem_global_op_ld.sum,lts__cycles_active.avg,lts__t_sector_hit_rate.pct,lts__t_sectors.sum,lts__t_sectors_op_read.sum,lts__t_sectors_op_write.sum,sm__cycles_active.avg,sm__cycles_elapsed.avg,sm__inst_executed.sum,sm__inst_executed_pipe_lsu.avg,sm__pipe_alu_cycles_active.avg,sm__pipe_fma_cycles_active.avg,sm__pipe_fp64_cycles_active.avg,sm__pipe_shared_cycles_active.avg,sm__pipe_tensor_cycles_active.avg,sm__sass_thread_inst_executed_op_fadd_pred_on.sum,sm__sass_thread_inst_executed_op_ffma_pred_on.sum,sm__sass_thread_inst_executed_op_fmul_pred_on.sum,sm__sass_thread_inst_executed_op_hadd_pred_on.sum,smsp__inst_executed_pipe_alu.sum,smsp__inst_executed_pipe_fma.sum,smsp__inst_executed_pipe_lsu.sum,smsp__inst_executed_pipe_tensor.sum,smsp__inst_executed_pipe_xu.avg.pct_of_peak_sustained_elapsed,smsp__inst_executed_pipe_xu.sum,smsp__issue_active.avg.pct_of_peak_sustained_elapsed,smsp__pcsamp_warps_issue_stalled_lg_throttle,smsp__pcsamp_warps_issue_stalled_long_scoreboard,smsp__pcsamp_warps_issue_stalled_math_pipe_throttle,smsp__pcsamp_warps_issue_stalled_membar,smsp__pcsamp_warps_issue_stalled_not_selected,smsp__pcsamp_warps_issue_stalled_short_scoreboard,smsp__warps_issue_stalled_long_scoreboard.avg,smsp__warps_issue_stalled_math_pipe_throttle.avg,smsp__warps_issue_stalled_mio_throttle.avg,smsp__warps_issue_stalled_not_selected.avg,smsp__warps_issue_stalled_short_scoreboard.avg,smsp__warps_issue_stalled_wait.avg
t4,256,64,0,0,unrolled_elementwise_kernel,84960.0,1504.0,1351.0,8864.0,3093.825,1024.0,1765.34375,76.88711516533637,8770.0,6236.0,2068.0,3093.825,5139.6,25472.0,35.2,422.4,230.4,0.0,25.6,0.0,0.0,0.0,0.0,16384.0,8448.0,4608.0,1408.0,0.0,0.0,0.0,3.175344384777025,0.0,4.0,0.0,0.0,0.0,6.0,925.0125,0.0,0.0,0.0,79.98125,588.8125
t4,256,64,0,0,unrolled_elementwise_kernel,84512.0,1280.0,1340.5,9408.0,3351.55,1024.0,1816.125,76.63700661647273,8766.0,6230.0,2068.0,3351.55,5459.2,25472.0,35.2,422.4,230.4,0.0,25.6,0.0,0.0,0.0,0.0,16384.0,8448.0,4608.0,1408.0,0.0,0.0,0.0,2.9894490035169987,0.0,64.0,0.0,0.0,0.0,2.0,923.975,0.0,0.0,0.0,79.9,588.8125
t4,256,64,0,0,unrolled_elementwise_kernel,85408.0,928.0,1349.0,8960.0,3106.975,1024.0,1872.65625,76.84655842670935,8746.0,6218.0,2064.0,3106.975,5194.0,25472.0,35.2,422.4,230.4,0.0,25.6,0.0,0.0,0.0,0.0,16384.0,8448.0,4608.0,1408.0,0.0,0.0,0.0,3.1420870234886404,0.0,0.0,0.0,0.0,0.0,19.0,927.08125,0.0,0.0,0.0,79.95625,588.8125
t4,256,64,0,0,vectorized_elementwise_kernel,76992.0,384.0,1209.0,4160.0,461.475,2048.0,809.03125,58.783906790460584,5493.0,2824.0,2125.0,461.475,2392.8,1600.0,8.0,12.8,41.6,0.0,0.0,0.0,0.0,0.0,16384.0,0.0,256.0,832.0,320.0,0.0,0.0,0.0,0.4680708793045803,0.0,0.0,0.0,0.0,0.0,0.0,168.8625,0.0,0.0,0.0,11.2,31.6125
t4,256,64,0,0,vectorized_elementwise_kernel,77440.0,2304.0,1246.0,4192.0,461.275,2048.0,768.65625,59.3014705882353,5440.0,2828.0,2068.0,461.275,2411.0,1600.0,8.0,12.8,41.6,0.0,0.0,0.0,0.0,0.0,16384.0,0.0,256.0,832.0,320.0,0.0,0.0,0.0,0.464537536291995,0.0,0.0,0.0,0.0,0.0,0.0,170.33125,0.0,0.0,0.0,11.2,31.6
t4,256,64,0,0,volta_sgemm_128x32_tn,202976.0,15424.0,3412.5,18080.0,3690.6,19542.0,5301.9375,92.69650482365965,31615.0,22600.0,8215.0,3690.6,10524.2,234240.0,867.2,2809.6,6720.0,0.0,0.0,0.0,0.0,4194304.0,65536.0,0.0,56192.0,134400.0,34688.0,0.0,0.0,0.0,13.979209821174054,0.0,42.0,7.0,0.0,11.0,5.0,1132.29375,514.2125,310.9625,573.89375,352.65625,1643.7
t4,256,64,0,0,softmax_warp_forward,301600.0,6208.0,4809.5,7808.0,3040.875,8192.0,2440.0625,54.99181669394435,18941.0,9838.0,8207.0,3040.875,4503.8,86016.0,224.0,985.6,1600.0,0.0,0.0,0.0,237568.0,589824.0,65536.0,0.0,19712.0,32000.0,8960.0,0.0,6.820906789821928,6144.0,12.11421466317332,0.0,38.0,0.0,0.0,0.0,6.0,1077.41875,65.55,1.43125,110.80625,642.26875,1063.7375
t4,256,64,0,0,vectorized_elementwise_kernel,292480.0,3488.0,4624.5,5152.0,1614.2,8192.0,1499.28125,29.600202856901358,11831.0,9022.0,2061.0,1614.2,2976.2,10240.0,32.0,320.0,89.6,0.0,0.0,0.0,0.0,0.0,0.0,0.0,6400.0,1792.0,1280.0,0.0,0.0,0.0,2.311672602647672,0.0,22.0,0.0,0.0,1.0,0.0,1125.2,3.4375,0.0,5.33125,45.8625,137.2125
t4,256,64,0,0,reduce_kernel,132128.0,224.0,2068.0,11264.0,2136.375,2048.0,1525.84375,63.02024107345918,8794.0,8334.0,32.0,2136.375,6556.8,62208.0,70.4,1779.2,460.8,0.0,0.0,0.0,0.0,0.0,0.0,0.0,35584.0,9216.0,2816.0,0.0,0.0,0.0,6.36896046852123,0.0,1.0,2.0,0.0,7.0,0.0,890.00625,266.5875,6.03125,319.75625,277.33125,919.35625
t4,256,64,0,0,vectorized_elementwise_kernel,4960.0,448.0,84.5,3520.0,21.05,0.0,152.875,86.53017241379311,928.0,592.0,47.0,21.05,2015.6,112.0,0.2,1.8,1.0,0.0,0.0,0.0,0.0,0.0,0.0,0.0,36.0,20.0,8.0,0.0,0.0,0.0,0.03969041476483429,0.0,0.0,0.0,0.0,0.0,0.0,0.0,0.0,0.0,0.0,0.8875,2.7375
t4,256,64,0,0,elementwise_kernel,348448.0,8480.0,5577.0,7168.0,2661.325,10240.0,2293.40625,55.46214126316882,19269.0,10363.0,8237.0,2661.325,4125.0,89088.0,230.4,1587.2,1228.8,0.0,0.0,0.0,0.0,0.0,0.0,0.0,31744.0,24576.0,9216.0,0.0,0.0,0.0,15.103181818181818,0.0,7.0,6.0,0.0,7.0,0.0,5122.10625,628.8875,19.49375,796.4,162.86875,1393.2625
t4,256,64,0,0,vectorized_elementwise_kernel,299648.0,10304.0,4843.0,5120.0,1527.975,8192.0,1609.0,39.862296492863805,13943.0,9018.0,4149.0,1527.975,2932.6,7680.0,32.0,76.8,102.4,0.0,0.0,0.0,0.0,0.0,0.0,0.0,1536.0,2048.0,1280.0,0.0,3.4917820364181957,2048.0,1.8004501125281318,0.0,19.0,0.0,0.0,0.0,0.0,1054.06875,0.63125,7.65625,2.775,56.51875,210.75625
t4,256,64,0,0,volta_sgemm_64x32_sliced1x4_nn,451552.0,12992.0,7258.5,17952.0,7026.275,24576.0,4197.0,70.50855839767014,36397.0,27262.0,8207.0,7026.275,10468.0,338432.0,1177.6,5747.2,7513.6,0.0,0.0,0.0,196608.0,4194304.0,262144.0,0.0,114944.0,150272.0,47104.0,0.0,0.0,0.0,20.34390523500191,0.0,34.0,18.0,0.0,20.0,12.0,1171.09375,742.93125,1507.79375,878.475,813.19375,3318.34375
t4,256,64,0,0,splitKreduce_kernel,311296.0,2880.0,4909.0,5664.0,1573.9,8192.0,1582.78125,31.857338378552452,12421.0,9494.0,2063.0,1573.9,3269.8,46592.0,140.8,1075.2,512.0,0.0,0.0,0.0,65536.0,0.0,16384.0,0.0,21504.0,10240.0,5632.0,0.0,0.0,0.0,9.786531286317206,0.0,32.0,0.0,0.0,0.0,0.0,1989.63125,155.65625,67.59375,195.5625,8.38125,970.6
t4,256,64,0,0,vectorized_elementwise_kernel,77888.0,160.0,1219.5,4288.0,485.275,2048.0,687.8125,50.297755382501144,4366.0,2864.0,1038.0,485.275,2466.2,1920.0,8.0,19.2,25.6,0.0,0.0,0.0,0.0,0.0,0.0,0.0,384.0,512.0,320.0,0.0,1.0380342226907795,512.0,0.5352363960749331,0.0,0.0,0.0,0.0,0.0,0.0,172.73125,0.0,0.0,0.0,13.2,51.6
t4,256,64,1,0,unrolled_elementwise_kernel,84320.0,480.0,1325.0,8864.0,3100.05,1024.0,1766.125,76.9204467745612,8774.0,6240.0,2068.0,3100.05,5138.0,25472.0,35.2,422.4,230.4,0.0,25.6,0.0,0.0,0.0,0.0,16384.0,8448.0,4608.0,1408.0,0.0,0.0,0.0,3.1763332035811596,0.0,5.0,0.0,0.0,0.0,4.0,924.78125,0.0,0.0,0.0,79.625,588.8125
t4,256,64,1,0,unrolled_elementwise_kernel,84320.0,928.0,1332.0,9440.0,3357.275,1024.0,1853.6875,76.94249971307242,8713.0,6184.0,2061.0,3357.275,5481.4,25472.0,35.2,422.4,230.4,0.0,25.6,0.0,0.0,0.0,0.0,16384.0,8448.0,4608.0,1408.0,0.0,0.0,0.0,2.97734155507717,0.0,64.0,0.0,0.0,0.0,0.0,923.8125,0.0,0.0,0.0,77.0,588.8125
t4,256,64,1,0,unrolled_elementwise_kernel,85600.0,480.0,1345.0,8896.0,3102.775,1024.0,1782.8125,75.0499001996008,9018.0,6216.0,2338.0,3102.775,5164.2,25472.0,35.2,422.4,230.4,0.0,25.6,0.0,0.0,0.0,0.0,16384.0,8448.0,4608.0,1408.0,0.0,0.0,0.0,3.1602184268618565,0.0,5.0,0.0,0.0,0.0,4.0,927.11875,0.0,0.0,0.0,79.9625,588.8125
t4,256,64,1,0,vectorized_elementwise_kernel,77120.0,2720.0,1247.5,4160.0,462.525,2048.0,770.46875,59.687212511499546,5435.0,2830.0,2061.0,462.525,2407.6,1600.0,8.0,12.8,41.6,0.0,0.0,0.0,0.0,0.0,16384.0,0.0,256.0,832.0,320.0,0.0,0.0,0.0,0.46519355374646953,0.0,9.0,0.0,0.0,0.0,0.0,167.90625,0.0,0.0,0.0,11.2,31.6125
t4,256,64,1,0,vectorized_elementwise_kernel,77056.0,3936.0,1265.5,4192.0,466.15,2048.0,760.84375,59.49972411256208,5437.0,2830.0,2063.0,466.15,2407.6,1600.0,8.0,12.8,41.6,0.0,0.0,0.0,0.0,0.0,16384.0,0.0,256.0,832.0,320.0,0.0,0.0,0.0,0.46519355374646953,0.0,0.0,0.0,0.0,0.0,0.0,168.425,0.0,0.0,0.0,11.2,31.6
t4,256,64,1,0,volta_sgemm_128x32_tn,204192.0,14368.0,3415.0,18048.0,3711.425,19512.0,5164.875,92.15698666498136,31646.0,22622.0,8224.0,3711.425,10527.0,234240.0,867.2,2809.6,6720.0,0.0,0.0,0.0,0.0,4194304.0,65536.0,0.0,56192.0,134400.0,34688.0,0.0,0.0,0.0,13.975491593046453,0.0,36.0,5.0,0.0,14.0,5.0,1117.41875,524.7375,322.13125,583.39375,347.3375,1643.4
t4,256,64,1,0,softmax_warp_forward,302624.0,10400.0,4891.0,7744.0,3033.2,8192.0,2602.375,55.01054852320675,18960.0,9826.0,8238.0,3033.2,4473.4,86016.0,224.0,985.6,1600.0,0.0,0.0,0.0,237568.0,589824.0,65536.0,0.0,19712.0,32000.0,8960.0,0.0,6.867259802387446,6144.0,12.196539544865205,0.0,39.0,0.0,0.0,1.0,8.0,1065.025,64.63125,1.43125,113.1625,640.81875,1063.8125
t4,256,64,1,0,vectorized_elementwise_kernel,290624.0,3712.0,4599.0,5056.0,1536.9,8192.0,1356.0625,29.433102750126537,11854.0,9012.0,2094.0,1536.9,2917.4,10240.0,32.0,320.0,89.6,0.0,0.0,0.0,0.0,0.0,0.0,0.0,6400.0,1792.0,1280.0,0.0,0.0,0.0,2.35826420785631,0.0,36.0,0.0,0.0,0.0,0.0,1122.45,3.84375,0.0,4.80625,45.9,137.225
t4,256,64,1,0,reduce_kernel,131776.0,1792.0,2087.0,11328.0,2149.45,2048.0,1490.375,63.06122448979592,8820.0,8356.0,36.0,2149.45,6589.6,62208.0,70.4,1779.2,460.8,0.0,0.0,0.0,0.0,0.0,0.0,0.0,35584.0,9216.0,2816.0,0.0,0.0,0.0,6.337258710695641,0.0,2.0,6.0,0.0,5.0,0.0,889.05,268.4625,5.79375,321.25625,277.7625,919.34375
t4,256,64,1,0,vectorized_elementwise_kernel,5088.0,64.0,80.5,3520.0,21.05,0.0,151.125,75.34516765285996,1014.0,588.0,137.0,21.05,2015.0,112.0,0.2,1.8,1.0,0.0,0.0,0.0,0.0,0.0,0.0,0.0,36.0,20.0,8.0,0.0,0.0,0.0,0.03970223325062035,0.0,0.0,0.0,0.0,0.0,0.0,0.0,0.0,0.0,0.0,0.8875,2.7375
t4,256,64,1,0,elementwise_kernel,348448.0,5472.0,5530.0,7072.0,2651.625,10240.0,2295.125,55.24732966919008,19286.0,10387.0,8230.0,2651.625,4062.6,89088.0,230.4,1587.2,1228.8,0.0,0.0,0.0,0.0,0.0,0.0,0.0,31744.0,24576.0,9216.0,0.0,0.0,0.0,15.335468665386697,0.0,37.0,0.0,0.0,1.0,0.0,5147.3875,627.74375,19.85,786.60625,162.50625,1393.00625
t4,256,64,1,0,vectorized_elementwise_kernel,298048.0,12992.0,4860.0,5024.0,1540.9,8192.0,1572.96875,40.07754164273406,13928.0,9010.0,4142.0,1540.9,2895.2,7680.0,32.0,76.8,102.4,0.0,0.0,0.0,0.0,0.0,0.0,0.0,1536.0,2048.0,1280.0,0.0,3.5368886432716224,2048.0,1.82370820668693,0.0,20.0,0.0,0.0,0.0,0.0,1055.6375,0.65,6.5125,2.75625,55.96875,211.1375
t4,256,64,1,0,volta_sgemm_64x32_sliced1x4_nn,455456.0,8480.0,7249.0,18016.0,7031.8,24576.0,4257.375,70.71948129784509,36707.0,27282.0,8497.0,7031.8,10514.4,338432.0,1177.6,5747.2,7513.6,0.0,0.0,0.0,196608.0,4194304.0,262144.0,0.0,114944.0,150272.0,47104.0,0.0,0.0,0.0,20.2541276725253,0.0,37.0,17.0,0.0,8.0,10.0,1175.625,750.41875,1537.5125,874.96875,808.66875,3317.69375
t4,256,64,1,0,splitKreduce_kernel,311552.0,1184.0,4886.5,5856.0,1658.8,8192.0,1691.40625,31.89938316109909,12483.0,9492.0,2127.0,1658.8,3373.6,46592.0,140.8,1075.2,512.0,0.0,0.0,0.0,65536.0,0.0,16384.0,0.0,21504.0,10240.0,5632.0,0.0,0.0,0.0,9.485416172634574,0.0,32.0,0.0,0.0,0.0,0.0,1935.2375,154.21875,67.475,192.03125,9.20625,969.96875
t4,256,64,1,0,vectorized_elementwise_kernel,78016.0,0.0,1219.0,4288.0,484.125,2048.0,687.4375,49.64490263459336,4365.0,2864.0,1037.0,484.125,2469.6,1920.0,8.0,19.2,25.6,0.0,0.0,0.0,0.0,0.0,0.0,0.0,384.0,512.0,320.0,0.0,1.0366051182377716,512.0,0.5344995140913509,0.0,0.0,0.0,0.0,0.0,0.0,173.31875,0.0,0.0,0.0,13.2,51.6
t4,256,64,2,0,unrolled_elementwise_kernel,84672.0,1152.0,1341.0,8864.0,3107.1,1024.0,1796.8125,76.8489110707804,8816.0,6264.0,2086.0,3107.1,5134.4,25472.0,35.2,422.4,230.4,0.0,25.6,0.0,0.0,0.0,0.0,16384.0,8448.0,4608.0,1408.0,0.0,0.0,0.0,3.178560299158616,0.0,2.0,0.0,0.0,0.0,6.0,934.05,0.0,0.0,0.0,79.40625,588.8125
t4,256,64,2,0,unrolled_elementwise_kernel,84416.0,608.0,1328.5,9408.0,3351.025,1024.0,1816.625,76.7871394367803,8771.0,6242.0,2061.0,3351.025,5452.8,25472.0,35.2,422.4,230.4,0.0,25.6,0.0,0.0,0.0,0.0,16384.0,8448.0,4608.0,1408.0,0.0,0.0,0.0,2.992957746478873,0.0,63.0,0.0,0.0,0.0,0.0,961.4625,0.0,0.0,0.0,79.69375,588.8125
t4,256,64,2,0,unrolled_elementwise_kernel,86048.0,2784.0,1388.0,8928.0,3103.9,1024.0,1831.21875,76.91342534504392,8767.0,6242.0,2061.0,3103.9,5183.0,25472.0,35.2,422.4,230.4,0.0,25.6,0.0,0.0,0.0,0.0,16384.0,8448.0,4608.0,1408.0,0.0,0.0,0.0,3.1487555469805133,0.0,40.0,0.0,0.0,0.0,1.0,926.61875,0.0,0.0,0.0,80.05625,588.8125
t4,256,64,2,0,vectorized_elementwise_kernel,77120.0,768.0,1217.0,4224.0,464.65,2048.0,769.53125,59.79494690589527,5462.0,2824.0,2094.0,464.65,2421.2,1600.0,8.0,12.8,41.6,0.0,0.0,0.0,0.0,0.0,16384.0,0.0,256.0,832.0,320.0,0.0,0.0,0.0,0.4625805385759128,0.0,7.0,0.0,0.0,0.0,0.0,167.45,0.0,0.0,0.0,11.2,31.6125
t4,256,64,2,0,vectorized_elementwise_kernel,77760.0,3680.0,1272.5,4160.0,460.175,2048.0,761.90625,59.81684981684982,5460.0,2822.0,2094.0,460.175,2389.2,1600.0,8.0,12.8,41.6,0.0,0.0,0.0,0.0,0.0,16384.0,0.0,256.0,832.0,320.0,0.0,0.0,0.0,0.46877615938389416,0.0,0.0,0.0,0.0,0.0,0.0,168.40625,0.0,0.0,0.0,11.2,31.6
t4,256,64,2,0,volta_sgemm_128x32_tn,204192.0,13440.0,3400.5,18016.0,3694.525,19468.0,5561.8125,91.86214703477769,31802.0,22578.0,8424.0,3694.525,10501.0,234240.0,867.2,2809.6,6720.0,0.0,0.0,0.0,0.0,4194304.0,65536.0,0.0,56192.0,134400.0,34688.0,0.0,0.0,0.0,14.010094276735549,0.0,19.0,15.0,0.0,18.0,14.0,1133.8875,512.38125,294.35,575.0875,377.35,1643.28125
t4,256,64,2,0,softmax_warp_forward,302176.0,8000.0,4846.5,7776.0,3050.025,8192.0,2506.375,54.387153954434076,19181.0,9812.0,8473.0,3050.025,4500.0,86016.0,224.0,985.6,1600.0,0.0,0.0,0.0,237568.0,589824.0,65536.0,0.0,19712.0,32000.0,8960.0,0.0,6.826666666666667,6144.0,12.124444444444444,0.0,40.0,0.0,0.0,1.0,10.0,1044.475,65.01875,1.4,111.35,641.8625,1063.7125
t4,256,64,2,0,vectorized_elementwise_kernel,291328.0,2528.0,4591.5,4960.0,1535.85,8192.0,1366.375,29.508196721311474,11834.0,9018.0,2068.0,1535.85,2867.6,10240.0,32.0,320.0,89.6,0.0,0.0,0.0,0.0,0.0,0.0,0.0,6400.0,1792.0,1280.0,0.0,0.0,0.0,2.3992188589761474,0.0,37.0,0.0,0.0,0.0,1.0,1120.75,3.925,0.0,4.85625,45.6625,137.225
t4,256,64,2,0,reduce_kernel,130432.0,1760.0,2065.5,11296.0,2143.25,2048.0,1550.90625,65.67333939945405,8792.0,8332.0,32.0,2143.25,6573.6,62208.0,70.4,1779.2,460.8,0.0,0.0,0.0,0.0,0.0,0.0,0.0,35584.0,9216.0,2816.0,0.0,0.0,0.0,6.352683461117197,0.0,16.0,0.0,0.0,2.0,4.0,885.85625,260.01875,5.61875,315.125,277.6125,919.53125
t4,256,64,2,0,vectorized_elementwise_kernel,5088.0,64.0,80.5,3488.0,21.0,0.0,162.25,87.09327548806941,922.0,586.0,47.0,21.0,2016.0,112.0,0.2,1.8,1.0,0.0,0.0,0.0,0.0,0.0,0.0,0.0,36.0,20.0,8.0,0.0,0.0,0.0,0.03968253968253968,0.0,0.0,0.0,0.0,0.0,0.0,0.0,0.0,0.0,0.0,0.8875,2.7375
t4,256,64,2,0,elementwise_kernel,347616.0,10496.0,5595.5,7104.0,2668.075,10240.0,2268.71875,55.48507850681086,19234.0,10353.0,8212.0,2668.075,4096.4,89088.0,230.4,1587.2,1228.8,0.0,0.0,0.0,0.0,0.0,0.0,0.0,31744.0,24576.0,9216.0,0.0,0.0,0.0,15.210611756664388,0.0,22.0,3.0,0.0,2.0,0.0,5103.275,618.3375,19.88125,792.875,161.93125,1393.23125
t4,256,64,2,0,vectorized_elementwise_kernel,299008.0,9280.0,4817.0,5120.0,1535.525,8192.0,1610.78125,39.91385498923187,13930.0,9012.0,4142.0,1535.525,2945.8,7680.0,32.0,76.8,102.4,0.0,0.0,0.0,0.0,0.0,0.0,0.0,1536.0,2048.0,1280.0,0.0,3.4761355149704665,2048.0,1.7923823749066468,0.0,6.0,0.0,0.0,0.0,2.0,1086.60625,0.61875,7.0125,2.71875,56.35625,211.28125
t4,256,64,2,0,volta_sgemm_64x32_sliced1x4_nn,451744.0,15104.0,7294.5,17984.0,7018.675,24576.0,4194.03125,70.54478554560932,36418.0,27272.0,8218.0,7018.675,10474.4,338432.0,1177.6,5747.2,7513.6,0.0,0.0,0.0,196608.0,4194304.0,262144.0,0.0,114944.0,150272.0,47104.0,0.0,0.0,0.0,20.3314748338807,0.0,35.0,12.0,0.0,16.0,16.0,1184.99375,751.08125,1546.2875,875.5125,803.3875,3317.64375
t4,256,64,2,0,splitKreduce_kernel,308992.0,2592.0,4868.5,5632.0,1575.725,8192.0,1540.625,32.00868795752554,12431.0,9506.0,2061.0,1575.725,3253.4,46592.0,140.8,1075.2,512.0,0.0,0.0,0.0,65536.0,0.0,16384.0,0.0,21504.0,10240.0,5632.0,0.0,0.0,0.0,9.835864019179935,0.0,32.0,1.0,0.0,1.0,0.0,1952.7375,153.8375,67.28125,196.18125,8.13125,971.13125
t4,256,64,2,0,vectorized_elementwise_kernel,77760.0,160.0,1217.5,4256.0,484.575,2048.0,694.71875,49.725400457665906,4370.0,2868.0,1038.0,484.575,2454.4,1920.0,8.0,19.2,25.6,0.0,0.0,0.0,0.0,0.0,0.0,0.0,384.0,512.0,320.0,0.0,1.0430247718383312,512.0,0.5378096479791394,0.0,0.0,0.0,0.0,0.0,2.0,173.71875,0.0,0.0,0.0,13.2,51.6
t4,256,64,0,0,fmha_cutlassF_f16_aligned_64x64_rf_sm75,160256.0,1376.0,2525.5,52384.0,2939.0,12288.0,2647.40625,80.70787637088733,18054.0,16262.0,1376.0,2939.0,30593.8,94482.0,214.375,1651.9,1180.5,204.8,1653.8,1653.8,154136.0,8192.0,197656.0,0.0,33038.0,23610.0,8575.0,8192.0,0.7831652164817707,4792.0,1.9374432074472605,0.0,16.0,0.0,0.0,0.0,8.0,412.89375,24.75625,6.5375,0.0,225.11875,947.0625
t4,256,64,1,0,fmha_cutlassF_f16_aligned_64x64_rf_sm75,160416.0,4544.0,2577.5,52256.0,2933.725,12288.0,2812.59375,81.2659633536924,18010.0,16230.0,1364.0,2933.725,30537.8,94482.0,214.375,1651.9,1180.5,204.8,1653.925,1653.925,154136.0,8192.0,197656.0,0.0,33038.0,23610.0,8575.0,8192.0,0.784601379274211,4792.0,1.9409960769931036,0.0,16.0,0.0,0.0,0.0,10.0,413.83125,24.76875,6.5375,0.0,224.69375,947.08125
t4,256,64,2,0,fmha_cutlassF_f16_aligned_64x64_rf_sm75,160256.0,3072.0,2552.0,52352.0,2938.375,12288.0,2709.59375,81.07750055199824,18116.0,16324.0,1376.0,2938.375,30585.6,94482.0,214.375,1651.9,1180.5,204.8,1653.725,1653.725,154136.0,8192.0,197656.0,0.0,33038.0,23610.0,8575.0,8192.0,0.7833751830926973,4792.0,1.937962636011718,0.0,19.0,0.0,0.0,0.0,7.0,409.1,24.74375,6.55,0.0,225.45,947.0625
t4,256,128,0,0,unrolled_elementwise_kernel,134880.0,7360.0,2222.5,9056.0,3905.9,2048.0,2379.90625,76.4012046177012,11954.0,7250.0,4110.0,3905.9,5258.4,50944.0,70.4,844.8,460.8,0.0,51.2,0.0,0.0,0.0,0.0,32768.0,16896.0,9216.0,2816.0,0.0,0.0,0.0,6.207211319032405,0.0,55.0,0.0,0.0,1.0,2.0,1874.4625,7.4875,0.0,16.44375,160.8625,1177.6125
t4,256,128,0,0,unrolled_elementwise_kernel,129056.0,2496.0,2055.5,9536.0,4204.85,2048.0,2261.78125,74.5246831220814,11992.0,7252.0,4116.0,4204.85,5531.6,50944.0,70.4,844.8,460.8,0.0,51.2,0.0,0.0,0.0,0.0,32768.0,16896.0,9216.0,2816.0,0.0,0.0,0.0,5.900643575095812,0.0,80.0,0.0,0.0,0.0,3.0,1891.80625,6.96875,0.0,17.30625,163.34375,1177.63125
t4,256,128,0,0,unrolled_elementwise_kernel,133920.0,4064.0,2156.0,9056.0,3897.65,2048.0,2430.59375,74.18300653594771,11934.0,7246.0,4116.0,3897.65,5259.4,50944.0,70.4,844.8,460.8,0.0,51.2,0.0,0.0,0.0,0.0,32768.0,16896.0,9216.0,2816.0,0.0,0.0,0.0,6.206031106209834,0.0,3.0,1.0,0.0,1.0,11.0,1944.9125,7.45625,0.0,16.45,161.84375,1177.63125
t4,256,128,0,0,vectorized_elementwise_kernel,147840.0,4448.0,2379.5,4416.0,999.475,4096.0,1153.875,56.18567311650885,9716.0,4870.0,4142.0,999.475,2535.6,3200.0,16.0,25.6,83.2,0.0,0.0,0.0,0.0,0.0,32768.0,0.0,512.0,1664.0,640.0,0.0,0.0,0.0,0.8834200978072251,0.0,27.0,0.0,0.0,0.0,0.0,392.4125,0.0,0.0,0.0,22.4,63.2125
t4,256,128,0,0,vectorized_elementwise_kernel,149696.0,7456.0,2455.5,4448.0,1004.475,4096.0,1201.6875,56.050627701173084,9718.0,4872.0,4142.0,1004.475,2555.2,3200.0,16.0,25.6,83.2,0.0,0.0,0.0,0.0,0.0,32768.0,0.0,512.0,1664.0,640.0,0.0,0.0,0.0,0.8766437069505322,0.0,15.0,0.0,0.0,0.0,0.0,400.775,0.0,0.0,0.0,22.4,63.2
t4,256,128,0,0,volta_sgemm_32x32_sliced1x4_tn,400416.0,15968.0,6506.0,27008.0,12160.25,65536.0,8155.0625,86.59309373660687,65332.0,56156.0,8248.0,12160.25,15784.4,534016.0,2048.0,7321.6,13964.8,0.0,0.0,0.0,196608.0,8388608.0,262144.0,0.0,146432.0,279296.0,81920.0,0.0,0.0,0.0,21.23615721851955,0.0,70.0,11.0,0.0,13.0,38.0,2906.23125,711.09375,2956.51875,805.525,1407.55625,3729.375
t4,256,128,0,0,softmax_warp_forward,310304.0,10880.0,5018.5,15392.0,3230.175,8192.0,2586.46875,54.63966583831227,18913.0,9874.0,8271.0,3230.175,8975.6,87423.0,224.0,1022.6,1617.2,0.0,0.0,0.0,238075.0,594237.0,65536.0,0.0,20452.0,32344.0,8960.0,0.0,3.435981995632604,6168.0,6.176676211061098,0.0,38.0,0.0,0.0,0.0,16.0,1089.59375,62.0125,1.15625,109.5,640.45,1085.75
t4,256,128,0,0,vectorized_elementwise_kernel,295424.0,3808.0,4675.5,5152.0,1555.65,8192.0,1403.65625,29.42866801893171,11832.0,9014.0,2094.0,1555.65,2963.2,10240.0,32.0,320.0,89.6,0.0,0.0,0.0,0.0,0.0,0.0,0.0,6400.0,1792.0,1280.0,0.0,0.0,0.0,2.3218142548596115,0.0,40.0,0.0,0.0,0.0,0.0,1131.4875,3.825,0.0,4.95,45.825,137.1875
t4,256,128,0,0,reduce_kernel,133536.0,2208.0,2121.0,11264.0,2136.925,2048.0,1514.0,63.98551519806869,9113.0,8360.0,325.0,2136.925,6547.4,62208.0,70.4,1779.2,460.8,0.0,0.0,0.0,0.0,0.0,0.0,0.0,35584.0,9216.0,2816.0,0.0,0.0,0.0,6.378104285670648,0.0,0.0,1.0,0.0,2.0,0.0,897.425,264.5,6.1,320.05625,278.0875,919.51875
t4,256,128,0,0,vectorized_elementwise_kernel,5088.0,160.0,82.0,3488.0,21.1,0.0,148.125,83.62068965517241,928.0,592.0,47.0,21.1,2004.2,112.0,0.2,1.8,1.0,0.0,0.0,0.0,0.0,0.0,0.0,0.0,36.0,20.0,8.0,0.0,0.0,0.0,0.039916176030336294,0.0,0.0,0.0,0.0,0.0,0.0,0.0,0.0,0.0,0.0,0.8875,2.725
t4,256,128,0,0,elementwise_kernel,352672.0,6336.0,5609.5,7008.0,2598.375,10240.0,2281.59375,55.46257796257797,19240.0,10357.0,8238.0,2598.375,4051.8,89088.0,230.4,1587.2,1228.8,0.0,0.0,0.0,0.0,0.0,0.0,0.0,31744.0,24576.0,9216.0,0.0,0.0,0.0,15.377733353077645,0.0,41.0,0.0,0.0,1.0,1.0,5270.65,641.04375,19.95,798.7875,162.7,1394.56875
t4,256,128,0,0,vectorized_elementwise_kernel,296768.0,7584.0,4755.5,4992.0,1560.05,8192.0,1565.6875,39.985616684645805,13905.0,9016.0,4109.0,1560.05,2884.2,7680.0,32.0,76.8,102.4,0.0,0.0,0.0,0.0,0.0,0.0,0.0,1536.0,2048.0,1280.0,0.0,3.5503779210873034,2048.0,1.8306636155606408,0.0,40.0,0.0,0.0,0.0,0.0,1132.55,0.65625,7.7375,3.16875,56.4875,211.28125
t4,256,128,0,0,volta_sgemm_32x32_sliced1x4_nn,574752.0,15424.0,9221.5,24640.0,10111.1,65536.0,9463.21875,82.44022522645051,73526.0,68416.0,4182.0,10111.1,14396.2,451456.0,1740.8,4832.0,13542.4,0.0,0.0,0.0,98304.0,8388608.0,131072.0,0.0,96640.0,270848.0,69632.0,0.0,0.0,0.0,19.64962976340979,0.0,69.0,0.0,0.0,0.0,18.0,1808.65,2.4,419.875,0.0,528.83125,2447.40625
t4,256,128,0,0,vectorized_elementwise_kernel,151872.0,320.0,2378.0,4480.0,1026.925,4096.0,1053.1875,43.73428609236469,7557.0,4928.0,2061.0,1026.925,2582.2,3840.0,16.0,38.4,51.2,0.0,0.0,0.0,0.0,0.0,0.0,0.0,768.0,1024.0,640.0,0.0,1.9828053597707385,1024.0,1.0223840136317868,0.0,0.0,0.0,0.0,0.0,1.0,389.04375,0.0,0.0,0.0,26.4,103.2
t4,256,128,1,0,unrolled_elementwise_kernel,136416.0,6304.0,2230.0,8992.0,3886.6,2048.0,2364.25,76.44399799095932,11946.0,7240.0,4112.0,3886.6,5220.0,50944.0,70.4,844.8,460.8,0.0,51.2,0.0,0.0,0.0,0.0,32768.0,16896.0,9216.0,2816.0,0.0,0.0,0.0,6.25287356321839,0.0,0.0,0.0,0.0,1.0,13.0,1878.01875,7.30625,0.0,16.73125,161.05625,1177.61875
t4,256,128,1,0,unrolled_elementwise_kernel,129120.0,1504.0,2041.0,9472.0,4179.1,2048.0,2293.875,76.00265714522959,12043.0,7244.0,4175.0,4179.1,5494.6,50944.0,70.4,844.8,460.8,0.0,51.2,0.0,0.0,0.0,0.0,32768.0,16896.0,9216.0,2816.0,0.0,0.0,0.0,5.9403778255014,0.0,10.0,0.0,0.0,0.0,10.0,1887.41875,7.25,0.0,17.36875,161.81875,1177.63125
t4,256,128,1,0,unrolled_elementwise_kernel,135072.0,3040.0,2158.0,9024.0,3892.45,2048.0,2344.125,74.64635473340587,11947.0,7266.0,4109.0,3892.45,5235.0,50944.0,70.4,844.8,460.8,0.0,51.2,0.0,0.0,0.0,0.0,32768.0,16896.0,9216.0,2816.0,0.0,0.0,0.0,6.234957020057306,0.0,55.0,0.0,0.0,0.0,0.0,1871.1625,7.48125,0.0,16.65,159.7875,1177.63125
t4,256,128,1,0,vectorized_elementwise_kernel,147712.0,5792.0,2398.5,4416.0,999.125,4096.0,1175.78125,56.269333883274896,9698.0,4878.0,4116.0,999.125,2531.2,3200.0,16.0,25.6,83.2,0.0,0.0,0.0,0.0,0.0,32768.0,0.0,512.0,1664.0,640.0,0.0,0.0,0.0,0.8849557522123894,0.0,0.0,0.0,0.0,0.0,0.0,438.9375,0.0,0.0,0.0,22.4,63.2125
t4,256,128,1,0,vectorized_elementwise_kernel,149632.0,10720.0,2505.5,4448.0,990.675,4096.0,1228.0,56.36831275720164,9720.0,4874.0,4142.0,990.675,2554.8,3200.0,16.0,25.6,83.2,0.0,0.0,0.0,0.0,0.0,32768.0,0.0,512.0,1664.0,640.0,0.0,0.0,0.0,0.8767809613276967,0.0,18.0,0.0,0.0,0.0,2.0,396.9,0.0,0.0,0.0,22.4,63.2
t4,256,128,1,0,volta_sgemm_32x32_sliced1x4_tn,393952.0,15808.0,6402.5,27072.0,12175.95,65536.0,8124.15625,86.83276199804114,65344.0,56168.0,8248.0,12175.95,15798.8,534016.0,2048.0,7321.6,13964.8,0.0,0.0,0.0,196608.0,8388608.0,262144.0,0.0,146432.0,279296.0,81920.0,0.0,0.0,0.0,21.216801276046283,0.0,84.0,13.0,0.0,16.0,33.0,2925.1625,702.86875,2943.1625,813.175,1390.86875,3729.26875
t4,256,128,1,0,softmax_warp_forward,311072.0,12416.0,5054.5,15488.0,3235.125,8192.0,2548.96875,54.96001271119114,18881.0,9854.0,8259.0,3235.125,9036.6,87423.0,224.0,1022.6,1617.2,0.0,0.0,0.0,238075.0,594237.0,65536.0,0.0,20452.0,32344.0,8960.0,0.0,3.4127879954850275,6168.0,6.134981630259167,0.0,38.0,0.0,0.0,0.0,16.0,1070.68125,63.5375,1.66875,109.5125,640.36875,1086.0125
t4,256,128,1,0,vectorized_elementwise_kernel,294624.0,5728.0,4693.0,5152.0,1549.9,8192.0,1394.34375,30.670168601203084,11803.0,9018.0,2061.0,1549.9,2959.4,10240.0,32.0,320.0,89.6,0.0,0.0,0.0,0.0,0.0,0.0,0.0,6400.0,1792.0,1280.0,0.0,0.0,0.0,2.324795566668919,0.0,40.0,0.0,0.0,0.0,0.0,1164.65625,3.725,0.0,5.2375,45.7375,137.1125
t4,256,128,1,0,reduce_kernel,132992.0,2528.0,2117.5,11296.0,2145.4,2048.0,1526.625,63.39002267573696,8820.0,8356.0,36.0,2145.4,6573.4,62208.0,70.4,1779.2,460.8,0.0,0.0,0.0,0.0,0.0,0.0,0.0,35584.0,9216.0,2816.0,0.0,0.0,0.0,6.352876745671951,0.0,3.0,4.0,0.0,4.0,5.0,962.1125,263.4875,5.59375,312.75,277.4375,919.5375
t4,256,128,1,0,vectorized_elementwise_kernel,4960.0,160.0,80.0,3520.0,21.15,0.0,161.375,88.82743362831859,904.0,596.0,19.0,21.15,2019.6,112.0,0.2,1.8,1.0,0.0,0.0,0.0,0.0,0.0,0.0,0.0,36.0,20.0,8.0,0.0,0.0,0.0,0.039611804317686676,0.0,0.0,0.0,0.0,0.0,0.0,0.0,0.0,0.0,0.0,0.8875,2.725
t4,256,128,1,0,elementwise_kernel,353376.0,15744.0,5767.5,7008.0,2586.025,10240.0,2289.71875,55.38389513108615,19224.0,10365.0,8214.0,2586.025,4057.4,89088.0,230.4,1587.2,1228.8,0.0,0.0,0.0,0.0,0.0,0.0,0.0,31744.0,24576.0,9216.0,0.0,0.0,0.0,15.35512273869966,0.0,18.0,3.0,0.0,4.0,0.0,5218.5,636.45,19.8625,788.50625,162.475,1392.83125
t4,256,128,1,0,vectorized_elementwise_kernel,295488.0,16480.0,4874.5,5024.0,1545.9,8192.0,1587.0,40.169649917331604,13911.0,9020.0,4111.0,1545.9,2884.4,7680.0,32.0,76.8,102.4,0.0,0.0,0.0,0.0,0.0,0.0,0.0,1536.0,2048.0,1280.0,0.0,3.550131743170157,2048.0,1.830536680072112,0.0,26.0,0.0,0.0,0.0,0.0,1110.1625,0.625,8.63125,3.24375,56.84375,211.0875
t4,256,128,1,0,volta_sgemm_32x32_sliced1x4_nn,572192.0,11136.0,9114.5,24704.0,10072.4,65536.0,9479.375,82.19757572470647,73754.0,68418.0,4408.0,10072.4,14422.8,451456.0,1740.8,4832.0,13542.4,0.0,0.0,0.0,98304.0,8388608.0,131072.0,0.0,96640.0,270848.0,69632.0,0.0,0.0,0.0,19.613389910419617,0.0,60.0,0.0,0.0,0.0,16.0,1801.1,2.4,426.64375,0.0,559.6125,2447.39375
t4,256,128,1,0,vectorized_elementwise_kernel,152896.0,0.0,2389.0,4448.0,1025.9,4096.0,1024.09375,43.60971745444943,7574.0,4912.0,2094.0,1025.9,2571.2,3840.0,16.0,38.4,51.2,0.0,0.0,0.0,0.0,0.0,0.0,0.0,768.0,1024.0,640.0,0.0,1.9912881144990668,1024.0,1.0267579340385813,0.0,0.0,0.0,0.0,0.0,7.0,374.975,0.0,0.0,0.0,26.4,103.2
t4,256,128,2,0,unrolled_elementwise_kernel,135200.0,4096.0,2176.5,9024.0,3894.2,2048.0,2401.5625,74.31215607803901,11994.0,7264.0,4136.0,3894.2,5239.2,50944.0,70.4,844.8,460.8,0.0,51.2,0.0,0.0,0.0,0.0,32768.0,16896.0,9216.0,2816.0,0.0,0.0,0.0,6.229958772331654,0.0,4.0,0.0,0.0,1.0,14.0,1878.44375,7.36875,0.0,16.6875,161.13125,1177.63125
t4,256,128,2,0,unrolled_elementwise_kernel,130336.0,3232.0,2087.0,9536.0,4188.0,2048.0,2270.78125,74.57245349128222,11987.0,7248.0,4115.0,4188.0,5526.8,50944.0,70.4,844.8,460.8,0.0,51.2,0.0,0.0,0.0,0.0,32768.0,16896.0,9216.0,2816.0,0.0,0.0,0.0,5.90576825649562,0.0,59.0,0.0,0.0,0.0,0.0,1912.925,7.20625,0.0,16.90625,161.1625,1177.6125
t4,256,128,2,0,unrolled_elementwise_kernel,133920.0,2080.0,2125.0,9024.0,3899.3,2048.0,2284.15625,74.29406850459482,11970.0,7256.0,4142.0,3899.3,5217.6,50944.0,70.4,844.8,460.8,0.0,51.2,0.0,0.0,0.0,0.0,32768.0,16896.0,9216.0,2816.0,0.0,0.0,0.0,6.255749770009198,0.0,77.0,0.0,0.0,0.0,0.0,1877.0,7.5,0.0,16.05,160.7,1177.6375
t4,256,128,2,0,vectorized_elementwise_kernel,147776.0,4672.0,2382.0,4416.0,992.125,4096.0,1190.84375,56.337448559670776,9720.0,4874.0,4142.0,992.125,2533.4,3200.0,16.0,25.6,83.2,0.0,0.0,0.0,0.0,0.0,32768.0,0.0,512.0,1664.0,640.0,0.0,0.0,0.0,0.8841872582300465,0.0,29.0,0.0,0.0,0.0,0.0,440.375,0.0,0.0,0.0,22.4,63.2125
t4,256,128,2,0,vectorized_elementwise_kernel,149952.0,6976.0,2452.0,4448.0,989.275,4096.0,1198.40625,56.109853939518615,9722.0,4876.0,4142.0,989.275,2553.4,3200.0,16.0,25.6,83.2,0.0,0.0,0.0,0.0,0.0,32768.0,0.0,512.0,1664.0,640.0,0.0,0.0,0.0,0.8772616902952924,0.0,7.0,0.0,0.0,0.0,2.0,392.26875,0.0,0.0,0.0,22.4,63.2
t4,256,128,2,0,volta_sgemm_32x32_sliced1x4_tn,396544.0,17664.0,6472.0,26912.0,12180.45,65536.0,8205.875,86.3230094538612,65899.0,56174.0,8413.0,12180.45,15707.6,534016.0,2048.0,7321.6,13964.8,0.0,0.0,0.0,196608.0,8388608.0,262144.0,0.0,146432.0,279296.0,81920.0,0.0,0.0,0.0,21.339988285925283,0.0,68.0,9.0,0.0,20.0,32.0,2949.03125,693.01875,2928.45,807.6125,1397.03125,3729.86875
t4,256,128,2,0,softmax_warp_forward,310368.0,11872.0,5035.0,15488.0,3211.225,8192.0,2516.3125,54.91182545146428,18883.0,9870.0,8245.0,3211.225,9015.0,87423.0,224.0,1022.6,1617.2,0.0,0.0,0.0,238075.0,594237.0,65536.0,0.0,20452.0,32344.0,8960.0,0.0,3.420965058236273,6168.0,6.149681087077093,0.0,35.0,0.0,0.0,1.0,13.0,1090.28125,63.40625,1.69375,107.21875,640.14375,1085.93125
t4,256,128,2,0,vectorized_elementwise_kernel,295488.0,7008.0,4726.5,5248.0,1636.2,8192.0,1516.875,29.47600101583002,11813.0,9028.0,2061.0,1636.2,3018.4,10240.0,32.0,320.0,89.6,0.0,0.0,0.0,0.0,0.0,0.0,0.0,6400.0,1792.0,1280.0,0.0,0.0,0.0,2.2793532997614627,0.0,39.0,0.0,0.0,0.0,0.0,1142.11875,4.61875,0.0,5.175,45.8,137.2375
t4,256,128,2,0,reduce_kernel,133536.0,1344.0,2107.5,11264.0,2144.75,2048.0,1499.9375,62.92440018107741,8836.0,8346.0,62.0,2144.75,6561.6,62208.0,70.4,1779.2,460.8,0.0,0.0,0.0,0.0,0.0,0.0,0.0,35584.0,9216.0,2816.0,0.0,0.0,0.0,6.3643013899049015,0.0,0.0,6.0,0.0,5.0,0.0,894.675,266.5375,6.99375,311.29375,278.15,919.25625
t4,256,128,2,0,vectorized_elementwise_kernel,4960.0,320.0,82.5,3520.0,21.05,0.0,150.125,89.94413407821229,895.0,592.0,14.0,21.05,2017.4,112.0,0.2,1.8,1.0,0.0,0.0,0.0,0.0,0.0,0.0,0.0,36.0,20.0,8.0,0.0,0.0,0.0,0.03965500148706256,0.0,0.0,0.0,0.0,0.0,0.0,0.0,0.0,0.0,0.0,0.8875,2.725
t4,256,128,2,0,elementwise_kernel,349216.0,18848.0,5751.0,7040.0,2617.525,10240.0,2322.96875,55.48675789583225,19219.0,10369.0,8205.0,2617.525,4065.4,89088.0,230.4,1587.2,1228.8,0.0,0.0,0.0,0.0,0.0,0.0,0.0,31744.0,24576.0,9216.0,0.0,0.0,0.0,15.325521473901707,0.0,72.0,0.0,0.0,0.0,0.0,5225.575,635.83125,19.725,812.275,162.56875,1395.475
t4,256,128,2,0,vectorized_elementwise_kernel,296704.0,20384.0,4954.5,5056.0,1547.925,8192.0,1589.8125,40.123589854135226,13917.0,9028.0,4109.0,1547.925,2903.2,7680.0,32.0,76.8,102.4,0.0,0.0,0.0,0.0,0.0,0.0,0.0,1536.0,2048.0,1280.0,0.0,3.527142463488565,2048.0,1.818682832736291,0.0,40.0,0.0,0.0,0.0,2.0,1097.23125,0.65,8.90625,3.3375,56.675,211.15
t4,256,128,2,0,volta_sgemm_32x32_sliced1x4_nn,570592.0,22336.0,9264.5,24864.0,10098.725,65536.0,10189.15625,82.5337433329705,73496.0,68416.0,4152.0,10098.725,14514.6,451456.0,1740.8,4832.0,13542.4,0.0,0.0,0.0,98304.0,8388608.0,131072.0,0.0,96640.0,270848.0,69632.0,0.0,0.0,0.0,19.4893417662216,0.0,81.0,0.0,0.0,0.0,42.0,1797.8625,2.4,438.73125,0.0,613.20625,2447.38125
t4,256,128,2,0,vectorized_elementwise_kernel,152320.0,320.0,2385.0,4480.0,1031.175,4096.0,1050.53125,43.349106203995795,7608.0,4962.0,2078.0,1031.175,2585.0,3840.0,16.0,38.4,51.2,0.0,0.0,0.0,0.0,0.0,0.0,0.0,768.0,1024.0,640.0,0.0,1.9806576402321086,1024.0,1.0212765957446808,0.0,0.0,0.0,0.0,0.0,5.0,378.55,0.0,0.0,0.0,26.4,103.2
t4,256,128,0,0,fmha_cutlassF_f16_aligned_32x128_rf_sm75,287200.0,8800.0,4625.0,43520.0,4839.375,35988.0,5189.90625,88.58243018149567,46227.0,43316.0,2367.0,4839.375,25417.2,129957.0,368.425,2304.45,1336.0,51.2,3298.775,3298.775,153984.0,8192.0,197936.0,0.0,46089.0,26720.0,14737.0,16384.0,1.0418142045543963,5296.0,3.215489904474136,0.0,43.0,2.0,0.0,0.0,8.0,1043.30625,53.71875,19.95,0.0,406.23125,1288.23125
t4,256,128,1,0,fmha_cutlassF_f16_aligned_32x128_rf_sm75,288416.0,8064.0,4632.5,43392.0,4826.675,36208.0,5334.46875,87.55854864123982,46329.0,43306.0,2479.0,4826.675,25357.0,129957.0,368.425,2304.45,1336.0,51.2,3298.75,3298.75,153984.0,8192.0,197936.0,0.0,46089.0,26720.0,14737.0,16384.0,1.0442875734511181,5296.0,3.223123792246717,0.0,40.0,0.0,0.0,0.0,17.0,1076.23125,53.7,19.95,0.0,406.775,1288.2375
t4,256,128,2,0,fmha_cutlassF_f16_aligned_32x128_rf_sm75,288704.0,4416.0,4580.0,43424.0,4827.55,36044.0,5072.4375,88.30248979679976,46309.0,43368.0,2397.0,4827.55,25356.8,129957.0,368.425,2304.45,1336.0,51.2,3298.85,3298.85,153984.0,8192.0,197936.0,0.0,46089.0,26720.0,14737.0,16384.0,1.0442958101968702,5296.0,3.2231492144119134,0.0,42.0,0.0,0.0,0.0,9.0,1064.775,53.725,19.95,0.0,410.4,1288.21875
t4,512,64,0,0,unrolled_elementwise_kernel,134816.0,3424.0,2160.0,8992.0,3896.3,2048.0,2336.9375,73.74394925721917,11982.0,7268.0,4120.0,3896.3,5225.8,50944.0,70.4,844.8,460.8,0.0,51.2,0.0,0.0,0.0,0.0,32768.0,16896.0,9216.0,2816.0,0.0,0.0,0.0,6.245933636955106,0.0,1.0,0.0,0.0,0.0,4.0,1954.7875,7.5375,0.0,16.775,158.93125,1177.63125
t4,512,64,0,0,unrolled_elementwise_kernel,129184.0,4448.0,2088.0,9600.0,4222.9,2048.0,2344.6875,74.36859214803701,11997.0,7262.0,4111.0,4222.9,5571.8,50944.0,70.4,844.8,460.8,0.0,51.2,0.0,0.0,0.0,0.0,32768.0,16896.0,9216.0,2816.0,0.0,0.0,0.0,5.858071000394845,0.0,80.0,0.0,0.0,0.0,1.0,1876.28125,7.55625,0.0,17.44375,158.1625,1177.6125
t4,512,64,0,0,unrolled_elementwise_kernel,132704.0,2112.0,2106.5,9056.0,3901.45,2048.0,2432.59375,73.91923592493298,11936.0,7246.0,4118.0,3901.45,5241.0,50944.0,70.4,844.8,460.8,0.0,51.2,0.0,0.0,0.0,0.0,32768.0,16896.0,9216.0,2816.0,0.0,0.0,0.0,6.227819118488838,0.0,2.0,0.0,0.0,0.0,15.0,1911.1,7.5875,0.0,18.225,161.9875,1177.6875
t4,512,64,0,0,vectorized_elementwise_kernel,147520.0,2624.0,2346.0,4544.0,1007.3,4096.0,1176.34375,56.251289457396325,9694.0,4874.0,4116.0,1007.3,2592.6,3200.0,16.0,25.6,83.2,0.0,0.0,0.0,0.0,0.0,32768.0,0.0,512.0,1664.0,640.0,0.0,0.0,0.0,0.8639975314356245,0.0,4.0,0.0,0.0,0.0,0.0,406.71875,0.0,0.0,0.0,22.4,63.2125
t4,512,64,0,0,vectorized_elementwise_kernel,148544.0,4576.0,2392.5,4448.0,1015.75,4096.0,1144.0625,56.15717821782178,9696.0,4876.0,4116.0,1015.75,2553.0,3200.0,16.0,25.6,83.2,0.0,0.0,0.0,0.0,0.0,32768.0,0.0,512.0,1664.0,640.0,0.0,0.0,0.0,0.8773991382687035,0.0,5.0,0.0,0.0,0.0,2.0,399.46875,0.0,0.0,0.0,22.4,63.2
t4,512,64,0,0,volta_sgemm_128x64_tn,408768.0,292576.0,10958.5,30816.0,13090.4,47420.0,12979.25,94.20489982854052,86901.0,52918.0,33055.0,13090.4,17980.4,731648.0,2083.2,5075.2,26688.0,0.0,0.0,0.0,0.0,16777216.0,262144.0,0.0,101504.0,533760.0,83328.0,0.0,0.0,0.0,25.472180819114143,0.0,21.0,0.0,0.0,0.0,8.0,557.05625,1.6,1038.83125,0.0,378.11875,4673.13125
t4,512,64,0,0,softmax_warp_forward,1242880.0,246528.0,23272.0,27488.0,7241.6,32768.0,8222.40625,51.8031979607207,69044.0,35292.0,32824.0,7241.6,16053.0,325818.0,755.2,3936.8,5824.4,0.0,0.0,0.0,868793.0,2364147.0,262144.0,0.0,78736.0,116488.0,30208.0,0.0,7.659627483959384,24592.0,12.804538092568366,2.0,95.0,5.0,0.0,12.0,26.0,5494.7875,460.36875,57.0375,943.41875,2011.01875,3933.5375
t4,512,64,0,0,vectorized_elementwise_kernel,1195392.0,50368.0,19465.0,8416.0,3376.225,32768.0,4181.1875,23.298050918586217,42892.0,33592.0,8386.0,3376.225,4864.8,40960.0,128.0,1280.0,358.4,0.0,0.0,0.0,0.0,0.0,0.0,0.0,25600.0,7168.0,5120.0,0.0,0.0,0.0,5.646943348133529,0.0,109.0,0.0,0.0,0.0,0.0,10065.4125,62.63125,31.375,94.78125,265.83125,591.675
t4,512,64,0,0,reduce_kernel,419520.0,3552.0,6610.5,12256.0,4710.875,8192.0,3086.4375,37.83571848657126,15303.0,14480.0,139.0,4710.875,7143.8,146944.0,166.4,4531.2,972.8,0.0,0.0,0.0,0.0,0.0,0.0,0.0,90624.0,19456.0,6656.0,0.0,0.0,0.0,13.662196590050113,0.0,48.0,6.0,0.0,9.0,10.0,3716.5125,619.54375,11.95625,711.2375,553.25625,2035.36875
t4,512,64,0,0,vectorized_elementwise_kernel,4960.0,0.0,77.5,3488.0,20.775,0.0,157.1875,89.44444444444444,900.0,592.0,19.0,20.775,1989.8,112.0,0.2,1.8,1.0,0.0,0.0,0.0,0.0,0.0,0.0,0.0,36.0,20.0,8.0,0.0,0.0,0.0,0.040205045733239526,0.0,0.0,0.0,0.0,0.0,1.0,0.0,0.0,0.0,0.0,0.8875,2.725
t4,512,64,0,0,elementwise_kernel,1299808.0,236384.0,24003.0,14048.0,6596.35,40960.0,7833.53125,51.93878142013205,69064.0,35332.0,32816.0,6596.35,8188.0,356352.0,921.6,6348.8,4915.2,0.0,0.0,0.0,0.0,0.0,0.0,0.0,126976.0,98304.0,36864.0,0.0,0.0,0.0,28.19652234978016,1.0,99.0,5.0,0.0,16.0,1.0,18425.9875,1597.46875,44.9875,2264.08125,600.05625,5292.525
t4,512,64,0,0,vectorized_elementwise_kernel,1189536.0,85280.0,19919.0,8704.0,3526.65,32768.0,4587.5625,35.33507227048972,50989.0,33598.0,16463.0,3526.65,5028.4,30720.0,128.0,307.2,409.6,0.0,0.0,0.0,0.0,0.0,0.0,0.0,6144.0,8192.0,5120.0,0.0,8.14573224087185,8192.0,4.191939782038024,0.0,80.0,0.0,0.0,0.0,6.0,10223.6875,78.18125,70.75625,98.8125,298.425,899.6375
t4,512,64,0,0,volta_sgemm_32x32_sliced1x4_nn,1750432.0,82400.0,28638.0,39136.0,16627.45,131072.0,21697.21875,73.14974923406973,139373.0,134030.0,4415.0,16627.45,22878.6,816000.0,3174.4,6982.4,26649.6,0.0,0.0,0.0,98304.0,16777216.0,131072.0,0.0,139648.0,532992.0,126976.0,0.0,0.0,0.0,22.32304424221762,0.0,248.0,0.0,0.0,0.0,32.0,3736.41875,2.4,660.6125,0.0,732.41875,3490.825
t4,512,64,0,0,vectorized_elementwise_kernel,149120.0,160.0,2332.5,4544.0,1039.175,4096.0,1018.25,46.04240748057421,7593.0,4916.0,2061.0,1039.175,2610.6,3840.0,16.0,38.4,51.2,0.0,0.0,0.0,0.0,0.0,0.0,0.0,768.0,1024.0,640.0,0.0,1.961234965142113,1024.0,1.011261778901402,0.0,0.0,0.0,0.0,0.0,0.0,379.275,0.0,0.0,0.0,26.4,103.2125
t4,512,64,1,0,unrolled_elementwise_kernel,134176.0,4928.0,2173.5,9088.0,3913.85,2048.0,2515.78125,74.32726057161959,11966.0,7262.0,4110.0,3913.85,5275.4,50944.0,70.4,844.8,460.8,0.0,51.2,0.0,0.0,0.0,0.0,32768.0,16896.0,9216.0,2816.0,0.0,0.0,0.0,6.187208552905941,0.0,14.0,0.0,0.0,1.0,9.0,1873.49375,7.4875,0.0,16.30625,160.50625,1177.61875
t4,512,64,1,0,unrolled_elementwise_kernel,129440.0,3648.0,2079.5,9472.0,4167.5,2048.0,2337.9375,74.3395282940245,11999.0,7266.0,4109.0,4167.5,5502.4,50944.0,70.4,844.8,460.8,0.0,51.2,0.0,0.0,0.0,0.0,32768.0,16896.0,9216.0,2816.0,0.0,0.0,0.0,5.931956964233788,0.0,80.0,0.0,0.0,0.0,4.0,1886.75,7.40625,0.0,16.95,156.9375,1177.63125
t4,512,64,1,0,unrolled_elementwise_kernel,133184.0,960.0,2096.0,9088.0,3901.4,2048.0,2526.78125,73.71618809821057,12015.0,7268.0,4175.0,3901.4,5273.8,50944.0,70.4,844.8,460.8,0.0,51.2,0.0,0.0,0.0,0.0,32768.0,16896.0,9216.0,2816.0,0.0,0.0,0.0,6.1890856687777305,0.0,7.0,0.0,0.0,2.0,10.0,1916.34375,7.4625,0.0,16.99375,160.96875,1177.63125
t4,512,64,1,0,vectorized_elementwise_kernel,147776.0,960.0,2324.0,4416.0,1003.175,4096.0,1169.59375,56.57555440948943,9695.0,4882.0,4109.0,1003.175,2548.8,3200.0,16.0,25.6,83.2,0.0,0.0,0.0,0.0,0.0,32768.0,0.0,512.0,1664.0,640.0,0.0,0.0,0.0,0.8788449466415567,0.0,25.0,0.0,0.0,0.0,0.0,393.8,0.0,0.0,0.0,22.4,63.2125
t4,512,64,1,0,vectorized_elementwise_kernel,149184.0,3776.0,2390.0,4416.0,1004.4,4096.0,1165.75,56.277726194160735,9693.0,4880.0,4109.0,1004.4,2545.2,3200.0,16.0,25.6,83.2,0.0,0.0,0.0,0.0,0.0,32768.0,0.0,512.0,1664.0,640.0,0.0,0.0,0.0,0.88008800880088,0.0,19.0,0.0,0.0,0.0,2.0,396.23125,0.0,0.0,0.0,22.4,63.2
t4,512,64,1,0,volta_sgemm_128x64_tn,407008.0,296416.0,10991.0,30848.0,13093.875,47354.0,12714.15625,94.44470077977206,86692.0,52940.0,32824.0,13093.875,18019.2,731648.0,2083.2,5075.2,26688.0,0.0,0.0,0.0,0.0,16777216.0,262144.0,0.0,101504.0,533760.0,83328.0,0.0,0.0,0.0,25.41733262297993,0.0,18.0,0.0,0.0,0.0,22.0,560.1,1.6,1027.39375,0.0,376.4,4673.1
t4,512,64,1,0,softmax_warp_forward,1242240.0,259136.0,23459.0,27296.0,7235.275,32768.0,8206.09375,51.62612183649323,69306.0,35298.0,33080.0,7235.275,15937.4,325818.0,755.2,3936.8,5824.4,0.0,0.0,0.0,868793.0,2364147.0,262144.0,0.0,78736.0,116488.0,30208.0,0.0,7.715185663910047,24592.0,12.89745347421788,5.0,80.0,5.0,0.0,15.0,23.0,5478.025,438.03125,57.225,943.3375,2002.65,3933.4125
t4,512,64,1,0,vectorized_elementwise_kernel,1196544.0,60768.0,19645.5,8800.0,3582.025,32768.0,4439.875,22.985172365405305,42758.0,33606.0,8238.0,3582.025,5088.4,40960.0,128.0,1280.0,358.4,0.0,0.0,0.0,0.0,0.0,0.0,0.0,25600.0,7168.0,5120.0,0.0,0.0,0.0,5.398553572832325,0.0,96.0,0.0,0.0,0.0,0.0,10436.66875,61.23125,28.3,98.8125,266.0125,590.7875
t4,512,64,1,0,reduce_kernel,419648.0,2144.0,6590.5,12288.0,4721.5,8192.0,3047.40625,38.166241580014386,15291.0,14496.0,111.0,4721.5,7153.6,146944.0,166.4,4531.2,972.8,0.0,0.0,0.0,0.0,0.0,0.0,0.0,90624.0,19456.0,6656.0,0.0,0.0,0.0,13.64348020577052,0.0,30.0,10.0,0.0,13.0,11.0,3769.58125,615.54375,11.83125,694.95625,555.2625,2033.73125
t4,512,64,1,0,vectorized_elementwise_kernel,4960.0,0.0,77.5,3488.0,20.775,0.0,153.21875,89.0,900.0,590.0,21.0,20.775,1993.0,112.0,0.2,1.8,1.0,0.0,0.0,0.0,0.0,0.0,0.0,0.0,36.0,20.0,8.0,0.0,0.0,0.0,0.04014049172102358,0.0,0.0,0.0,0.0,0.0,0.0,0.0,0.0,0.0,0.0,0.8875,2.725
t4,512,64,1,0,elementwise_kernel,1301408.0,263488.0,24451.5,14080.0,6586.45,40960.0,7961.21875,52.000231742997016,69042.0,35328.0,32814.0,6586.45,8195.2,356352.0,921.6,6348.8,4915.2,0.0,0.0,0.0,0.0,0.0,0.0,0.0,126976.0,98304.0,36864.0,0.0,0.0,0.0,28.172207511714177,0.0,85.0,13.0,0.0,12.0,2.0,18497.4375,1615.5375,44.325,2373.28125,601.26875,5300.05625
t4,512,64,1,0,vectorized_elementwise_kernel,1192192.0,88064.0,20004.0,8448.0,3470.625,32768.0,4482.40625,35.3644177557989,50958.0,33600.0,16430.0,3470.625,4891.4,30720.0,128.0,307.2,409.6,0.0,0.0,0.0,0.0,0.0,0.0,0.0,6144.0,8192.0,5120.0,0.0,8.373880688555426,8192.0,4.307049106595249,0.0,99.0,0.0,0.0,1.0,1.0,10057.88125,78.05625,64.1875,100.55,295.30625,899.5125
t4,512,64,1,0,volta_sgemm_32x32_sliced1x4_nn,1753536.0,108384.0,29092.5,40000.0,16788.7,131072.0,21451.875,73.15202181478956,139355.0,134016.0,4411.0,16788.7,23393.2,816000.0,3174.4,6982.4,26649.6,0.0,0.0,0.0,98304.0,16777216.0,131072.0,0.0,139648.0,532992.0,126976.0,0.0,0.0,0.0,21.831985363267954,0.0,224.0,0.0,0.0,0.0,40.0,3736.725,2.4,612.0125,0.0,699.6625,3490.9625
t4,512,64,1,0,vectorized_elementwise_kernel,149568.0,160.0,2339.5,4512.0,1033.75,4096.0,1003.96875,44.38298432767022,7593.0,4914.0,2063.0,1033.75,2588.2,3840.0,16.0,38.4,51.2,0.0,0.0,0.0,0.0,0.0,0.0,0.0,768.0,1024.0,640.0,0.0,1.978208793756279,1024.0,1.020013909280581,0.0,28.0,0.0,0.0,0.0,0.0,374.5625,0.0,0.0,0.0,26.4,103.2125
t4,512,64,2,0,unrolled_elementwise_kernel,135168.0,7104.0,2223.0,9088.0,3890.7,2048.0,2391.875,74.04847172482718,12007.0,7246.0,4167.0,3890.7,5246.0,50944.0,70.4,844.8,460.8,0.0,51.2,0.0,0.0,0.0,0.0,32768.0,16896.0,9216.0,2816.0,0.0,0.0,0.0,6.2218833396873805,0.0,0.0,0.0,0.0,0.0,17.0,1884.53125,7.55625,0.0,16.20625,162.6,1177.61875
t4,512,64,2,0,unrolled_elementwise_kernel,130080.0,4928.0,2109.5,9312.0,4053.15,2048.0,2365.09375,74.13448735019973,12016.0,7250.0,4142.0,4053.15,5383.4,50944.0,70.4,844.8,460.8,0.0,51.2,0.0,0.0,0.0,0.0,32768.0,16896.0,9216.0,2816.0,0.0,0.0,0.0,6.063082810119998,0.0,65.0,0.0,0.0,0.0,0.0,1879.8,7.0,0.0,17.15625,162.6875,1177.61875
t4,512,64,2,0,unrolled_elementwise_kernel,133600.0,1152.0,2105.5,8992.0,3894.4,2048.0,2460.28125,74.20108468919483,11985.0,7304.0,4109.0,3894.4,5226.0,50944.0,70.4,844.8,460.8,0.0,51.2,0.0,0.0,0.0,0.0,32768.0,16896.0,9216.0,2816.0,0.0,0.0,0.0,6.245694603903559,0.0,42.0,0.0,0.0,0.0,0.0,1981.54375,7.675,0.0,16.575,159.49375,1177.64375
t4,512,64,2,0,vectorized_elementwise_kernel,148288.0,2976.0,2363.5,4480.0,1008.8,4096.0,1149.90625,56.31947303417044,9716.0,4870.0,4142.0,1008.8,2577.4,3200.0,16.0,25.6,83.2,0.0,0.0,0.0,0.0,0.0,32768.0,0.0,512.0,1664.0,640.0,0.0,0.0,0.0,0.8690928843020097,0.0,0.0,0.0,0.0,0.0,3.0,395.4875,0.0,0.0,0.0,22.4,63.2125
t4,512,64,2,0,vectorized_elementwise_kernel,148608.0,6112.0,2417.5,4480.0,1014.35,4096.0,1199.21875,56.153925513256986,9693.0,4878.0,4111.0,1014.35,2566.4,3200.0,16.0,25.6,83.2,0.0,0.0,0.0,0.0,0.0,32768.0,0.0,512.0,1664.0,640.0,0.0,0.0,0.0,0.8728179551122194,0.0,9.0,0.0,0.0,0.0,0.0,401.9375,0.0,0.0,0.0,22.4,63.2
t4,512,64,2,0,volta_sgemm_128x64_tn,407328.0,275456.0,10668.5,30848.0,13095.4,47198.0,12831.375,94.758334294613,86690.0,52938.0,32824.0,13095.4,18008.6,731648.0,2083.2,5075.2,26688.0,0.0,0.0,0.0,0.0,16777216.0,262144.0,0.0,101504.0,533760.0,83328.0,0.0,0.0,0.0,25.43229345979143,0.0,19.0,0.0,0.0,0.0,14.0,558.81875,1.6,1026.09375,0.0,376.68125,4672.975
t4,512,64,2,0,softmax_warp_forward,1244544.0,250048.0,23353.0,27360.0,7199.5,32768.0,8244.53125,51.83510830978773,69015.0,35296.0,32791.0,7199.5,15981.0,325818.0,755.2,3936.8,5824.4,0.0,0.0,0.0,868793.0,2364147.0,262144.0,0.0,78736.0,116488.0,30208.0,0.0,7.694136787435078,24592.0,12.862148801702023,14.0,71.0,4.0,0.0,16.0,34.0,5475.05,451.93125,60.3125,946.55,2003.49375,3933.8875
t4,512,64,2,0,vectorized_elementwise_kernel,1194048.0,58080.0,19564.5,8448.0,3384.375,32768.0,4181.34375,22.9753418254061,42785.0,33600.0,8271.0,3384.375,4879.8,40960.0,128.0,1280.0,358.4,0.0,0.0,0.0,0.0,0.0,0.0,0.0,25600.0,7168.0,5120.0,0.0,0.0,0.0,5.628816754785032,0.0,78.0,0.0,0.0,0.0,22.0,10095.19375,58.375,26.9125,97.93125,266.075,590.8
t4,512,64,2,0,reduce_kernel,421888.0,3744.0,6650.5,12192.0,4688.9,8192.0,3023.40625,38.41567291311755,15262.0,14500.0,78.0,4688.9,7117.8,146944.0,166.4,4531.2,972.8,0.0,0.0,0.0,0.0,0.0,0.0,0.0,90624.0,19456.0,6656.0,0.0,0.0,0.0,13.71210205400545,0.0,54.0,5.0,0.0,4.0,12.0,3759.93125,623.4,12.44375,740.125,554.7625,2036.6125
t4,512,64,2,0,vectorized_elementwise_kernel,5088.0,0.0,79.5,3488.0,20.775,0.0,153.15625,83.58695652173913,920.0,586.0,45.0,20.775,1989.6,112.0,0.2,1.8,1.0,0.0,0.0,0.0,0.0,0.0,0.0,0.0,36.0,20.0,8.0,0.0,0.0,0.0,0.04020908725371934,0.0,0.0,0.0,0.0,0.0,0.0,0.0,0.0,0.0,0.0,0.8875,2.725
t4,512,64,2,0,elementwise_kernel,1308128.0,247232.0,24302.5,14016.0,6660.825,40960.0,7932.34375,51.95230437113343,69021.0,35303.0,32814.0,6660.825,8174.0,356352.0,921.6,6348.8,4915.2,0.0,0.0,0.0,0.0,0.0,0.0,0.0,126976.0,98304.0,36864.0,0.0,0.0,0.0,28.245427575238562,0.0,80.0,6.0,0.0,12.0,6.0,19228.7375,1600.66875,45.0875,2238.11875,602.475,5290.83125
t4,512,64,2,0,vectorized_elementwise_kernel,1189440.0,80768.0,19847.0,8544.0,3431.125,32768.0,4429.0,35.37205331030287,50947.0,33620.0,16399.0,3431.125,4945.0,30720.0,128.0,307.2,409.6,0.0,0.0,0.0,0.0,0.0,0.0,0.0,6144.0,8192.0,5120.0,0.0,8.283114256825076,8192.0,4.260869565217392,0.0,82.0,0.0,0.0,0.0,11.0,10396.18125,78.68125,72.9875,99.6375,299.3,899.975
t4,512,64,2,0,volta_sgemm_32x32_sliced1x4_nn,1751712.0,81248.0,28640.0,38560.0,16561.8,131072.0,21071.8125,72.92230202406492,139373.0,134030.0,4415.0,16561.8,22531.4,816000.0,3174.4,6982.4,26649.6,0.0,0.0,0.0,98304.0,16777216.0,131072.0,0.0,139648.0,532992.0,126976.0,0.0,0.0,0.0,22.66703356205118,0.0,144.0,0.0,0.0,0.0,42.0,3766.50625,2.4,670.675,0.0,739.24375,3490.7875
t4,512,64,2,0,vectorized_elementwise_kernel,149248.0,0.0,2332.0,4512.0,1051.2,4096.0,992.59375,43.88611912883758,7622.0,4912.0,2094.0,1051.2,2594.0,3840.0,16.0,38.4,51.2,0.0,0.0,0.0,0.0,0.0,0.0,0.0,768.0,1024.0,640.0,0.0,1.9737856592135699,1024.0,1.0177332305319968,0.0,2.0,0.0,0.0,0.0,0.0,380.1875,0.0,0.0,0.0,26.4,103.2125
t4,512,64,0,0,fmha_cutlassF_f16_aligned_64x64_rf_sm75,272192.0,9728.0,4405.0,93600.0,10699.075,49152.0,5306.71875,87.9649377239379,46888.0,43138.0,2822.0,10699.075,54714.0,357857.0,826.175,6258.75,4525.0,409.6,6615.6,6615.6,607594.0,16384.0,789738.0,0.0,125175.0,90500.0,33047.0,32768.0,1.6306612567167453,17844.0,4.096986146141755,0.0,74.0,4.0,0.0,0.0,25.0,1605.04375,97.06875,25.325,0.0,852.61875,3638.05625
t4,512,64,1,0,fmha_cutlassF_f16_aligned_64x64_rf_sm75,271680.0,7328.0,4359.5,93536.0,10690.1,49152.0,5192.9375,88.8267074194451,46459.0,42864.0,2763.0,10690.1,54668.8,357857.0,826.175,6258.75,4525.0,409.6,6615.525,6615.525,607594.0,16384.0,789738.0,0.0,125175.0,90500.0,33047.0,32768.0,1.6320094825567781,17844.0,4.100373522008897,0.0,71.0,8.0,0.0,0.0,28.0,1604.78125,97.0375,25.3875,0.0,854.125,3638.05625
t4,512,64,2,0,fmha_cutlassF_f16_aligned_64x64_rf_sm75,271552.0,7072.0,4353.5,93440.0,10680.675,49152.0,5235.25,88.22050830343524,46547.0,42798.0,2821.0,10680.675,54624.0,357857.0,826.175,6258.75,4525.0,409.6,6615.475,6615.475,607594.0,16384.0,789738.0,0.0,125175.0,90500.0,33047.0,32768.0,1.633347978910369,17844.0,4.1037364528412414,0.0,62.0,6.0,0.0,0.0,45.0,1606.225,97.0375,25.325,0.0,853.98125,3638.05
t4,512,128,0,0,unrolled_elementwise_kernel,227488.0,896.0,3568.5,9216.0,3927.125,4096.0,2922.75,72.11133592169301,18287.0,9314.0,8205.0,3927.125,5345.2,101888.0,140.8,1689.6,921.6,0.0,102.65,0.25,0.0,0.0,0.0,65536.0,33792.0,18432.0,5632.0,0.0,0.0,0.0,12.212826461124,0.0,3.0,0.0,0.0,4.0,12.0,3915.45,74.9375,6.04375,159.3,313.10625,2356.51875
t4,512,128,0,0,unrolled_elementwise_kernel,219360.0,14112.0,3648.0,9760.0,4217.55,4096.0,3030.03125,71.82001416353435,18357.0,9298.0,8271.0,4217.55,5664.8,101888.0,140.8,1689.6,921.6,0.0,102.55,0.15,0.0,0.0,0.0,65536.0,33792.0,18432.0,5632.0,0.0,0.0,0.0,11.523796074000845,0.0,80.0,1.0,0.0,10.0,4.0,3932.06875,73.21875,6.45,159.25,307.6,2356.65
t4,512,128,0,0,unrolled_elementwise_kernel,226976.0,21536.0,3883.0,9216.0,3930.55,4096.0,2965.90625,72.1802452912834,18264.0,9294.0,8208.0,3930.55,5338.4,101888.0,140.8,1689.6,921.6,0.0,102.625,0.225,0.0,0.0,0.0,65536.0,33792.0,18432.0,5632.0,0.0,0.0,0.0,12.22838303611569,0.0,3.0,2.0,0.0,6.0,11.0,3930.675,75.64375,5.65,155.3625,310.85625,2356.5125
t4,512,128,0,0,vectorized_elementwise_kernel,293248.0,9856.0,4736.0,5216.0,1501.725,8192.0,1847.625,53.936070023821394,18051.0,8982.0,8205.0,1501.725,2990.6,6400.0,32.0,51.2,166.4,0.0,0.0,0.0,0.0,0.0,65536.0,0.0,1024.0,3328.0,1280.0,0.0,0.0,0.0,1.4980271517421253,0.0,3.0,0.0,0.0,0.0,1.0,1119.6375,0.50625,0.0,1.575,45.71875,132.11875
t4,512,128,0,0,vectorized_elementwise_kernel,291840.0,14176.0,4781.5,5088.0,1510.7,8192.0,1829.46875,54.08564622458589,18051.0,8982.0,8205.0,1510.7,2917.6,6400.0,32.0,51.2,166.4,0.0,0.0,0.0,0.0,0.0,65536.0,0.0,1024.0,3328.0,1280.0,0.0,0.0,0.0,1.5355086372360844,0.0,17.0,0.0,0.0,0.0,0.0,1105.43125,0.55625,0.0,1.85625,46.15625,131.95
t4,512,128,0,0,volta_sgemm_128x64_tn,941280.0,269920.0,18925.0,47232.0,20588.25,92191.0,20008.34375,93.4586846914287,136257.0,102176.0,33153.0,20588.25,27602.6,1351168.0,3516.8,6867.2,52902.4,0.0,0.0,0.0,0.0,33554432.0,262144.0,0.0,137344.0,1058048.0,140672.0,0.0,0.0,0.0,30.62030388441669,0.0,29.0,0.0,0.0,0.0,25.0,726.825,1.6,1154.6125,0.0,746.975,7669.69375
t4,512,128,0,0,softmax_warp_forward,1245728.0,255936.0,23463.5,20736.0,6955.5,32768.0,8068.625,51.824806942814504,69021.0,35272.0,32821.0,6955.5,12084.6,325224.0,755.2,3911.1,5826.8,0.0,0.0,0.0,869118.0,2364662.0,262144.0,0.0,78222.0,116536.0,30208.0,0.0,10.181967131721365,24609.0,16.978530526455156,1.0,80.0,12.0,0.0,11.0,26.0,5852.91875,450.38125,57.41875,947.41875,2000.43125,3916.88125
t4,512,128,0,0,vectorized_elementwise_kernel,1194752.0,62496.0,19644.5,8480.0,3464.55,32768.0,4276.75,22.814389429698625,42837.0,33596.0,8317.0,3464.55,4926.2,40960.0,128.0,1280.0,358.4,0.0,0.0,0.0,0.0,0.0,0.0,0.0,25600.0,7168.0,5120.0,0.0,0.0,0.0,5.5790974787868945,0.0,109.0,0.0,0.0,1.0,0.0,10053.08125,59.8,25.5875,94.79375,266.01875,591.04375
t4,512,128,0,0,reduce_kernel,422784.0,3968.0,6668.0,12192.0,4671.95,8192.0,2996.03125,37.683407665955656,15471.0,14474.0,313.0,4671.95,7090.6,146944.0,166.4,4531.2,972.8,0.0,0.0,0.0,0.0,0.0,0.0,0.0,90624.0,19456.0,6656.0,0.0,0.0,0.0,13.764702563957915,0.0,48.0,9.0,0.0,4.0,5.0,3707.625,615.40625,11.78125,729.61875,552.73125,2036.45
t4,512,128,0,0,vectorized_elementwise_kernel,4960.0,0.0,77.5,3520.0,20.925,0.0,158.125,82.90043290043289,924.0,588.0,47.0,20.925,2012.2,112.0,0.2,1.8,1.0,0.0,0.0,0.0,0.0,0.0,0.0,0.0,36.0,20.0,8.0,0.0,0.0,0.0,0.03975747937580758,0.0,0.0,0.0,0.0,0.0,0.0,0.0,0.0,0.0,0.0,0.8875,2.725
t4,512,128,0,0,elementwise_kernel,1324960.0,215840.0,24075.0,13792.0,6498.725,40960.0,7760.34375,52.024872448979586,68992.0,35310.0,32784.0,6498.725,8036.6,356352.0,921.6,6348.8,4915.2,0.0,0.0,0.0,0.0,0.0,0.0,0.0,126976.0,98304.0,36864.0,0.0,0.0,0.0,28.725844884652712,1.0,85.0,11.0,0.0,20.0,8.0,19738.19375,1600.81875,46.1125,2328.575,605.8125,5298.8875
t4,512,128,0,0,vectorized_elementwise_kernel,1184832.0,114432.0,20301.0,8736.0,3522.925,32768.0,4585.3125,35.35771751501118,50962.0,33602.0,16432.0,3522.925,5058.4,30720.0,128.0,307.2,409.6,0.0,0.0,0.0,0.0,0.0,0.0,0.0,6144.0,8192.0,5120.0,0.0,8.097422109758028,8192.0,4.1623833623280095,0.0,92.0,0.0,0.0,0.0,2.0,9795.29375,79.28125,75.35,99.6125,298.3375,899.53125
t4,512,128,0,0,volta_sgemm_64x32_sliced1x4_nn,1937696.0,96160.0,31779.0,51168.0,21930.85,196608.0,25292.71875,80.13618984270695,208973.0,199468.0,8577.0,21930.85,29916.0,1523456.0,5478.4,10278.4,53299.2,0.0,0.0,0.0,196608.0,33554432.0,262144.0,0.0,205568.0,1065984.0,219136.0,0.0,0.0,0.0,31.875919240540178,0.0,45.0,79.0,0.0,100.0,67.0,2853.4375,4627.95625,6590.36875,5229.85625,3486.78125,7425.6125
t4,512,128,0,0,vectorized_elementwise_kernel,296064.0,1568.0,4650.5,5088.0,1526.175,8192.0,1575.15625,40.19762279822426,13966.0,9016.0,4142.0,1526.175,2942.0,7680.0,32.0,76.8,102.4,0.0,0.0,0.0,0.0,0.0,0.0,0.0,1536.0,2048.0,1280.0,0.0,3.4806254248810333,2048.0,1.7946974847042825,0.0,32.0,1.0,0.0,0.0,2.0,1068.3875,0.63125,5.88125,2.69375,55.6875,211.06875
t4,512,128,1,0,unrolled_elementwise_kernel,232704.0,2176.0,3670.0,9184.0,3925.7,4096.0,2904.15625,72.01594408649122,18314.0,9308.0,8238.0,3925.7,5335.0,101888.0,140.8,1689.6,921.6,0.0,102.775,0.375,0.0,0.0,0.0,65536.0,33792.0,18432.0,5632.0,0.0,0.0,0.0,12.23617619493908,0.0,72.0,0.0,0.0,0.0,0.0,3901.80625,75.04375,6.28125,155.90625,309.03125,2356.66875
t4,512,128,1,0,unrolled_elementwise_kernel,221856.0,11168.0,3641.0,9792.0,4230.775,4096.0,3038.0,72.27046807580972,18309.0,9316.0,8205.0,4230.775,5680.8,101888.0,140.8,1689.6,921.6,0.0,102.725,0.325,0.0,0.0,0.0,65536.0,33792.0,18432.0,5632.0,0.0,0.0,0.0,11.491339247993238,0.0,16.0,2.0,0.0,2.0,3.0,3911.7625,71.475,6.05,162.05,311.20625,2356.725
t4,512,128,1,0,unrolled_elementwise_kernel,230368.0,17088.0,3866.5,9184.0,3912.9,4096.0,2983.71875,72.02120682116309,18296.0,9296.0,8238.0,3912.9,5331.8,101888.0,140.8,1689.6,921.6,0.0,102.55,0.15,0.0,0.0,0.0,65536.0,33792.0,18432.0,5632.0,0.0,0.0,0.0,12.24352001200345,0.0,80.0,0.0,0.0,1.0,0.0,3930.29375,74.84375,6.525,157.08125,314.825,2356.39375
t4,512,128,1,0,vectorized_elementwise_kernel,293440.0,4608.0,4657.0,5344.0,1631.85,8192.0,1991.34375,54.03386454183266,18072.0,8970.0,8238.0,1631.85,3070.0,6400.0,32.0,51.2,166.4,0.0,0.0,0.0,0.0,0.0,65536.0,0.0,1024.0,3328.0,1280.0,0.0,0.0,0.0,1.4592833876221498,0.0,40.0,0.0,0.0,0.0,0.0,1152.36875,0.51875,0.0,1.7625,45.91875,131.9875
t4,512,128,1,0,vectorized_elementwise_kernel,291840.0,13376.0,4769.0,5152.0,1516.875,8192.0,1864.625,53.87339530765826,18072.0,8970.0,8238.0,1516.875,2973.4,6400.0,32.0,51.2,166.4,0.0,0.0,0.0,0.0,0.0,65536.0,0.0,1024.0,3328.0,1280.0,0.0,0.0,0.0,1.5066926750521288,0.0,27.0,0.0,0.0,0.0,1.0,1122.26875,0.55625,0.0,1.70625,46.08125,132.14375
t4,512,128,1,0,volta_sgemm_128x64_tn,938400.0,210944.0,17958.5,47232.0,20581.0,92318.0,20786.90625,93.0581819780993,136434.0,102144.0,33074.0,20581.0,27588.2,1351168.0,3516.8,6867.2,52902.4,0.0,0.0,0.0,0.0,33554432.0,262144.0,0.0,137344.0,1058048.0,140672.0,0.0,0.0,0.0,30.636286528298328,0.0,32.0,0.0,0.0,0.0,30.0,717.2625,1.6,1153.625,0.0,735.125,7670.03125
t4,512,128,1,0,softmax_warp_forward,1243648.0,253088.0,23386.5,20640.0,6959.275,32768.0,8067.5625,52.223429689198,69015.0,35266.0,32821.0,6959.275,12050.6,325224.0,755.2,3911.1,5826.8,0.0,0.0,0.0,869118.0,2364662.0,262144.0,0.0,78222.0,116536.0,30208.0,0.0,10.210694903158348,24609.0,17.026486233050633,5.0,95.0,3.0,0.0,6.0,34.0,5483.9875,467.85625,55.1625,943.2625,2004.225,3916.0
t4,512,128,1,0,vectorized_elementwise_kernel,1196800.0,67168.0,19749.5,8544.0,3453.8,32768.0,4253.15625,22.96876827699146,42745.0,33616.0,8205.0,3453.8,4945.6,40960.0,128.0,1280.0,358.4,0.0,0.0,0.0,0.0,0.0,0.0,0.0,25600.0,7168.0,5120.0,0.0,0.0,0.0,5.558981721125849,0.0,88.0,0.0,0.0,0.0,3.0,10642.30625,58.66875,28.84375,92.45,265.3125,591.25625
t4,512,128,1,0,reduce_kernel,421696.0,3744.0,6647.5,12384.0,4753.325,8192.0,3081.5,38.3149316508938,15216.0,14478.0,54.0,4753.325,7195.0,146944.0,166.4,4531.2,972.8,0.0,0.0,0.0,0.0,0.0,0.0,0.0,90624.0,19456.0,6656.0,0.0,0.0,0.0,13.564975677553855,0.0,57.0,6.0,0.0,8.0,15.0,3716.08125,641.69375,12.525,717.73125,553.7125,2035.53125
t4,512,128,1,0,vectorized_elementwise_kernel,5088.0,0.0,79.5,3520.0,21.05,0.0,149.65625,83.4056399132321,922.0,586.0,47.0,21.05,2014.0,112.0,0.2,1.8,1.0,0.0,0.0,0.0,0.0,0.0,0.0,0.0,36.0,20.0,8.0,0.0,0.0,0.0,0.039721946375372394,0.0,0.0,0.0,0.0,0.0,0.0,0.0,0.0,0.0,0.0,0.8875,2.725
t4,512,128,1,0,elementwise_kernel,1322464.0,238624.0,24392.0,13728.0,6473.85,40960.0,7731.5625,51.962730579183024,69011.0,35286.0,32821.0,6473.85,7983.2,356352.0,921.6,6348.8,4915.2,0.0,0.0,0.0,0.0,0.0,0.0,0.0,126976.0,98304.0,36864.0,0.0,0.0,0.0,28.920655251027156,1.0,70.0,11.0,0.0,10.0,5.0,19026.075,1614.15,45.30625,2338.4,601.1125,5298.025
t4,512,128,1,0,vectorized_elementwise_kernel,1186496.0,101248.0,20121.0,8576.0,3466.725,32768.0,4497.0625,35.406360424028264,50940.0,33608.0,16404.0,3466.725,4967.0,30720.0,128.0,307.2,409.6,0.0,0.0,0.0,0.0,0.0,0.0,0.0,6144.0,8192.0,5120.0,0.0,8.246426414334609,8192.0,4.238725588886652,0.0,79.0,0.0,0.0,2.0,2.0,10092.95625,78.79375,76.23125,99.575,298.8625,899.50625
t4,512,128,1,0,volta_sgemm_64x32_sliced1x4_nn,1932000.0,121824.0,32091.0,51008.0,21898.325,196608.0,25231.5,80.1513382088295,208936.0,199462.0,8546.0,21898.325,29818.2,1523456.0,5478.4,10278.4,53299.2,0.0,0.0,0.0,196608.0,33554432.0,262144.0,0.0,205568.0,1065984.0,219136.0,0.0,0.0,0.0,31.980468304592495,0.0,63.0,92.0,0.0,100.0,68.0,2832.90625,4640.53125,6608.4125,5229.86875,3476.1875,7424.925
t4,512,128,1,0,vectorized_elementwise_kernel,296864.0,4064.0,4702.0,5088.0,1533.825,8192.0,1617.28125,40.202339097366725,13937.0,9020.0,4109.0,1533.825,2921.0,7680.0,32.0,76.8,102.4,0.0,0.0,0.0,0.0,0.0,0.0,0.0,1536.0,2048.0,1280.0,0.0,3.5056487504279357,2048.0,1.8076001369394041,0.0,0.0,0.0,0.0,0.0,0.0,1082.3875,0.625,4.88125,2.475,55.48125,211.0875
t4,512,128,2,0,unrolled_elementwise_kernel,228576.0,2272.0,3607.0,9216.0,3913.9,4096.0,2940.21875,71.47667408895889,18413.0,9328.0,8317.0,3913.9,5339.2,101888.0,140.8,1689.6,921.6,0.0,102.625,0.225,0.0,0.0,0.0,65536.0,33792.0,18432.0,5632.0,0.0,0.0,0.0,12.22655079412646,0.0,10.0,2.0,0.0,3.0,8.0,3912.98125,74.73125,6.66875,156.675,314.38125,2356.4375
t4,512,128,2,0,unrolled_elementwise_kernel,216352.0,4096.0,3444.5,9792.0,4235.25,4096.0,2895.71875,72.15010363259518,18334.0,9308.0,8238.0,4235.25,5665.4,101888.0,140.8,1689.6,921.6,0.0,102.7,0.3,0.0,0.0,0.0,65536.0,33792.0,18432.0,5632.0,0.0,0.0,0.0,11.522575634553606,0.0,80.0,0.0,0.0,2.0,1.0,3905.54375,73.4625,5.6875,162.01875,310.6125,2356.63125
t4,512,128,2,0,unrolled_elementwise_kernel,231648.0,22176.0,3966.0,9280.0,3922.175,4096.0,3078.0625,72.03037919353076,18302.0,9302.0,8238.0,3922.175,5362.8,101888.0,140.8,1689.6,921.6,0.0,102.425,0.025,0.0,0.0,0.0,65536.0,33792.0,18432.0,5632.0,0.0,0.0,0.0,12.172745580666815,0.0,9.0,1.0,0.0,4.0,17.0,3895.85625,75.66875,6.28125,156.38125,309.13125,2356.48125
t4,512,128,2,0,vectorized_elementwise_kernel,292032.0,6208.0,4660.0,5184.0,1538.525,8192.0,1834.875,53.77154575181511,18043.0,8974.0,8205.0,1538.525,2982.4,6400.0,32.0,51.2,166.4,0.0,0.0,0.0,0.0,0.0,65536.0,0.0,1024.0,3328.0,1280.0,0.0,0.0,0.0,1.5021459227467808,0.0,36.0,0.0,0.0,0.0,0.0,1120.1875,0.525,0.0,1.65625,46.0125,132.05
t4,512,128,2,0,vectorized_elementwise_kernel,291520.0,5088.0,4634.5,5152.0,1520.375,8192.0,1841.09375,54.168976604945115,18038.0,8968.0,8206.0,1520.375,2956.0,6400.0,32.0,51.2,166.4,0.0,0.0,0.0,0.0,0.0,65536.0,0.0,1024.0,3328.0,1280.0,0.0,0.0,0.0,1.5155615696887685,0.0,35.0,0.0,0.0,0.0,2.0,1121.75625,0.54375,0.0,1.68125,45.8125,131.9625
t4,512,128,2,0,volta_sgemm_128x64_tn,938688.0,260832.0,18742.5,47232.0,20579.175,92276.0,20153.21875,93.4616203204239,136257.0,102176.0,33153.0,20579.175,27581.2,1351168.0,3516.8,6867.2,52902.4,0.0,0.0,0.0,0.0,33554432.0,262144.0,0.0,137344.0,1058048.0,140672.0,0.0,0.0,0.0,30.644061897234348,0.0,44.0,0.0,0.0,0.0,37.0,711.56875,1.6,1153.50625,0.0,746.2875,7669.86875
t4,512,128,2,0,softmax_warp_forward,1246784.0,249184.0,23374.5,20608.0,6951.575,32768.0,8013.5625,52.23631750634288,68975.0,35256.0,32791.0,6951.575,12030.8,325224.0,755.2,3911.1,5826.8,0.0,0.0,0.0,869118.0,2364662.0,262144.0,0.0,78222.0,116536.0,30208.0,0.0,10.227499418160056,24609.0,17.054248262792164,3.0,104.0,3.0,0.0,6.0,28.0,5521.94375,459.2375,56.8625,923.7875,2014.84375,3915.8875
t4,512,128,2,0,vectorized_elementwise_kernel,1195200.0,61376.0,19634.0,8448.0,3421.725,32768.0,4205.125,22.831220193090612,42985.0,33588.0,8473.0,3421.725,4879.0,40960.0,128.0,1280.0,358.4,0.0,0.0,0.0,0.0,0.0,0.0,0.0,25600.0,7168.0,5120.0,0.0,0.0,0.0,5.633582701373233,0.0,79.0,0.0,0.0,0.0,1.0,10434.275,62.55,27.93125,94.59375,265.7125,591.18125
t4,512,128,2,0,reduce_kernel,423232.0,4064.0,6676.5,12160.0,4670.35,8192.0,3066.28125,38.17003730610642,15279.0,14484.0,111.0,4670.35,7090.2,146944.0,166.4,4531.2,972.8,0.0,0.0,0.0,0.0,0.0,0.0,0.0,90624.0,19456.0,6656.0,0.0,0.0,0.0,13.765479112013765,0.0,40.0,9.0,0.0,12.0,13.0,3694.81875,603.90625,11.75625,719.94375,555.38125,2036.26875
t4,512,128,2,0,vectorized_elementwise_kernel,5088.0,0.0,79.5,3520.0,21.05,0.0,150.0,85.5715871254162,901.0,598.0,14.0,21.05,2025.4,112.0,0.2,1.8,1.0,0.0,0.0,0.0,0.0,0.0,0.0,0.0,36.0,20.0,8.0,0.0,0.0,0.0,0.03949837069220895,0.0,0.0,0.0,0.0,0.0,0.0,0.0,0.0,0.0,0.0,0.8875,2.725
t4,512,128,2,0,elementwise_kernel,1317216.0,241856.0,24360.5,13920.0,6549.325,40960.0,7772.09375,51.98538685686949,68979.0,35287.0,32784.0,6549.325,8096.0,356352.0,921.6,6348.8,4915.2,0.0,0.0,0.0,0.0,0.0,0.0,0.0,126976.0,98304.0,36864.0,0.0,0.0,0.0,28.51647418478261,1.0,94.0,11.0,0.0,10.0,2.0,18631.225,1589.14375,44.9625,2312.14375,603.10625,5297.575
t4,512,128,2,0,vectorized_elementwise_kernel,1189568.0,85056.0,19916.0,8448.0,3437.45,32768.0,4432.40625,35.67115471049186,51173.0,33584.0,16661.0,3437.45,4896.6,30720.0,128.0,307.2,409.6,0.0,0.0,0.0,0.0,0.0,0.0,0.0,6144.0,8192.0,5120.0,0.0,8.36498795082302,8192.0,4.3011987909978355,0.0,81.0,0.0,0.0,0.0,2.0,10152.175,79.23125,75.29375,101.1125,297.6375,899.30625
t4,512,128,2,0,volta_sgemm_64x32_sliced1x4_nn,1933280.0,92256.0,31649.0,51040.0,21907.9,196608.0,24632.03125,80.22617510639314,209130.0,199440.0,8762.0,21907.9,29844.0,1523456.0,5478.4,10278.4,53299.2,0.0,0.0,0.0,196608.0,33554432.0,262144.0,0.0,205568.0,1065984.0,219136.0,0.0,0.0,0.0,31.9528213376223,0.0,45.0,94.0,0.0,100.0,63.0,2785.0375,4638.11875,6605.26875,5236.0125,3398.3,7424.95625
t4,512,128,2,0,vectorized_elementwise_kernel,297088.0,5664.0,4730.5,5120.0,1530.575,8192.0,1592.84375,40.2523840252384,13947.0,9030.0,4109.0,1530.575,2942.2,7680.0,32.0,76.8,102.4,0.0,0.0,0.0,0.0,0.0,0.0,0.0,1536.0,2048.0,1280.0,0.0,3.4803888246890082,2048.0,1.79457548773027,0.0,37.0,0.0,0.0,0.0,0.0,1063.68125,0.61875,4.975,2.84375,55.7,211.2
t4,512,128,0,0,fmha_cutlassF_f16_aligned_32x128_rf_sm75,526208.0,21856.0,8563.5,76448.0,17381.825,144040.0,12084.8125,93.75609508973238,157914.0,152092.0,4734.0,17381.825,44690.2,485151.0,1414.45,8578.6,4999.8,102.4,13195.8,13195.8,607251.0,16384.0,788499.0,0.0,171572.0,99996.0,56578.0,65536.0,2.1086278423457494,18847.0,6.808469753995283,0.0,165.0,9.0,0.0,0.0,46.0,4206.90625,201.0125,72.3125,0.0,1540.6875,4915.3
t4,512,128,1,0,fmha_cutlassF_f16_aligned_32x128_rf_sm75,526656.0,22304.0,8577.5,76128.0,17301.725,144188.0,12322.96875,94.12070660619707,157655.0,152188.0,4667.0,17301.725,44491.0,485151.0,1414.45,8578.6,4999.8,102.4,13197.375,13197.375,607251.0,16384.0,788499.0,0.0,171572.0,99996.0,56578.0,65536.0,2.118068822908004,18847.0,6.838953383830438,0.0,175.0,4.0,0.0,0.0,61.0,4218.3,200.91875,72.325,0.0,1539.8375,4915.2125
t4,512,128,2,0,fmha_cutlassF_f16_aligned_32x128_rf_sm75,525504.0,24928.0,8600.5,76768.0,17452.9,144040.0,12211.03125,93.83971746120154,157996.0,152218.0,4594.0,17452.9,44868.6,485151.0,1414.45,8578.6,4999.8,102.4,13195.75,13195.75,607251.0,16384.0,788499.0,0.0,171572.0,99996.0,56578.0,65536.0,2.100243823074489,18847.0,6.781398907030753,0.0,154.0,11.0,0.0,0.0,53.0,4259.8875,200.8125,72.325,0.0,1537.75625,4915.25625
t4,1024,64,0,0,unrolled_elementwise_kernel,229920.0,10240.0,3752.5,9280.0,3918.725,4096.0,3014.9375,72.0286213677081,18308.0,9302.0,8238.0,3918.725,5364.8,101888.0,140.8,1689.6,921.6,0.0,102.475,0.075,0.0,0.0,0.0,65536.0,33792.0,18432.0,5632.0,0.0,0.0,0.0,12.168207575305695,0.0,26.0,2.0,0.0,1.0,3.0,3921.08125,74.6,6.23125,154.7625,317.44375,2356.49375
t4,1024,64,0,0,unrolled_elementwise_kernel,216032.0,10624.0,3541.5,9920.0,4308.45,4096.0,3252.8125,72.02640768223483,18328.0,9302.0,8238.0,4308.45,5744.2,101888.0,140.8,1689.6,921.6,0.0,102.625,0.225,0.0,0.0,0.0,65536.0,33792.0,18432.0,5632.0,0.0,0.0,0.0,11.364506806866055,0.0,66.0,1.0,0.0,1.0,1.0,4043.94375,75.25625,4.975,159.53125,292.99375,2356.65
t4,1024,64,0,0,unrolled_elementwise_kernel,229664.0,8928.0,3728.0,9280.0,3929.325,4096.0,2966.21875,71.96965562407902,18323.0,9290.0,8271.0,3929.325,5368.8,101888.0,140.8,1689.6,921.6,0.0,102.65,0.25,0.0,0.0,0.0,65536.0,33792.0,18432.0,5632.0,0.0,0.0,0.0,12.159141707644165,0.0,7.0,1.0,0.0,3.0,12.0,3867.26875,75.19375,6.53125,155.375,315.59375,2356.50625
t4,1024,64,0,0,vectorized_elementwise_kernel,292096.0,19488.0,4868.5,5216.0,1512.4,8192.0,1834.65625,53.61355706928062,18057.0,8988.0,8205.0,1512.4,2986.6,6400.0,32.0,51.2,166.4,0.0,0.0,0.0,0.0,0.0,65536.0,0.0,1024.0,3328.0,1280.0,0.0,0.0,0.0,1.500033482890243,0.0,22.0,1.0,0.0,0.0,0.0,1105.46875,0.53125,0.0,1.81875,45.88125,132.01875
t4,1024,64,0,0,vectorized_elementwise_kernel,290176.0,22016.0,4878.0,5152.0,1527.575,8192.0,1805.625,53.883602566939594,18076.0,8974.0,8238.0,1527.575,2948.2,6400.0,32.0,51.2,166.4,0.0,0.0,0.0,0.0,0.0,65536.0,0.0,1024.0,3328.0,1280.0,0.0,0.0,0.0,1.519571263821993,0.0,38.0,0.0,0.0,0.0,0.0,1104.275,0.5125,0.0,1.79375,45.7,131.93125
t4,1024,64,0,0,volta_sgemm_128x64_tn,803072.0,3924448.0,73867.5,85152.0,40962.75,190086.0,55961.0625,97.1826697748227,325166.0,192571.0,131667.0,40962.75,49801.2,2926592.0,8332.8,20300.8,106752.0,0.0,0.0,0.0,0.0,67108864.0,1048576.0,0.0,406016.0,2135040.0,333312.0,0.0,0.0,0.0,36.78548408472085,40.0,116.0,170.0,0.0,219.0,23.0,7289.225,16814.91875,17548.05,17966.49375,1412.39375,18959.01875
t4,1024,64,0,0,softmax_warp_forward,4892832.0,3801216.0,135844.5,62624.0,20634.3,131072.0,28795.09375,50.68044241835439,267620.0,135300.0,131392.0,20634.3,36593.8,1262183.0,2739.2,15518.15,22196.45,0.0,0.0,0.0,3311538.0,9456118.0,1048576.0,0.0,310363.0,443929.0,109568.0,0.0,13.44886292213435,98429.0,21.64476974241538,185.0,127.0,20.0,0.0,58.0,91.0,18385.075,3173.775,615.03125,7563.0,9059.625,15535.73125
t4,1024,64,0,0,vectorized_elementwise_kernel,4587968.0,901088.0,85766.5,22912.0,11603.625,131072.0,16408.84375,20.781525386899734,165676.0,131934.0,32814.0,11603.625,13350.6,163840.0,512.0,5120.0,1433.6,0.0,0.0,0.0,0.0,0.0,0.0,0.0,102400.0,28672.0,20480.0,0.0,0.0,0.0,7.824741959162884,0.0,352.0,2.0,0.0,2.0,3.0,51786.9625,148.25,77.3125,251.8125,908.7625,2128.9125
t4,1024,64,0,0,reduce_kernel,1605120.0,60960.0,26032.5,16288.0,7890.1,32768.0,7006.40625,15.305187569642195,40385.0,39062.0,395.0,7890.1,9490.4,384000.0,435.2,12953.6,2150.4,0.0,0.0,0.0,0.0,0.0,0.0,0.0,259072.0,43008.0,17408.0,0.0,0.0,0.0,26.44092978167411,0.0,116.0,27.0,0.0,25.0,12.0,15175.0625,3216.575,190.525,3672.3125,1106.5875,4884.475
t4,1024,64,0,0,vectorized_elementwise_kernel,4960.0,0.0,77.5,3488.0,20.95,0.0,156.375,88.50828729281768,905.0,602.0,14.0,20.95,2002.8,112.0,0.2,1.8,1.0,0.0,0.0,0.0,0.0,0.0,0.0,0.0,36.0,20.0,8.0,0.0,0.0,0.0,0.03994407829039345,0.0,0.0,0.0,0.0,0.0,0.0,0.0,0.0,0.0,0.0,0.8875,2.725
t4,1024,64,0,0,elementwise_kernel,5010112.0,3711424.0,136274.0,40512.0,22205.825,163840.0,30674.71875,50.70262570984126,266785.0,134471.0,131386.0,22205.825,23671.6,1425408.0,3686.4,25395.2,19660.8,0.0,0.0,0.0,0.0,0.0,0.0,0.0,507904.0,393216.0,147456.0,0.0,0.0,0.0,37.980031979249404,2.0,516.0,19.0,0.0,38.0,6.0,83699.35625,3885.56875,50.50625,6048.68125,2342.48125,20721.4625
t4,1024,64,0,0,vectorized_elementwise_kernel,4584192.0,1423040.0,93863.0,24448.0,12344.1,131072.0,17903.0,33.86043417790409,198444.0,131934.0,65582.0,12344.1,14249.4,122880.0,512.0,1228.8,1638.4,0.0,0.0,0.0,0.0,0.0,0.0,0.0,24576.0,32768.0,20480.0,0.0,11.498027987143319,32768.0,5.535583954412116,0.0,333.0,0.0,0.0,1.0,8.0,53800.15,143.68125,210.3375,211.6875,1053.0625,3362.4875
t4,1024,64,0,0,volta_sgemm_64x32_sliced1x4_nn,6633120.0,1254848.0,123249.5,90432.0,39474.125,393216.0,57471.40625,65.34071051297323,406298.0,396208.0,8874.0,39474.125,52888.8,2883328.0,10393.6,15603.2,105728.0,0.0,0.0,0.0,196608.0,67108864.0,262144.0,0.0,312064.0,2114560.0,415744.0,0.0,0.0,0.0,34.10022537853005,0.0,125.0,200.0,0.0,192.0,104.0,5198.5125,9104.225,12643.54375,10239.84375,6275.3625,12277.025
t4,1024,64,0,0,vectorized_elementwise_kernel,294336.0,5376.0,4683.0,5056.0,1523.75,8192.0,1587.625,39.92389977744274,13929.0,9010.0,4111.0,1523.75,2895.4,7680.0,32.0,76.8,102.4,0.0,0.0,0.0,0.0,0.0,0.0,0.0,1536.0,2048.0,1280.0,0.0,3.536644332389307,2048.0,1.8235822338882361,0.0,32.0,0.0,0.0,0.0,7.0,1041.325,0.65,5.5625,2.4875,55.43125,210.90625
t4,1024,64,1,0,unrolled_elementwise_kernel,229152.0,9248.0,3725.0,9216.0,3914.35,4096.0,2956.59375,71.97097812448857,18331.0,9292.0,8271.0,3914.35,5343.2,101888.0,140.8,1689.6,921.6,0.0,102.7,0.3,0.0,0.0,0.0,65536.0,33792.0,18432.0,5632.0,0.0,0.0,0.0,12.217397814044018,0.0,2.0,2.0,0.0,1.0,4.0,3908.71875,74.29375,5.88125,156.88125,319.51875,2356.45625
t4,1024,64,1,0,unrolled_elementwise_kernel,215200.0,6656.0,3466.5,9728.0,4237.175,4096.0,2928.875,71.92102105377987,18334.0,9308.0,8238.0,4237.175,5639.0,101888.0,140.8,1689.6,921.6,0.0,102.55,0.15,0.0,0.0,0.0,65536.0,33792.0,18432.0,5632.0,0.0,0.0,0.0,11.576520659691433,0.0,62.0,1.0,0.0,0.0,4.0,4029.475,74.1625,4.51875,162.03125,282.5875,2356.7
t4,1024,64,1,0,unrolled_elementwise_kernel,227488.0,16992.0,3820.0,9248.0,3930.625,4096.0,3026.96875,72.1426227715192,18286.0,9312.0,8212.0,3930.625,5358.6,101888.0,140.8,1689.6,921.6,0.0,102.5,0.1,0.0,0.0,0.0,65536.0,33792.0,18432.0,5632.0,0.0,0.0,0.0,12.182286418094277,0.0,8.0,1.0,0.0,2.0,15.0,3872.28125,74.9375,7.39375,155.64375,310.40625,2356.54375
t4,1024,64,1,0,vectorized_elementwise_kernel,292160.0,19392.0,4868.0,5312.0,1602.775,8192.0,1866.9375,53.75124488215116,18074.0,8972.0,8238.0,1602.775,3036.2,6400.0,32.0,51.2,166.4,0.0,0.0,0.0,0.0,0.0,65536.0,0.0,1024.0,3328.0,1280.0,0.0,0.0,0.0,1.4755286213029444,0.0,5.0,0.0,0.0,0.0,0.0,1146.025,0.54375,0.0,1.8375,45.875,131.875
t4,1024,64,1,0,vectorized_elementwise_kernel,290240.0,16704.0,4796.0,5120.0,1525.1,8192.0,1802.28125,53.21707757065545,18293.0,8960.0,8469.0,1525.1,2940.6,6400.0,32.0,51.2,166.4,0.0,0.0,0.0,0.0,0.0,65536.0,0.0,1024.0,3328.0,1280.0,0.0,0.0,0.0,1.5234986057267226,0.0,8.0,0.0,0.0,0.0,3.0,1259.46875,0.54375,0.0,1.79375,45.75,132.03125
t4,1024,64,1,0,volta_sgemm_128x64_tn,801728.0,3909952.0,73620.0,85120.0,40891.225,190465.0,55161.1875,97.39220028295503,325140.0,192560.0,131652.0,40891.225,49785.8,2926592.0,8332.8,20300.8,106752.0,0.0,0.0,0.0,0.0,67108864.0,1048576.0,0.0,406016.0,2135040.0,333312.0,0.0,0.0,0.0,36.796938082746486,29.0,121.0,228.0,0.0,204.0,37.0,7283.06875,16807.2375,17426.5375,18043.81875,1441.75625,18958.15
t4,1024,64,1,0,softmax_warp_forward,4892320.0,3805920.0,135910.0,63744.0,20744.925,131072.0,28943.9375,50.66491299522847,267629.0,135312.0,131389.0,20744.925,37263.8,1262183.0,2739.2,15518.15,22196.45,0.0,0.0,0.0,3311538.0,9456118.0,1048576.0,0.0,310363.0,443929.0,109568.0,0.0,13.207053494275945,98429.0,21.255598597029824,175.0,164.0,20.0,0.0,41.0,87.0,18627.8125,3115.2,632.21875,7669.6125,9020.525,15536.04375
t4,1024,64,1,0,vectorized_elementwise_kernel,4592576.0,855200.0,85121.5,22528.0,11610.225,131072.0,16352.09375,20.777394117931134,165656.0,131940.0,32788.0,11610.225,13132.6,163840.0,512.0,5120.0,1433.6,0.0,0.0,0.0,0.0,0.0,0.0,0.0,102400.0,28672.0,20480.0,0.0,0.0,0.0,7.954917533466335,0.0,354.0,1.0,0.0,1.0,5.0,52172.4,149.05625,82.55625,242.74375,920.15,2128.93125
t4,1024,64,1,0,reduce_kernel,1607648.0,46816.0,25851.0,16160.0,7798.65,32768.0,6832.875,15.393420594236797,40186.0,39096.0,162.0,7798.65,9414.4,384000.0,435.2,12953.6,2150.4,0.0,0.0,0.0,0.0,0.0,0.0,0.0,259072.0,43008.0,17408.0,0.0,0.0,0.0,26.65145946634942,0.0,103.0,20.0,0.0,13.0,8.0,15225.0125,3202.3875,188.0875,3651.48125,1107.43125,4881.56875
t4,1024,64,1,0,vectorized_elementwise_kernel,5152.0,0.0,80.5,3488.0,20.9,0.0,154.625,84.6747519294377,907.0,604.0,14.0,20.9,1998.2,112.0,0.2,1.8,1.0,0.0,0.0,0.0,0.0,0.0,0.0,0.0,36.0,20.0,8.0,0.0,0.0,0.0,0.04003603242918627,0.0,0.0,0.0,0.0,0.0,0.0,0.0,0.0,0.0,0.0,0.8875,2.725
t4,1024,64,1,0,elementwise_kernel,5012960.0,3720928.0,136467.0,40672.0,22213.575,163840.0,30823.125,50.711669734262486,266767.0,134454.0,131385.0,22213.575,23774.8,1425408.0,3686.4,25395.2,19660.8,0.0,0.0,0.0,0.0,0.0,0.0,0.0,507904.0,393216.0,147456.0,0.0,0.0,0.0,37.81498687686122,0.0,527.0,13.0,0.0,24.0,17.0,84596.95625,3857.81875,51.21875,6216.425,2346.61875,20737.525
t4,1024,64,1,0,vectorized_elementwise_kernel,4582208.0,1366560.0,92949.5,24096.0,12232.725,131072.0,17661.0,33.870642553277285,198396.0,131916.0,65552.0,12232.725,14041.8,122880.0,512.0,1228.8,1638.4,0.0,0.0,0.0,0.0,0.0,0.0,0.0,24576.0,32768.0,20480.0,0.0,11.668019769545216,32768.0,5.614397726787164,0.0,366.0,1.0,0.0,1.0,7.0,53755.1,145.91875,200.63125,211.74375,1049.08125,3360.2375
t4,1024,64,1,0,volta_sgemm_64x32_sliced1x4_nn,6640032.0,1261760.0,123465.5,90336.0,39469.7,393216.0,57225.21875,65.61856888249949,406228.0,396208.0,8804.0,39469.7,52832.2,2883328.0,10393.6,15603.2,105728.0,0.0,0.0,0.0,196608.0,67108864.0,262144.0,0.0,312064.0,2114560.0,415744.0,0.0,0.0,0.0,34.13675750773203,0.0,107.0,161.0,0.0,234.0,117.0,5228.59375,9106.93125,12611.725,10237.975,6264.00625,12277.10625
t4,1024,64,1,0,vectorized_elementwise_kernel,293824.0,1792.0,4619.0,5024.0,1527.075,8192.0,1589.5,40.26402640264026,13938.0,9016.0,4114.0,1527.075,2898.6,7680.0,32.0,76.8,102.4,0.0,0.0,0.0,0.0,0.0,0.0,0.0,1536.0,2048.0,1280.0,0.0,3.532739943420962,2048.0,1.8215690333264332,0.0,1.0,0.0,0.0,1.0,3.0,1025.28125,0.64375,5.075,2.8125,55.5375,211.175
t4,1024,64,2,0,unrolled_elementwise_kernel,231648.0,9472.0,3767.5,9248.0,3916.55,4096.0,3025.625,71.6177503918707,18501.0,9282.0,8451.0,3916.55,5340.2,101888.0,140.8,1689.6,921.6,0.0,102.55,0.15,0.0,0.0,0.0,65536.0,33792.0,18432.0,5632.0,0.0,0.0,0.0,12.224261263623085,0.0,0.0,1.0,0.0,3.0,10.0,3864.125,74.975,5.11875,155.99375,320.1625,2356.4875
t4,1024,64,2,0,unrolled_elementwise_kernel,216352.0,10144.0,3539.0,9792.0,4230.625,4096.0,2955.5625,72.24105873345728,18286.0,9290.0,8208.0,4230.625,5674.0,101888.0,140.8,1689.6,921.6,0.0,102.65,0.25,0.0,0.0,0.0,65536.0,33792.0,18432.0,5632.0,0.0,0.0,0.0,11.505111032781105,0.0,33.0,1.0,0.0,1.0,1.0,4161.11875,74.24375,5.59375,164.2,303.475,2356.60625
t4,1024,64,2,0,unrolled_elementwise_kernel,228896.0,18400.0,3864.0,9184.0,3921.625,4096.0,2954.125,71.02420051858253,18512.0,9324.0,8426.0,3921.625,5325.2,101888.0,140.8,1689.6,921.6,0.0,102.525,0.125,0.0,0.0,0.0,65536.0,33792.0,18432.0,5632.0,0.0,0.0,0.0,12.258694509126418,0.0,0.0,2.0,0.0,3.0,14.0,3893.075,76.75,6.46875,153.475,306.15,2356.53125
t4,1024,64,2,0,vectorized_elementwise_kernel,292608.0,28352.0,5015.0,5152.0,1530.325,8192.0,1861.125,54.3777014296797,18046.0,8974.0,8208.0,1530.325,2953.6,6400.0,32.0,51.2,166.4,0.0,0.0,0.0,0.0,0.0,65536.0,0.0,1024.0,3328.0,1280.0,0.0,0.0,0.0,1.5167930660888407,0.0,1.0,0.0,0.0,0.0,0.0,1116.51875,0.55625,0.0,1.70625,45.825,132.0
t4,1024,64,2,0,vectorized_elementwise_kernel,290688.0,22400.0,4892.0,5184.0,1522.925,8192.0,1807.3125,54.19340562071254,18076.0,8974.0,8238.0,1522.925,2979.4,6400.0,32.0,51.2,166.4,0.0,0.0,0.0,0.0,0.0,65536.0,0.0,1024.0,3328.0,1280.0,0.0,0.0,0.0,1.5036584547224272,0.0,35.0,0.0,0.0,0.0,10.0,1100.19375,0.5375,0.0,1.79375,45.925,131.94375
t4,1024,64,2,0,volta_sgemm_128x64_tn,807296.0,3891552.0,73419.5,85248.0,41028.55,190503.0,55355.34375,97.18869572706356,325116.0,192536.0,131652.0,41028.55,49861.8,2926592.0,8332.8,20300.8,106752.0,0.0,0.0,0.0,0.0,67108864.0,1048576.0,0.0,406016.0,2135040.0,333312.0,0.0,0.0,0.0,36.74082664484635,32.0,120.0,185.0,0.0,222.0,18.0,7178.1125,16732.8375,17410.44375,17985.3125,1392.05,18956.4
t4,1024,64,2,0,softmax_warp_forward,4894336.0,3819968.0,136161.0,62336.0,20716.675,131072.0,28970.90625,50.662257841543834,267645.0,135326.0,131391.0,20716.675,36420.4,1262183.0,2739.2,15518.15,22196.45,0.0,0.0,0.0,3311538.0,9456118.0,1048576.0,0.0,310363.0,443929.0,109568.0,0.0,13.512893872664769,98429.0,21.747821962416666,183.0,147.0,12.0,0.0,51.0,84.0,18686.775,3055.91875,599.50625,7766.3375,8929.53125,15544.81875
t4,1024,64,2,0,vectorized_elementwise_kernel,4587584.0,879680.0,85426.0,22720.0,11621.125,131072.0,16335.625,20.955589364630878,165636.0,131924.0,32784.0,11621.125,13253.6,163840.0,512.0,5120.0,1433.6,0.0,0.0,0.0,0.0,0.0,0.0,0.0,102400.0,28672.0,20480.0,0.0,0.0,0.0,7.879934508359993,0.0,348.0,1.0,0.0,0.0,10.0,51852.28125,146.88125,80.43125,266.8625,911.34375,2132.3
t4,1024,64,2,0,reduce_kernel,1606944.0,46912.0,25841.5,16192.0,7803.75,32768.0,6831.0,15.410464479514113,40174.0,39086.0,160.0,7803.75,9432.6,384000.0,435.2,12953.6,2150.4,0.0,0.0,0.0,0.0,0.0,0.0,0.0,259072.0,43008.0,17408.0,0.0,0.0,0.0,26.602553908784426,0.0,88.0,28.0,0.0,22.0,10.0,15630.20625,3271.80625,189.25625,3699.89375,1107.5375,4883.6625
t4,1024,64,2,0,vectorized_elementwise_kernel,4960.0,0.0,77.5,3488.0,20.95,0.0,157.5,81.25,928.0,592.0,47.0,20.95,2003.6,112.0,0.2,1.8,1.0,0.0,0.0,0.0,0.0,0.0,0.0,0.0,36.0,20.0,8.0,0.0,0.0,0.0,0.03992812936713915,0.0,0.0,0.0,0.0,0.0,0.0,0.0,0.0,0.0,0.0,0.8875,2.725
t4,1024,64,2,0,elementwise_kernel,5013312.0,3724544.0,136529.0,40672.0,22273.175,163840.0,30924.71875,50.718406423486805,266771.0,134456.0,131387.0,22273.175,23770.4,1425408.0,3686.4,25395.2,19660.8,0.0,0.0,0.0,0.0,0.0,0.0,0.0,507904.0,393216.0,147456.0,0.0,0.0,0.0,37.821539603877085,2.0,538.0,24.0,0.0,29.0,9.0,83763.65,3903.61875,49.4625,5813.1625,2346.5375,20704.8625
t4,1024,64,2,0,vectorized_elementwise_kernel,4586656.0,1393568.0,93441.0,24032.0,12318.675,131072.0,17764.71875,33.80216484417852,198721.0,131948.0,65845.0,12318.675,14024.2,122880.0,512.0,1228.8,1638.4,0.0,0.0,0.0,0.0,0.0,0.0,0.0,24576.0,32768.0,20480.0,0.0,11.682662825687027,32768.0,5.620106672751386,0.0,366.0,0.0,0.0,1.0,8.0,53666.925,145.2125,197.21875,208.2125,1046.65625,3359.175
t4,1024,64,2,0,volta_sgemm_64x32_sliced1x4_nn,6632128.0,1270272.0,123475.0,90528.0,39459.15,393216.0,59100.09375,65.58134957249186,406425.0,396214.0,8899.0,39459.15,52938.2,2883328.0,10393.6,15603.2,105728.0,0.0,0.0,0.0,196608.0,67108864.0,262144.0,0.0,312064.0,2114560.0,415744.0,0.0,0.0,0.0,34.068404290285656,0.0,120.0,168.0,0.0,215.0,125.0,5292.1,9106.05,12693.69375,10252.06875,6266.65625,12276.6125
t4,1024,64,2,0,vectorized_elementwise_kernel,294528.0,4640.0,4674.5,5088.0,1525.525,8192.0,1597.875,40.06458557588805,13935.0,9018.0,4109.0,1525.525,2919.8,7680.0,32.0,76.8,102.4,0.0,0.0,0.0,0.0,0.0,0.0,0.0,1536.0,2048.0,1280.0,0.0,3.5070895266799096,2048.0,1.8083430371943283,0.0,6.0,0.0,0.0,0.0,2.0,1048.0875,0.625,5.1125,2.48125,55.65625,211.1375
t4,1024,64,0,0,fmha_cutlassF_f16_aligned_64x64_rf_sm75,491136.0,27968.0,8111.0,175648.0,40595.25,196608.0,12192.4375,93.48417882672467,159059.0,151586.0,5713.0,40595.25,102716.6,1390347.0,3235.425,24331.85,17692.7,819.2,26463.775,26463.775,2411867.0,32768.0,3153497.0,0.0,486637.0,353854.0,129417.0,131072.0,3.3423516744128987,68663.0,8.471208645924806,0.0,249.0,16.0,0.0,0.0,125.0,6334.5875,385.98125,99.4375,0.0,3287.2625,14237.65
t4,1024,64,1,0,fmha_cutlassF_f16_aligned_64x64_rf_sm75,490944.0,24192.0,8049.0,175392.0,40531.5,196608.0,12131.90625,94.02588886577009,158601.0,151429.0,5412.0,40531.5,102561.0,1390347.0,3235.425,24331.85,17692.7,819.2,26463.275,26463.275,2411867.0,32768.0,3153497.0,0.0,486637.0,353854.0,129417.0,131072.0,3.3474225095309134,68663.0,8.484060705336335,0.0,253.0,15.0,0.0,0.0,148.0,6325.14375,385.98125,99.4625,0.0,3286.3375,14237.74375
t4,1024,64,2,0,fmha_cutlassF_f16_aligned_64x64_rf_sm75,490880.0,23296.0,8034.0,175328.0,40519.7,196608.0,12167.875,92.31344361998228,159161.0,152143.0,5546.0,40519.7,102528.6,1390347.0,3235.425,24331.85,17692.7,819.2,26463.15,26463.15,2411867.0,32768.0,3153497.0,0.0,486637.0,353854.0,129417.0,131072.0,3.348480326465006,68663.0,8.486741748156124,0.0,267.0,14.0,0.0,0.0,129.0,6366.275,385.975,99.4375,0.0,3285.525,14237.7875
t4,1024,128,0,0,unrolled_elementwise_kernel,444000.0,32160.0,7440.0,9728.0,4100.55,8192.0,4332.28125,69.93982761424621,30745.0,13392.0,16463.0,4100.55,5636.8,203776.0,281.6,3379.2,1843.2,0.0,206.075,1.275,0.0,0.0,0.0,131072.0,67584.0,36864.0,11264.0,0.0,0.0,0.0,23.158086148169176,0.0,29.0,1.0,0.0,7.0,12.0,8581.40625,393.06875,117.65625,1128.23125,561.3375,4728.70625
t4,1024,128,0,0,unrolled_elementwise_kernel,414496.0,24384.0,6857.5,10208.0,4364.3,8192.0,4060.90625,69.9710069387888,30697.0,13396.0,16405.0,4364.3,5909.8,203776.0,281.6,3379.2,1843.2,0.0,205.675,0.875,0.0,0.0,0.0,131072.0,67584.0,36864.0,11264.0,0.0,0.0,0.0,22.092118176588038,1.0,78.0,0.0,0.0,2.0,0.0,8539.70625,386.85625,113.68125,1071.25625,564.23125,4731.64375
t4,1024,128,0,0,unrolled_elementwise_kernel,437792.0,45216.0,7547.0,9664.0,4073.1,8192.0,4151.25,70.03585397653195,30680.0,13390.0,16400.0,4073.1,5605.2,203776.0,281.6,3379.2,1843.2,0.0,206.55,1.75,0.0,0.0,0.0,131072.0,67584.0,36864.0,11264.0,0.0,0.0,0.0,23.288308178120317,0.0,28.0,3.0,0.0,3.0,10.0,8247.16875,373.2875,113.4625,1109.5875,510.51875,4729.2875
t4,1024,128,0,0,vectorized_elementwise_kernel,590784.0,51840.0,10041.0,6432.0,2185.9,16384.0,3005.8125,52.115490428889984,34531.0,17170.0,16433.0,2185.9,3714.8,12800.0,64.0,102.4,332.8,0.0,0.0,0.0,0.0,0.0,131072.0,0.0,2048.0,6656.0,2560.0,0.0,0.0,0.0,2.4119737267147623,0.0,50.0,0.0,0.0,0.0,1.0,3313.8875,5.2125,0.0,8.725,106.4,282.5375
t4,1024,128,0,0,vectorized_elementwise_kernel,589632.0,48032.0,9963.5,6528.0,2160.125,16384.0,3042.1875,52.1106343499942,34492.0,17164.0,16400.0,2160.125,3749.4,12800.0,64.0,102.4,332.8,0.0,0.0,0.0,0.0,0.0,131072.0,0.0,2048.0,6656.0,2560.0,0.0,0.0,0.0,2.389715687843388,0.0,40.0,0.0,0.0,0.0,0.0,3479.1,5.34375,0.0,8.45625,106.56875,282.325
t4,1024,128,0,0,volta_sgemm_128x64_tn,1894432.0,3959392.0,91466.0,145920.0,70038.375,379404.0,96518.28125,96.72878235138745,522466.0,389152.0,132002.0,70038.375,85327.8,5404672.0,14067.2,27468.8,211609.6,0.0,0.0,0.0,0.0,134217728.0,1048576.0,0.0,549376.0,4232192.0,562688.0,0.0,0.0,0.0,39.620857739212774,39.0,138.0,456.0,0.0,457.0,33.0,10249.95625,33501.2625,23703.23125,35867.39375,2203.9625,31056.8375
t4,1024,128,0,0,softmax_warp_forward,4893472.0,3829536.0,136297.0,64320.0,21298.95,131072.0,29349.03125,50.62599649755614,267813.0,135468.0,131417.0,21298.95,37601.0,1266434.0,2739.2,15646.65,22231.35,0.0,0.0,0.0,3313219.0,9472449.0,1048576.0,0.0,312933.0,444627.0,109568.0,0.0,13.0956623494056,98482.0,21.13564133932608,182.0,144.0,19.0,0.0,52.0,102.0,18485.91875,3108.35625,631.44375,7944.5625,9522.38125,15617.25
t4,1024,128,0,0,vectorized_elementwise_kernel,4588096.0,859744.0,85122.5,22880.0,11671.325,131072.0,16366.6875,20.76482620054665,165737.0,131962.0,32847.0,11671.325,13348.4,163840.0,512.0,5120.0,1433.6,0.0,0.0,0.0,0.0,0.0,0.0,0.0,102400.0,28672.0,20480.0,0.0,0.0,0.0,7.82472056576069,0.0,398.0,0.0,0.0,2.0,5.0,52248.68125,150.375,80.43125,243.03125,910.41875,2127.45625
t4,1024,128,0,0,reduce_kernel,1607264.0,52512.0,25934.0,16352.0,7908.675,32768.0,6923.40625,15.271132376395535,40128.0,39082.0,118.0,7908.675,9519.8,384000.0,435.2,12953.6,2150.4,0.0,0.0,0.0,0.0,0.0,0.0,0.0,259072.0,43008.0,17408.0,0.0,0.0,0.0,26.358550074581398,0.0,99.0,25.0,0.0,24.0,2.0,15233.40625,3207.3,186.30625,3715.475,1110.2125,4885.04375
t4,1024,128,0,0,vectorized_elementwise_kernel,5024.0,0.0,78.5,3456.0,20.7,0.0,151.625,85.69892473118279,930.0,594.0,47.0,20.7,1989.8,112.0,0.2,1.8,1.0,0.0,0.0,0.0,0.0,0.0,0.0,0.0,36.0,20.0,8.0,0.0,0.0,0.0,0.040205045733239526,0.0,0.0,0.0,0.0,0.0,0.0,0.0,0.0,0.0,0.0,0.8875,2.725
t4,1024,128,0,0,elementwise_kernel,5022432.0,3709568.0,136437.5,40992.0,22427.175,163840.0,30947.3125,50.6898917089298,266781.0,134462.0,131391.0,22427.175,23961.6,1425408.0,3686.4,25395.2,19660.8,0.0,0.0,0.0,0.0,0.0,0.0,0.0,507904.0,393216.0,147456.0,0.0,0.0,0.0,37.50644259982639,0.0,508.0,14.0,0.0,39.0,15.0,84556.11875,3943.35625,49.98125,5903.2,2361.65,20703.73125
t4,1024,128,0,0,vectorized_elementwise_kernel,4590272.0,1348224.0,92789.0,24160.0,12333.525,131072.0,17785.46875,33.86329506858427,198442.0,131932.0,65582.0,12333.525,14104.6,122880.0,512.0,1228.8,1638.4,0.0,0.0,0.0,0.0,0.0,0.0,0.0,24576.0,32768.0,20480.0,0.0,11.616068516654142,32768.0,5.590020277072728,0.0,352.0,0.0,0.0,0.0,31.0,52494.30625,145.025,214.35,213.15,1066.3125,3360.6625
t4,1024,128,0,0,volta_sgemm_64x32_sliced1x4_nn,7003488.0,1493600.0,132767.0,170336.0,76074.125,786432.0,111407.09375,81.59482661329763,797466.0,778374.0,17492.0,76074.125,99631.6,5766656.0,20787.2,31206.4,211456.0,0.0,0.0,0.0,393216.0,134217728.0,524288.0,0.0,624128.0,4229120.0,831488.0,0.0,0.0,0.0,36.20023039878914,1.0,164.0,415.0,0.0,491.0,209.0,12724.41875,35208.41875,49292.95625,39792.20625,13895.225,24674.00625
t4,1024,128,0,0,vectorized_elementwise_kernel,588416.0,30848.0,9676.0,6272.0,2191.75,16384.0,2574.71875,37.31660158471396,26377.0,17218.0,8251.0,2191.75,3607.4,15360.0,64.0,153.6,204.8,0.0,0.0,0.0,0.0,0.0,0.0,0.0,3072.0,4096.0,2560.0,0.0,5.677219049731108,4096.0,2.927316072517603,0.0,37.0,0.0,0.0,0.0,0.0,3240.25625,6.025,14.08125,10.9625,126.99375,435.70625
t4,1024,128,1,0,unrolled_elementwise_kernel,446912.0,27840.0,7418.0,9600.0,4069.45,8192.0,4304.59375,70.1121324727818,30678.0,13388.0,16400.0,4069.45,5546.0,203776.0,281.6,3379.2,1843.2,0.0,206.1,1.3,0.0,0.0,0.0,131072.0,67584.0,36864.0,11264.0,0.0,0.0,0.0,23.538022899386945,0.0,21.0,3.0,0.0,16.0,2.0,8183.83125,382.7625,111.84375,1118.40625,545.9625,4728.975
t4,1024,128,1,0,unrolled_elementwise_kernel,412704.0,29824.0,6914.5,10208.0,4394.9,8192.0,3954.34375,69.86983403839896,30730.0,13404.0,16430.0,4394.9,5911.0,203776.0,281.6,3379.2,1843.2,0.0,205.925,1.125,0.0,0.0,0.0,131072.0,67584.0,36864.0,11264.0,0.0,0.0,0.0,22.08752749111825,0.0,66.0,1.0,0.0,4.0,0.0,8382.4,377.625,111.45625,1078.425,557.55,4732.59375
t4,1024,128,1,0,unrolled_elementwise_kernel,438496.0,48416.0,7608.0,9696.0,4077.525,8192.0,4137.65625,70.9561817885649,30695.0,13408.0,16397.0,4077.525,5624.0,203776.0,281.6,3379.2,1843.2,0.0,206.275,1.475,0.0,0.0,0.0,131072.0,67584.0,36864.0,11264.0,0.0,0.0,0.0,23.212348862019915,0.0,27.0,4.0,0.0,7.0,5.0,8257.59375,389.7125,118.89375,1117.90625,539.24375,4729.7125
t4,1024,128,1,0,vectorized_elementwise_kernel,591360.0,40608.0,9874.5,6432.0,2157.95,16384.0,2988.15625,52.116394441382106,34469.0,17144.0,16397.0,2157.95,3692.2,12800.0,64.0,102.4,332.8,0.0,0.0,0.0,0.0,0.0,131072.0,0.0,2048.0,6656.0,2560.0,0.0,0.0,0.0,2.4267374465088567,0.0,41.0,0.0,0.0,0.0,0.0,3320.53125,5.38125,0.0,8.525,107.2875,282.49375
t4,1024,128,1,0,vectorized_elementwise_kernel,588608.0,45632.0,9910.0,6688.0,2180.0,16384.0,3016.40625,52.24611639230234,34504.0,17172.0,16404.0,2180.0,3863.6,12800.0,64.0,102.4,332.8,0.0,0.0,0.0,0.0,0.0,131072.0,0.0,2048.0,6656.0,2560.0,0.0,0.0,0.0,2.3190806501708248,0.0,44.0,0.0,0.0,0.0,0.0,3303.58125,5.45,0.0,8.7,106.90625,282.51875
t4,1024,128,1,0,volta_sgemm_128x64_tn,1895616.0,4005408.0,92203.5,145184.0,69894.625,380296.0,96686.6875,96.72727551092663,522531.0,389184.0,132035.0,69894.625,84914.6,5404672.0,14067.2,27468.8,211609.6,0.0,0.0,0.0,0.0,134217728.0,1048576.0,0.0,549376.0,4232192.0,562688.0,0.0,0.0,0.0,39.813699587585646,34.0,163.0,427.0,0.0,439.0,44.0,10429.3625,33787.1375,23490.10625,35343.2375,2186.425,31051.29375
t4,1024,128,1,0,softmax_warp_forward,4892864.0,3834272.0,136361.5,64448.0,21279.175,131072.0,29274.0625,50.6687089061566,267680.0,135328.0,131424.0,21279.175,37665.4,1266434.0,2739.2,15646.65,22231.35,0.0,0.0,0.0,3313219.0,9472449.0,1048576.0,0.0,312933.0,444627.0,109568.0,0.0,13.073271490545702,98482.0,21.09950378862298,185.0,121.0,26.0,0.0,58.0,108.0,18748.54375,3085.01875,604.86875,7641.4125,9127.4,15603.01875
t4,1024,128,1,0,vectorized_elementwise_kernel,4586560.0,888320.0,85545.0,22752.0,11688.775,131072.0,16440.21875,20.782010971569274,165701.0,131926.0,32847.0,11688.775,13286.0,163840.0,512.0,5120.0,1433.6,0.0,0.0,0.0,0.0,0.0,0.0,0.0,102400.0,28672.0,20480.0,0.0,0.0,0.0,7.864293241005569,0.0,383.0,2.0,0.0,2.0,3.0,51571.23125,147.9375,79.40625,250.8,911.6125,2127.8875
t4,1024,128,1,0,reduce_kernel,1607520.0,50816.0,25911.5,16288.0,7890.8,32768.0,6968.90625,15.22999228798169,40197.0,39096.0,173.0,7890.8,9488.0,384000.0,435.2,12953.6,2150.4,0.0,0.0,0.0,0.0,0.0,0.0,0.0,259072.0,43008.0,17408.0,0.0,0.0,0.0,26.449725969645872,0.0,84.0,30.0,0.0,29.0,9.0,15029.78125,3260.31875,192.9125,3756.95,1107.20625,4889.86875
t4,1024,128,1,0,vectorized_elementwise_kernel,5024.0,0.0,78.5,3456.0,20.675,0.0,150.78125,85.52915766738661,926.0,590.0,47.0,20.675,1991.6,112.0,0.2,1.8,1.0,0.0,0.0,0.0,0.0,0.0,0.0,0.0,36.0,20.0,8.0,0.0,0.0,0.0,0.040168708576019285,0.0,0.0,0.0,0.0,0.0,0.0,0.0,0.0,0.0,0.0,0.8875,2.725
t4,1024,128,1,0,elementwise_kernel,5017344.0,3726848.0,136628.0,41088.0,22438.075,163840.0,30929.65625,50.793234364869065,266819.0,134477.0,131414.0,22438.075,23990.6,1425408.0,3686.4,25395.2,19660.8,0.0,0.0,0.0,0.0,0.0,0.0,0.0,507904.0,393216.0,147456.0,0.0,0.0,0.0,37.459072511733766,0.0,516.0,26.0,0.0,31.0,4.0,84883.2875,4020.24375,50.23125,5909.71875,2348.0,20702.3875
t4,1024,128,1,0,vectorized_elementwise_kernel,4587328.0,1349376.0,92761.0,23872.0,12250.225,131072.0,17662.59375,33.9235313092214,198408.0,131928.0,65552.0,12250.225,13925.2,122880.0,512.0,1228.8,1638.4,0.0,0.0,0.0,0.0,0.0,0.0,0.0,24576.0,32768.0,20480.0,0.0,11.76571970241002,32768.0,5.662845057880676,0.0,346.0,0.0,0.0,0.0,5.0,52397.0,143.03125,202.7375,211.96875,1054.44375,3361.26875
t4,1024,128,1,0,volta_sgemm_64x32_sliced1x4_nn,7013280.0,1489600.0,132857.5,170240.0,76070.575,786432.0,111042.03125,81.47733842316408,797407.0,778678.0,17417.0,76070.575,99575.2,5766656.0,20787.2,31206.4,211456.0,0.0,0.0,0.0,393216.0,134217728.0,524288.0,0.0,624128.0,4229120.0,831488.0,0.0,0.0,0.0,36.22062772658252,0.0,185.0,449.0,0.0,450.0,189.0,12830.96875,35157.625,49048.90625,39813.36875,13885.63125,24672.08125
t4,1024,128,1,0,vectorized_elementwise_kernel,588544.0,29600.0,9658.5,6144.0,2138.75,16384.0,2549.625,37.2363029291243,26356.0,17210.0,8238.0,2138.75,3538.6,15360.0,64.0,153.6,204.8,0.0,0.0,0.0,0.0,0.0,0.0,0.0,3072.0,4096.0,2560.0,0.0,5.787599615667213,4096.0,2.9842310518284068,0.0,34.0,1.0,0.0,0.0,1.0,3571.00625,6.0125,16.35625,11.0,127.25,435.75625
t4,1024,128,2,0,unrolled_elementwise_kernel,417376.0,31840.0,7019.0,9664.0,4086.775,8192.0,3956.125,69.91991666124096,30718.0,13398.0,16430.0,4086.775,5593.8,203776.0,281.6,3379.2,1843.2,0.0,206.275,1.475,0.0,0.0,0.0,131072.0,67584.0,36864.0,11264.0,0.0,0.0,0.0,23.33789195180378,0.0,59.0,1.0,0.0,2.0,3.0,8260.525,386.94375,118.0875,1100.83125,560.80625,4729.5875
t4,1024,128,2,0,unrolled_elementwise_kernel,413696.0,28576.0,6910.5,10176.0,4347.325,8192.0,4074.71875,70.85233937182328,30692.0,13392.0,16404.0,4347.325,5902.6,203776.0,281.6,3379.2,1843.2,0.0,205.95,1.15,0.0,0.0,0.0,131072.0,67584.0,36864.0,11264.0,0.0,0.0,0.0,22.11896028868634,0.0,44.0,5.0,0.0,8.0,3.0,8388.4625,377.8,107.41875,1090.68125,565.025,4732.05625
t4,1024,128,2,0,unrolled_elementwise_kernel,437024.0,45568.0,7540.5,9792.0,4075.825,8192.0,4130.46875,69.89754431614897,30745.0,13392.0,16463.0,4075.825,5665.6,203776.0,281.6,3379.2,1843.2,0.0,206.45,1.65,0.0,0.0,0.0,131072.0,67584.0,36864.0,11264.0,0.0,0.0,0.0,23.04025610703191,0.0,50.0,2.0,0.0,9.0,2.0,8199.1125,391.2125,123.23125,1068.34375,541.30625,4729.81875
t4,1024,128,2,0,vectorized_elementwise_kernel,592480.0,50112.0,10040.5,6592.0,2193.3,16384.0,3019.625,52.16282036414241,34492.0,17164.0,16400.0,2193.3,3801.8,12800.0,64.0,102.4,332.8,0.0,0.0,0.0,0.0,0.0,131072.0,0.0,2048.0,6656.0,2560.0,0.0,0.0,0.0,2.3567783681414065,0.0,39.0,0.0,0.0,0.0,7.0,3326.15,5.3125,0.0,8.59375,107.25625,282.5875
t4,1024,128,2,0,vectorized_elementwise_kernel,588928.0,72096.0,10328.5,6752.0,2315.4,16384.0,3239.3125,52.05919833178869,34528.0,17170.0,16430.0,2315.4,3884.4,12800.0,64.0,102.4,332.8,0.0,0.0,0.0,0.0,0.0,131072.0,0.0,2048.0,6656.0,2560.0,0.0,0.0,0.0,2.3066625476264027,0.0,38.0,0.0,0.0,0.0,0.0,3359.9,5.4875,0.0,8.68125,106.93125,282.63125
t4,1024,128,2,0,volta_sgemm_128x64_tn,1896704.0,3947040.0,91308.5,145888.0,69799.725,379657.0,96979.75,96.7195334005406,522761.0,389138.0,132023.0,69799.725,85332.0,5404672.0,14067.2,27468.8,211609.6,0.0,0.0,0.0,0.0,134217728.0,1048576.0,0.0,549376.0,4232192.0,562688.0,0.0,0.0,0.0,39.618936916983074,36.0,141.0,403.0,0.0,428.0,31.0,10463.38125,33809.61875,23278.5125,35550.63125,2179.3,31058.31875
t4,1024,128,2,0,softmax_warp_forward,4886496.0,3817728.0,136003.5,64256.0,21120.375,131072.0,28932.6875,50.66588942199901,267612.0,135284.0,131400.0,21120.375,37569.8,1266434.0,2739.2,15646.65,22231.35,0.0,0.0,0.0,3313219.0,9472449.0,1048576.0,0.0,312933.0,444627.0,109568.0,0.0,13.106537697831769,98482.0,21.153193522456863,183.0,130.0,26.0,0.0,47.0,90.0,18484.09375,3127.40625,629.3875,7536.38125,9207.88125,15601.05625
t4,1024,128,2,0,vectorized_elementwise_kernel,4585408.0,893472.0,85607.5,22848.0,11694.1,131072.0,16452.375,20.76667290272355,165703.0,131928.0,32847.0,11694.1,13326.2,163840.0,512.0,5120.0,1433.6,0.0,0.0,0.0,0.0,0.0,0.0,0.0,102400.0,28672.0,20480.0,0.0,0.0,0.0,7.838881301496301,0.0,399.0,2.0,0.0,0.0,4.0,51966.125,155.30625,76.2625,248.1625,910.625,2127.85
t4,1024,128,2,0,reduce_kernel,1608096.0,44448.0,25821.0,16224.0,7818.9,32768.0,6860.03125,15.30515730784548,40176.0,39108.0,140.0,7818.9,9453.6,384000.0,435.2,12953.6,2150.4,0.0,0.0,0.0,0.0,0.0,0.0,0.0,259072.0,43008.0,17408.0,0.0,0.0,0.0,26.54286462300076,0.0,99.0,19.0,0.0,15.0,0.0,15554.6125,3240.86875,186.33125,3664.325,1108.7375,4883.23125
t4,1024,128,2,0,vectorized_elementwise_kernel,5024.0,0.0,78.5,3488.0,20.675,0.0,147.90625,87.37201365187714,879.0,576.0,14.0,20.675,1989.8,112.0,0.2,1.8,1.0,0.0,0.0,0.0,0.0,0.0,0.0,0.0,36.0,20.0,8.0,0.0,0.0,0.0,0.040205045733239526,0.0,0.0,0.0,0.0,0.0,0.0,0.0,0.0,0.0,0.0,0.8875,2.725
t4,1024,128,2,0,elementwise_kernel,5024864.0,3691072.0,136186.5,40704.0,22328.9,163840.0,30823.53125,50.721899878558894,266796.0,134477.0,131391.0,22328.9,23779.2,1425408.0,3686.4,25395.2,19660.8,0.0,0.0,0.0,0.0,0.0,0.0,0.0,507904.0,393216.0,147456.0,0.0,0.0,0.0,37.79227223792222,0.0,492.0,37.0,0.0,32.0,18.0,84676.2875,3970.1375,52.1,6043.2875,2346.43125,20716.69375
t4,1024,128,2,0,vectorized_elementwise_kernel,4591232.0,1305312.0,92133.5,23744.0,12139.225,131072.0,17448.5,33.8645297853039,198420.0,131936.0,65556.0,12139.225,13849.4,122880.0,512.0,1228.8,1638.4,0.0,0.0,0.0,0.0,0.0,0.0,0.0,24576.0,32768.0,20480.0,0.0,11.83011538405996,32768.0,5.694199748725577,0.0,343.0,0.0,0.0,0.0,10.0,52992.14375,142.55,227.40625,211.81875,1058.73125,3360.69375
t4,1024,128,2,0,volta_sgemm_64x32_sliced1x4_nn,7014240.0,1473984.0,132628.5,170240.0,76087.55,786432.0,112499.0625,81.40601318866618,797048.0,778350.0,17386.0,76087.55,99581.6,5766656.0,20787.2,31206.4,211456.0,0.0,0.0,0.0,393216.0,134217728.0,524288.0,0.0,624128.0,4229120.0,831488.0,0.0,0.0,0.0,36.218350076721,0.0,162.0,411.0,0.0,453.0,189.0,12569.25625,35211.0625,49224.88125,39946.9,13967.34375,24675.04375
t4,1024,128,2,0,vectorized_elementwise_kernel,587008.0,32160.0,9674.5,6240.0,2192.15,16384.0,2609.96875,37.16945288753799,26320.0,17204.0,8208.0,2192.15,3596.6,15360.0,64.0,153.6,204.8,0.0,0.0,0.0,0.0,0.0,0.0,0.0,3072.0,4096.0,2560.0,0.0,5.694266807540456,4096.0,2.936106322638047,0.0,38.0,0.0,0.0,0.0,7.0,3252.2625,6.075,14.48125,10.5125,126.94375,435.475
t4,1024,128,0,0,fmha_cutlassF_f16_aligned_32x128_rf_sm75,1002112.0,51200.0,16458.0,146016.0,66508.725,576888.0,54335.15625,97.16711891780733,598119.0,586875.0,9356.0,66508.725,85410.0,1871256.0,5538.825,33040.6,19310.5,204.8,52785.675,52785.675,2411170.0,32768.0,3153812.0,0.0,660812.0,386210.0,221553.0,262144.0,4.138157124458494,70688.0,13.719719587870275,0.0,646.0,25.0,0.0,0.0,268.0,17359.14375,775.5625,300.5375,0.0,6422.0625,19183.31875
t4,1024,128,1,0,fmha_cutlassF_f16_aligned_32x128_rf_sm75,1003904.0,43168.0,16360.5,146016.0,66487.3,576356.0,53217.40625,97.04573987732932,598187.0,586987.0,9312.0,66487.3,85408.6,1871256.0,5538.825,33040.6,19310.5,204.8,52786.675,52786.675,2411170.0,32768.0,3153812.0,0.0,660812.0,386210.0,221553.0,262144.0,4.13822495626904,70688.0,13.719944478659057,0.0,629.0,32.0,0.0,0.0,258.0,17410.4,775.525,303.0,0.0,6409.95625,19183.1875
t4,1024,128,2,0,fmha_cutlassF_f16_aligned_32x128_rf_sm75,1001472.0,47360.0,16388.0,146176.0,66519.35,576336.0,53428.375,97.1853410286299,597941.0,587388.0,8953.0,66519.35,85518.8,1871256.0,5538.825,33040.6,19310.5,204.8,52786.925,52786.925,2411170.0,32768.0,3153812.0,0.0,660812.0,386210.0,221553.0,262144.0,4.132892416638213,70688.0,13.702264882107794,0.0,661.0,33.0,0.0,0.0,269.0,17399.33125,775.24375,300.88125,0.0,6409.075,19183.175
t4,2048,64,0,0,unrolled_elementwise_kernel,452640.0,32224.0,7576.0,9664.0,4067.175,8192.0,4178.28125,70.02475408768159,30702.0,13408.0,16404.0,4067.175,5596.2,203776.0,281.6,3379.2,1843.2,0.0,206.6,1.8,0.0,0.0,0.0,131072.0,67584.0,36864.0,11264.0,0.0,0.0,0.0,23.327101425967623,0.0,16.0,6.0,0.0,9.0,2.0,8330.7625,372.69375,106.91875,1095.975,548.76875,4729.1125
t4,2048,64,0,0,unrolled_elementwise_kernel,416704.0,24288.0,6890.5,10272.0,4372.35,8192.0,4022.65625,69.97394985346791,30710.0,13410.0,16404.0,4372.35,5958.2,203776.0,281.6,3379.2,1843.2,0.0,206.7,1.9,0.0,0.0,0.0,131072.0,67584.0,36864.0,11264.0,0.0,0.0,0.0,21.912658185357994,0.0,48.0,1.0,0.0,19.0,1.0,8418.81875,381.25,106.30625,1075.3625,570.30625,4731.24375
t4,2048,64,0,0,unrolled_elementwise_kernel,445920.0,48544.0,7726.0,9696.0,4093.325,8192.0,4214.0,69.66533320323934,30747.0,13394.0,16463.0,4093.325,5620.6,203776.0,281.6,3379.2,1843.2,0.0,206.1,1.3,0.0,0.0,0.0,131072.0,67584.0,36864.0,11264.0,0.0,0.0,0.0,23.225612034302387,0.0,48.0,1.0,0.0,3.0,3.0,8300.3,386.81875,120.6,1097.7875,542.80625,4729.89375
t4,2048,64,0,0,vectorized_elementwise_kernel,589568.0,53664.0,10050.5,6400.0,2181.875,16384.0,2956.0625,52.01925028266605,34493.0,17168.0,16397.0,2181.875,3678.8,12800.0,64.0,102.4,332.8,0.0,0.0,0.0,0.0,0.0,131072.0,0.0,2048.0,6656.0,2560.0,0.0,0.0,0.0,2.435576818527781,0.0,54.0,0.0,0.0,2.0,1.0,3331.75625,5.425,0.0,8.675,106.65,282.6
t4,2048,64,0,0,vectorized_elementwise_kernel,590272.0,49440.0,9995.5,6752.0,2152.225,16384.0,2988.6875,51.98226395409494,34506.0,17174.0,16404.0,2152.225,3881.4,12800.0,64.0,102.4,332.8,0.0,0.0,0.0,0.0,0.0,131072.0,0.0,2048.0,6656.0,2560.0,0.0,0.0,0.0,2.308445406296697,0.0,37.0,0.0,0.0,0.0,9.0,3330.25625,5.28125,0.0,8.575,106.55625,282.43125
t4,2048,64,0,0,volta_sgemm_128x64_tn,1610368.0,18949408.0,321246.5,269216.0,152490.925,759187.0,207997.9375,98.58684026254838,1299570.0,771965.0,525717.0,152490.925,157479.4,11706368.0,33331.2,81203.2,427008.0,0.0,0.0,0.0,0.0,268435456.0,4194304.0,0.0,1624064.0,8540160.0,1333248.0,0.0,0.0,0.0,46.481365181731704,27.0,440.0,762.0,0.0,908.0,87.0,37722.3625,77939.29375,126575.58125,88702.7875,7540.7375,76289.21875
t4,2048,64,0,0,softmax_warp_forward,19995776.0,18429024.0,600387.5,204288.0,89765.475,524288.0,127979.0,50.254269169910415,1057934.0,531682.0,525036.0,89765.475,119467.4,4966672.0,10393.6,61871.65,86274.45,0.0,0.0,0.0,12918297.0,37812303.0,4194304.0,0.0,1237433.0,1725489.0,415744.0,0.0,16.476754327958922,393687.0,26.008517804857227,347.0,319.0,45.0,0.0,75.0,234.0,78379.45625,8928.60625,31976.7375,23297.625,54476.15,62195.29375
t4,2048,64,0,0,vectorized_elementwise_kernel,18091840.0,4750464.0,356911.0,81312.0,45842.25,524288.0,66357.34375,20.20046952714083,657257.0,525176.0,131153.0,45842.25,47538.4,655360.0,2048.0,20480.0,5734.4,0.0,0.0,0.0,0.0,0.0,0.0,0.0,409600.0,114688.0,81920.0,0.0,0.0,0.0,8.659788718173099,0.0,804.0,0.0,0.0,1.0,21.0,288983.71875,463.075,82.44375,633.2625,3227.20625,8246.7
t4,2048,64,0,0,reduce_kernel,6280928.0,889728.0,112041.5,42304.0,22213.1,131072.0,27207.15625,4.706517047906776,139020.0,137522.0,570.0,22213.1,24722.4,1128448.0,1280.0,41472.0,5120.0,0.0,0.0,0.0,0.0,0.0,0.0,0.0,829440.0,102400.0,51200.0,0.0,0.0,0.0,29.070852748924047,0.0,496.0,55.0,0.0,54.0,27.0,64256.4625,9767.2375,308.8375,11031.68125,2241.0625,12913.76875
t4,2048,64,0,0,vectorized_elementwise_kernel,5088.0,64.0,80.5,3520.0,21.025,0.0,158.3125,87.48639825897715,919.0,590.0,40.0,21.025,2002.4,112.0,0.2,1.8,1.0,0.0,0.0,0.0,0.0,0.0,0.0,0.0,36.0,20.0,8.0,0.0,0.0,0.0,0.03995205753096284,0.0,0.0,0.0,0.0,0.0,0.0,0.0,0.0,0.0,0.0,0.8875,2.725
t4,2048,64,0,0,elementwise_kernel,19837920.0,17907520.0,589772.5,149248.0,85755.825,655360.0,123712.75,50.25786820111825,1055578.0,529263.0,525003.0,85755.825,87283.2,5701632.0,14745.6,101580.8,78643.2,0.0,0.0,0.0,0.0,0.0,0.0,0.0,2031616.0,1572864.0,589824.0,0.0,0.0,0.0,40.920560886860244,1.0,2175.0,54.0,0.0,130.0,46.0,383829.5875,14098.8125,83.13125,22186.2,9303.325,82512.00625
t4,2048,64,0,0,vectorized_elementwise_kernel,18403776.0,8425408.0,419206.0,97568.0,54686.45,524288.0,79953.53125,33.49980464884997,788324.0,525208.0,262188.0,54686.45,57049.2,491520.0,2048.0,4915.2,6553.6,0.0,0.0,0.0,0.0,0.0,0.0,0.0,98304.0,131072.0,81920.0,0.0,11.487628222656936,131072.0,5.421263576001066,8.0,1915.0,0.0,0.0,1.0,23.0,342071.66875,177.425,1105.60625,446.575,4218.05,13129.4625
t4,2048,64,0,0,volta_sgemm_64x64_nn,34547168.0,2296160.0,575677.0,225312.0,128931.4,1350724.0,184311.34375,78.17308523433987,1365154.0,1280096.0,83170.0,128931.4,131795.6,10476800.0,28446.4,38188.8,425641.6,0.0,0.0,0.0,0.0,271581184.0,655360.0,0.0,763776.0,8512832.0,1137856.0,0.0,0.0,0.0,49.696651481536556,32.0,280.0,706.0,0.0,753.0,37.0,11645.5625,35732.725,15901.98125,37568.86875,1905.7,52760.04375
t4,2048,64,0,0,splitKreduce_kernel,3078880.0,229024.0,51686.0,20160.0,9513.0,81920.0,12683.90625,18.37578383535234,100627.0,83292.0,16407.0,9513.0,11745.0,397312.0,1228.8,9011.2,4505.6,0.0,0.0,0.0,655360.0,0.0,131072.0,0.0,180224.0,90112.0,49152.0,0.0,0.0,0.0,21.754948914431672,1.0,252.0,10.0,0.0,25.0,0.0,38676.21875,2130.975,840.48125,2995.11875,60.225,8692.11875
t4,2048,64,0,0,vectorized_elementwise_kernel,586304.0,26432.0,9574.0,6336.0,2177.675,16384.0,2582.71875,37.23912878500417,26354.0,17208.0,8238.0,2177.675,3643.6,15360.0,64.0,153.6,204.8,0.0,0.0,0.0,0.0,0.0,0.0,0.0,3072.0,4096.0,2560.0,0.0,5.620814578987815,4096.0,2.8982325172905914,0.0,39.0,0.0,0.0,0.0,0.0,3287.75625,6.1,16.03125,10.70625,127.4,435.8375
t4,2048,64,1,0,unrolled_elementwise_kernel,453152.0,31808.0,7577.5,9600.0,4060.675,8192.0,4167.0,69.82202229610796,30678.0,13388.0,16400.0,4060.675,5561.8,203776.0,281.6,3379.2,1843.2,0.0,206.525,1.725,0.0,0.0,0.0,131072.0,67584.0,36864.0,11264.0,0.0,0.0,0.0,23.472504405048728,0.0,78.0,1.0,0.0,5.0,0.0,8270.65,389.175,115.11875,1114.6625,547.7375,4729.36875
t4,2048,64,1,0,unrolled_elementwise_kernel,415904.0,30176.0,6970.0,10240.0,4355.65,8192.0,4012.03125,69.62564086028439,31013.0,13400.0,16429.0,4355.65,5929.4,203776.0,281.6,3379.2,1843.2,0.0,206.325,1.525,0.0,0.0,0.0,131072.0,67584.0,36864.0,11264.0,0.0,0.0,0.0,22.01909130772085,0.0,14.0,6.0,0.0,14.0,0.0,8364.85625,374.50625,101.43125,1078.925,551.76875,4731.74375
t4,2048,64,1,0,unrolled_elementwise_kernel,447392.0,32832.0,7503.5,9632.0,4079.475,8192.0,4309.46875,69.91277177450853,30724.0,13404.0,16430.0,4079.475,5568.4,203776.0,281.6,3379.2,1843.2,0.0,206.275,1.475,0.0,0.0,0.0,131072.0,67584.0,36864.0,11264.0,0.0,0.0,0.0,23.444234429997845,0.0,33.0,3.0,0.0,7.0,13.0,8281.80625,395.06875,123.8875,1114.6875,537.8125,4728.95
t4,2048,64,1,0,vectorized_elementwise_kernel,591104.0,53952.0,10079.0,6464.0,2176.625,16384.0,2969.375,52.14165652350316,34506.0,17176.0,16402.0,2176.625,3727.0,12800.0,64.0,102.4,332.8,0.0,0.0,0.0,0.0,0.0,131072.0,0.0,2048.0,6656.0,2560.0,0.0,0.0,0.0,2.404078347196136,0.0,44.0,0.0,0.0,0.0,0.0,3336.28125,5.4,0.0,8.65,107.0625,282.4625
t4,2048,64,1,0,vectorized_elementwise_kernel,588160.0,57312.0,10085.5,6464.0,2158.375,16384.0,3000.1875,52.22998232242734,34507.0,17182.0,16397.0,2158.375,3726.4,12800.0,64.0,102.4,332.8,0.0,0.0,0.0,0.0,0.0,131072.0,0.0,2048.0,6656.0,2560.0,0.0,0.0,0.0,2.4044654358093602,0.0,40.0,0.0,0.0,0.0,2.0,3294.3,5.4625,0.0,8.46875,106.66875,281.7375
t4,2048,64,1,0,volta_sgemm_128x64_tn,1626176.0,18923840.0,321094.0,268320.0,152203.3,758796.0,206955.78125,98.59673183901782,1299324.0,771751.0,525685.0,152203.3,156955.2,11706368.0,33331.2,81203.2,427008.0,0.0,0.0,0.0,0.0,268435456.0,4194304.0,0.0,1624064.0,8540160.0,1333248.0,0.0,0.0,0.0,46.636627840300925,60.0,398.0,770.0,0.0,897.0,93.0,38137.725,78101.46875,127274.40625,88086.34375,7455.4,76286.66875
t4,2048,64,1,0,softmax_warp_forward,19999296.0,18410368.0,600151.0,200128.0,89446.975,524288.0,127564.78125,50.25658375971286,1058134.0,531826.0,524996.0,89446.975,117040.8,4966672.0,10393.6,61871.65,86274.45,0.0,0.0,0.0,12918297.0,37812303.0,4194304.0,0.0,1237433.0,1725489.0,415744.0,0.0,16.818365903172225,393687.0,26.54775086978216,732.0,571.0,68.0,0.0,131.0,421.0,77389.0625,8630.3,31562.4,23028.61875,54530.44375,62211.48125
t4,2048,64,1,0,vectorized_elementwise_kernel,18079968.0,4769504.0,357023.0,81760.0,45967.5,524288.0,66603.53125,20.196816490227643,657262.0,525178.0,131156.0,45967.5,47795.2,655360.0,2048.0,20480.0,5734.4,0.0,0.0,0.0,0.0,0.0,0.0,0.0,409600.0,114688.0,81920.0,0.0,0.0,0.0,8.613443400174077,0.0,811.0,0.0,0.0,0.0,9.0,289021.95,470.71875,78.2625,630.84375,3224.9125,8245.7125
t4,2048,64,1,0,reduce_kernel,6286016.0,864896.0,111733.0,42656.0,22352.7,131072.0,27087.5,4.709819665184824,139241.0,137462.0,563.0,22352.7,24915.0,1128448.0,1280.0,41472.0,5120.0,0.0,0.0,0.0,0.0,0.0,0.0,0.0,829440.0,102400.0,51200.0,0.0,0.0,0.0,28.84048264097933,0.0,466.0,62.0,0.0,72.0,13.0,63961.36875,9969.38125,302.79375,11016.99375,2198.93125,12919.20625
t4,2048,64,1,0,vectorized_elementwise_kernel,4960.0,160.0,80.0,3488.0,20.775,0.0,144.96875,78.57142857142857,1036.0,582.0,165.0,20.775,1991.0,112.0,0.2,1.8,1.0,0.0,0.0,0.0,0.0,0.0,0.0,0.0,36.0,20.0,8.0,0.0,0.0,0.0,0.04018081366147665,0.0,0.0,0.0,0.0,0.0,0.0,0.0,0.0,0.0,0.0,0.8875,2.725
t4,2048,64,1,0,elementwise_kernel,19825184.0,17883264.0,589194.5,149280.0,85740.85,655360.0,123594.21875,50.2643848374514,1055469.0,529250.0,525003.0,85740.85,87303.2,5701632.0,14745.6,101580.8,78643.2,0.0,0.0,0.0,0.0,0.0,0.0,0.0,2031616.0,1572864.0,589824.0,0.0,0.0,0.0,40.90744955511367,0.0,2241.0,68.0,0.0,117.0,46.0,382865.45625,14156.56875,75.5,22050.70625,9285.7,82506.9375
t4,2048,64,1,0,vectorized_elementwise_kernel,18415328.0,8358624.0,418343.0,97408.0,54593.85,524288.0,79365.375,33.46323097551354,788313.0,525188.0,262197.0,54593.85,56957.2,491520.0,2048.0,4915.2,6553.6,0.0,0.0,0.0,0.0,0.0,0.0,0.0,98304.0,131072.0,81920.0,0.0,11.506183590485488,131072.0,5.429932475613268,2.0,956.0,0.0,0.0,0.0,10.0,342086.9125,177.46875,1067.60625,447.33125,4089.99375,13126.875
t4,2048,64,1,0,volta_sgemm_64x64_nn,34557184.0,2270208.0,575428.0,226432.0,128812.425,1351453.0,184224.15625,78.41513949520242,1353810.0,1268790.0,83132.0,128812.425,132462.2,10476800.0,28446.4,38188.8,425641.6,0.0,0.0,0.0,0.0,271581184.0,655360.0,0.0,763776.0,8512832.0,1137856.0,0.0,0.0,0.0,49.446559093839596,16.0,273.0,715.0,0.0,764.0,42.0,11706.1875,36002.2875,15762.89375,37766.61875,1896.8125,52758.81875
t4,2048,64,1,0,splitKreduce_kernel,3059232.0,223264.0,51289.0,20256.0,9511.625,81920.0,12603.375,18.337787226433274,100661.0,83296.0,16437.0,9511.625,11823.6,397312.0,1228.8,9011.2,4505.6,0.0,0.0,0.0,655360.0,0.0,131072.0,0.0,180224.0,90112.0,49152.0,0.0,0.0,0.0,21.61032807266822,4.0,244.0,17.0,0.0,23.0,0.0,37800.70625,2102.69375,850.53125,3015.04375,57.63125,8698.1375
t4,2048,64,1,0,vectorized_elementwise_kernel,589056.0,26528.0,9618.5,6208.0,2170.825,16384.0,2599.40625,37.250655420038754,26319.0,17206.0,8205.0,2170.825,3580.6,15360.0,64.0,153.6,204.8,0.0,0.0,0.0,0.0,0.0,0.0,0.0,3072.0,4096.0,2560.0,0.0,5.719711780148579,4096.0,2.9492263866391104,0.0,36.0,0.0,0.0,0.0,1.0,3267.10625,5.8375,15.81875,10.91875,127.5375,435.5125
t4,2048,64,2,0,unrolled_elementwise_kernel,430752.0,36224.0,7296.5,9824.0,4128.875,8192.0,4560.75,70.12572470848805,30702.0,13410.0,16402.0,4128.875,5704.0,203776.0,281.6,3379.2,1843.2,0.0,206.375,1.575,0.0,0.0,0.0,131072.0,67584.0,36864.0,11264.0,0.0,0.0,0.0,22.886461255259466,0.0,56.0,1.0,0.0,2.0,1.0,8338.75,365.775,105.2125,1094.36875,538.4125,4729.63125
t4,2048,64,2,0,unrolled_elementwise_kernel,413280.0,25984.0,6863.5,10208.0,4323.65,8192.0,4047.53125,70.06155750252418,30703.0,13408.0,16399.0,4323.65,5926.2,203776.0,281.6,3379.2,1843.2,0.0,206.1,1.3,0.0,0.0,0.0,131072.0,67584.0,36864.0,11264.0,0.0,0.0,0.0,22.03087560325335,0.0,79.0,0.0,0.0,1.0,0.0,8577.4125,360.5375,97.375,1081.1125,536.425,4731.65
t4,2048,64,2,0,unrolled_elementwise_kernel,446752.0,27648.0,7412.5,9728.0,4068.475,8192.0,4088.25,69.96617006050354,30742.0,13454.0,16398.0,4068.475,5627.4,203776.0,281.6,3379.2,1843.2,0.0,206.8,2.0,0.0,0.0,0.0,131072.0,67584.0,36864.0,11264.0,0.0,0.0,0.0,23.196991505846395,0.0,56.0,2.0,0.0,8.0,0.0,8289.06875,402.3375,119.55625,1130.93125,546.5875,4728.6
t4,2048,64,2,0,vectorized_elementwise_kernel,588992.0,47232.0,9941.0,6432.0,2156.45,16384.0,2939.0,52.101156069364166,34600.0,17172.0,16500.0,2156.45,3690.8,12800.0,64.0,102.4,332.8,0.0,0.0,0.0,0.0,0.0,131072.0,0.0,2048.0,6656.0,2560.0,0.0,0.0,0.0,2.4276579603338027,0.0,40.0,0.0,0.0,0.0,3.0,3292.86875,5.225,0.0,8.61875,106.825,282.1625
t4,2048,64,2,0,vectorized_elementwise_kernel,590272.0,59040.0,10145.5,6624.0,2239.825,16384.0,3113.46875,52.062617770691396,34495.0,17170.0,16397.0,2239.825,3819.8,12800.0,64.0,102.4,332.8,0.0,0.0,0.0,0.0,0.0,131072.0,0.0,2048.0,6656.0,2560.0,0.0,0.0,0.0,2.345672548300958,0.0,72.0,0.0,0.0,0.0,0.0,3295.1,5.2125,0.0,8.4125,106.70625,282.0
t4,2048,64,2,0,volta_sgemm_128x64_tn,1634880.0,18904672.0,320930.5,268448.0,152441.9,759007.0,207079.9375,98.5877349287097,1299756.0,771695.0,525885.0,152441.9,157023.8,11706368.0,33331.2,81203.2,427008.0,0.0,0.0,0.0,0.0,268435456.0,4194304.0,0.0,1624064.0,8540160.0,1333248.0,0.0,0.0,0.0,46.61624941569367,73.0,395.0,814.0,0.0,875.0,74.0,38028.20625,78530.375,128095.075,88334.3625,7500.2625,76284.76875
t4,2048,64,2,0,softmax_warp_forward,19989632.0,18449792.0,600616.0,205664.0,89842.475,524288.0,127922.03125,50.25952415374716,1058283.0,532064.0,525003.0,89842.475,120264.0,4966672.0,10393.6,61871.65,86274.45,0.0,0.0,0.0,12918297.0,37812303.0,4194304.0,0.0,1237433.0,1725489.0,415744.0,0.0,16.36761624426262,393687.0,25.836243597419013,710.0,567.0,72.0,0.0,166.0,455.0,78018.5875,9029.425,30159.6,22103.49375,53725.65,62134.10625
t4,2048,64,2,0,vectorized_elementwise_kernel,18079328.0,4758592.0,356842.5,81632.0,45970.825,524288.0,66487.375,20.20176352888368,657205.0,525182.0,131095.0,45970.825,47720.0,655360.0,2048.0,20480.0,5734.4,0.0,0.0,0.0,0.0,0.0,0.0,0.0,409600.0,114688.0,81920.0,0.0,0.0,0.0,8.626964585079632,0.0,1609.0,3.0,0.0,4.0,16.0,289266.40625,508.975,80.125,599.75625,3235.53125,8236.8125
t4,2048,64,2,0,reduce_kernel,6289280.0,878400.0,111995.0,42368.0,22143.8,131072.0,26936.125,4.770093027606103,138991.0,137472.0,591.0,22143.8,24760.8,1128448.0,1280.0,41472.0,5120.0,0.0,0.0,0.0,0.0,0.0,0.0,0.0,829440.0,102400.0,51200.0,0.0,0.0,0.0,29.020695009854286,0.0,492.0,51.0,0.0,71.0,15.0,64622.36875,9981.5375,315.40625,11003.375,2235.9625,12920.06875
t4,2048,64,2,0,vectorized_elementwise_kernel,5088.0,96.0,81.0,3456.0,20.85,0.0,148.0625,86.06911447084234,926.0,590.0,47.0,20.85,1995.4,112.0,0.2,1.8,1.0,0.0,0.0,0.0,0.0,0.0,0.0,0.0,36.0,20.0,8.0,0.0,0.0,0.0,0.04009221208780195,0.0,0.0,0.0,0.0,0.0,0.0,0.0,0.0,0.0,0.0,0.8875,2.725
t4,2048,64,2,0,elementwise_kernel,19837536.0,17873920.0,589241.5,149152.0,85662.275,655360.0,123437.0,50.296795217930864,1055610.0,529262.0,525036.0,85662.275,87220.4,5701632.0,14745.6,101580.8,78643.2,0.0,0.0,0.0,0.0,0.0,0.0,0.0,2031616.0,1572864.0,589824.0,0.0,0.0,0.0,40.94685704261847,1.0,2270.0,74.0,0.0,113.0,51.0,382836.21875,14240.225,83.45625,22119.3125,9339.09375,82518.525
t4,2048,64,2,0,vectorized_elementwise_kernel,18428256.0,8409056.0,419333.0,97216.0,54588.675,524288.0,79626.4375,33.45997668409228,788303.0,525178.0,262197.0,54588.675,56821.4,491520.0,2048.0,4915.2,6553.6,0.0,0.0,0.0,0.0,0.0,0.0,0.0,98304.0,131072.0,81920.0,0.0,11.533682732210048,131072.0,5.442755722315888,9.0,1904.0,0.0,0.0,0.0,35.0,340455.93125,179.29375,1172.525,439.3625,4202.56875,13119.45625
t4,2048,64,2,0,volta_sgemm_64x64_nn,34516224.0,2314048.0,575473.0,225728.0,129167.4,1351095.0,184158.15625,78.3893177148833,1350198.0,1265438.0,83160.0,129167.4,132046.8,10476800.0,28446.4,38188.8,425641.6,0.0,0.0,0.0,0.0,271581184.0,655360.0,0.0,763776.0,8512832.0,1137856.0,0.0,0.0,0.0,49.60211076678875,30.0,277.0,691.0,0.0,761.0,48.0,11620.025,36100.6125,16140.3125,37887.075,1921.1125,52761.31875
t4,2048,64,2,0,splitKreduce_kernel,3085120.0,221024.0,51658.5,20256.0,9446.9,81920.0,12974.53125,18.30978929407563,100804.0,83262.0,16614.0,9446.9,11817.4,397312.0,1228.8,9011.2,4505.6,0.0,0.0,0.0,655360.0,0.0,131072.0,0.0,180224.0,90112.0,49152.0,0.0,0.0,0.0,21.62177170951309,0.0,237.0,5.0,0.0,5.0,0.0,37732.6625,2143.5125,823.6,2988.5125,56.725,8692.53125
t4,2048,64,2,0,vectorized_elementwise_kernel,587584.0,27360.0,9608.5,6368.0,2174.875,16384.0,2561.0,37.105343047966,26352.0,17206.0,8238.0,2174.875,3667.2,15360.0,64.0,153.6,204.8,0.0,0.0,0.0,0.0,0.0,0.0,0.0,3072.0,4096.0,2560.0,0.0,5.584642233856894,4096.0,2.8795811518324608,0.0,36.0,0.0,0.0,0.0,0.0,3286.125,6.025,15.85,10.85625,127.9375,435.36875
t4,2048,64,0,0,fmha_cutlassF_f16_aligned_64x64_rf_sm75,938432.0,51232.0,15463.5,339712.0,157799.0,786432.0,44753.15625,96.81295850453414,581919.0,570326.0,9705.0,157799.0,198697.4,5477230.0,12787.05,95917.2,69910.8,1638.4,105867.275,105867.275,9608911.0,65536.0,12604343.0,0.0,1918344.0,1398216.0,511482.0,524288.0,6.768382475060067,268972.0,17.242997392014185,0.0,864.0,54.0,0.0,0.0,609.0,21797.95,1535.95,409.61875,0.0,15429.20625,56277.1125
t4,2048,64,1,0,fmha_cutlassF_f16_aligned_64x64_rf_sm75,938816.0,50080.0,15451.5,339648.0,157740.775,786432.0,45176.46875,97.05206658893817,579796.0,568206.0,9702.0,157740.775,198670.0,5477230.0,12787.05,95917.2,69910.8,1638.4,105867.1,105867.1,9608911.0,65536.0,12604343.0,0.0,1918344.0,1398216.0,511482.0,524288.0,6.769315951074646,268972.0,17.245375497055417,0.0,873.0,56.0,0.0,0.0,634.0,21733.825,1535.65625,409.20625,0.0,15468.0625,56277.66875
t4,2048,64,2,0,fmha_cutlassF_f16_aligned_64x64_rf_sm75,939264.0,45856.0,15392.5,339616.0,157710.7,786432.0,45851.21875,96.59724138640303,583409.0,570210.0,10735.0,157710.7,198649.0,5477230.0,12787.05,95917.2,69910.8,1638.4,105868.175,105868.175,9608911.0,65536.0,12604343.0,0.0,1918344.0,1398216.0,511482.0,524288.0,6.77003156320948,268972.0,17.247198576383468,0.0,871.0,51.0,0.0,0.0,618.0,21716.1625,1536.05625,410.99375,0.0,15457.1,56277.6125
t4,2048,128,0,0,unrolled_elementwise_kernel,799008.0,237248.0,16191.5,15328.0,7357.325,16384.0,8468.625,68.36749370729953,55620.0,21624.0,33070.0,7357.325,8923.8,407552.0,563.2,6758.4,3686.4,0.0,411.6,2.0,0.0,0.0,0.0,262144.0,135168.0,73728.0,22528.0,0.0,0.0,0.0,28.991362984378853,0.0,76.0,2.0,0.0,10.0,10.0,16485.9875,735.0625,246.5375,2334.2625,945.2625,9417.49375
t4,2048,128,0,0,unrolled_elementwise_kernel,787072.0,258912.0,16343.5,15456.0,7516.275,16384.0,8266.53125,68.53997577773359,55321.0,21606.0,32791.0,7516.275,9007.8,407552.0,563.2,6758.4,3686.4,0.0,411.95,2.35,0.0,0.0,0.0,262144.0,135168.0,73728.0,22528.0,0.0,0.0,0.0,28.72052554452808,0.0,114.0,0.0,0.0,12.0,9.0,16398.05,711.60625,232.0375,2258.19375,947.3125,9418.30625
t4,2048,128,0,0,unrolled_elementwise_kernel,794368.0,232160.0,16039.5,15232.0,7457.9,16384.0,8346.28125,68.49000686689074,55338.0,21622.0,32788.0,7457.9,8859.6,407552.0,563.2,6758.4,3686.4,0.0,411.8,2.2,0.0,0.0,0.0,262144.0,135168.0,73728.0,22528.0,0.0,0.0,0.0,29.201445324845366,0.0,84.0,5.0,0.0,6.0,6.0,16328.85625,700.74375,229.1,2210.26875,897.68125,9415.575
t4,2048,128,0,0,vectorized_elementwise_kernel,1191264.0,276544.0,22934.5,8960.0,3599.875,32768.0,5118.90625,51.06506324974358,67273.0,33580.0,32781.0,3599.875,5205.8,25600.0,128.0,204.8,665.6,0.0,0.0,0.0,0.0,0.0,262144.0,0.0,4096.0,13312.0,5120.0,0.0,0.0,0.0,3.436071305082792,0.0,96.0,0.0,0.0,0.0,7.0,9973.08125,49.88125,20.86875,68.5,282.2,602.625
t4,2048,128,0,0,vectorized_elementwise_kernel,1183264.0,259872.0,22549.0,8928.0,3548.275,32768.0,5035.71875,51.127450980392155,67320.0,33578.0,32814.0,3548.275,5180.8,25600.0,128.0,204.8,665.6,0.0,0.0,0.0,0.0,0.0,262144.0,0.0,4096.0,13312.0,5120.0,0.0,0.0,0.0,3.4497567943174796,0.0,105.0,0.0,0.0,1.0,3.0,9904.03125,49.6125,21.40625,69.475,282.125,602.975
t4,2048,128,0,0,volta_sgemm_128x64_tn,4440352.0,19361184.0,371899.0,468608.0,266656.25,1533916.0,363439.0,98.05267962611985,2086765.0,1559076.0,525801.0,266656.25,274124.4,21618688.0,56268.8,109875.2,846438.4,0.0,0.0,0.0,0.0,536870912.0,4194304.0,0.0,2197504.0,16928768.0,2250752.0,0.0,0.0,0.0,49.302647812453024,46.0,614.0,1928.0,0.0,1976.0,149.0,53112.43125,185363.525,171095.55625,196099.39375,11215.99375,124791.725
t4,2048,128,0,0,softmax_warp_forward,20025664.0,18443840.0,601086.0,172416.0,88503.375,524288.0,128076.03125,50.26070911366464,1057884.0,531580.0,524992.0,88503.375,100834.0,4945417.0,10393.6,61230.5,86124.5,0.0,0.0,0.0,12914495.0,37783801.0,4194304.0,0.0,1224610.0,1722490.0,415744.0,0.0,19.508350358014162,393421.0,30.68296036059266,758.0,564.0,67.0,0.0,148.0,426.0,77227.55625,9487.8,33248.48125,23120.55625,57566.20625,61794.36875
t4,2048,128,0,0,vectorized_elementwise_kernel,18082464.0,4830400.0,358013.5,81536.0,45961.575,524288.0,66596.59375,20.185914087737338,657508.0,525198.0,131382.0,45961.575,47658.4,655360.0,2048.0,20480.0,5734.4,0.0,0.0,0.0,0.0,0.0,0.0,0.0,409600.0,114688.0,81920.0,0.0,0.0,0.0,8.637564416765983,0.0,800.0,1.0,0.0,3.0,12.0,288017.15,501.95,78.31875,640.775,3254.61875,8248.70625
t4,2048,128,0,0,reduce_kernel,6283584.0,883488.0,111985.5,41856.0,21927.55,131072.0,26932.21875,4.725669073457564,138774.0,137482.0,364.0,21927.55,24433.2,1128448.0,1280.0,41472.0,5120.0,0.0,0.0,0.0,0.0,0.0,0.0,0.0,829440.0,102400.0,51200.0,0.0,0.0,0.0,29.415585146440087,0.0,494.0,78.0,0.0,56.0,22.0,65106.01875,9886.175,306.525,11039.74375,2227.225,12921.99375
t4,2048,128,0,0,vectorized_elementwise_kernel,5088.0,0.0,79.5,3488.0,20.75,0.0,159.34375,90.2575587905935,893.0,590.0,14.0,20.75,2008.8,112.0,0.2,1.8,1.0,0.0,0.0,0.0,0.0,0.0,0.0,0.0,36.0,20.0,8.0,0.0,0.0,0.0,0.03982477100756671,0.0,0.0,0.0,0.0,0.0,0.0,0.0,0.0,0.0,0.0,0.8875,2.725
t4,2048,128,0,0,elementwise_kernel,19838752.0,17887040.0,589465.5,149216.0,85713.0,655360.0,123643.65625,50.25723853415243,1055635.0,529320.0,525003.0,85713.0,87269.4,5701632.0,14745.6,101580.8,78643.2,0.0,0.0,0.0,0.0,0.0,0.0,0.0,2031616.0,1572864.0,589824.0,0.0,0.0,0.0,40.92685981569714,0.0,2187.0,75.0,0.0,116.0,51.0,384731.93125,13913.875,79.84375,22205.59375,9285.61875,82534.9375
t4,2048,128,0,0,vectorized_elementwise_kernel,18421568.0,8382176.0,418808.5,97280.0,54535.1,524288.0,79650.71875,33.4621278236691,788336.0,525178.0,262230.0,54535.1,56882.0,491520.0,2048.0,4915.2,6553.6,0.0,0.0,0.0,0.0,0.0,0.0,0.0,98304.0,131072.0,81920.0,0.0,11.52139516894624,131072.0,5.43746264196055,6.0,1941.0,2.0,0.0,1.0,24.0,345152.075,179.98125,1150.94375,462.39375,4297.0875,13140.7
t4,2048,128,0,0,volta_sgemm_128x64_nn,36199936.0,2313856.0,601778.0,486400.0,245581.625,1971196.0,386870.3125,82.51291662209987,1935297.0,1831148.0,99893.0,245581.625,284523.2,20035390.0,49452.25,48779.7,847750.4,0.0,0.0,0.0,0.0,541589504.0,786432.0,0.0,975594.0,16955008.0,1978090.0,0.0,0.0,0.0,44.01920476080685,4.0,920.0,1676.0,12.0,1610.0,31.0,32255.00625,103630.70625,10462.58125,104288.7125,2447.625,103459.1625
t4,2048,128,0,0,vectorized_elementwise_kernel,1185152.0,101696.0,20107.0,9152.0,3640.025,32768.0,4767.21875,35.36319541268189,50923.0,33598.0,16397.0,3640.025,5304.8,30720.0,128.0,307.2,409.6,0.0,0.0,0.0,0.0,0.0,0.0,0.0,6144.0,8192.0,5120.0,0.0,7.721309003166943,8192.0,3.9730527069823554,0.0,96.0,0.0,0.0,0.0,5.0,9799.075,78.85,77.0875,99.75625,300.53125,900.50625
t4,2048,128,1,0,unrolled_elementwise_kernel,789920.0,229536.0,15929.0,15520.0,7097.0,16384.0,8344.1875,68.60044820357118,55332.0,21618.0,32788.0,7097.0,9049.6,407552.0,563.2,6758.4,3686.4,0.0,411.7,2.1,0.0,0.0,0.0,262144.0,135168.0,73728.0,22528.0,0.0,0.0,0.0,28.588418272630832,1.0,133.0,2.0,0.0,4.0,1.0,16610.35625,768.44375,276.95625,2335.1,973.53125,9416.09375
t4,2048,128,1,0,unrolled_elementwise_kernel,802272.0,238912.0,16268.5,15360.0,7474.8,16384.0,8128.34375,68.5530047143399,55363.0,21620.0,32817.0,7474.8,8938.0,407552.0,563.2,6758.4,3686.4,0.0,411.425,1.825,0.0,0.0,0.0,262144.0,135168.0,73728.0,22528.0,0.0,0.0,0.0,28.9451639069143,1.0,64.0,7.0,0.0,13.0,3.0,16449.58125,726.50625,240.34375,2270.68125,963.3,9418.925
t4,2048,128,1,0,unrolled_elementwise_kernel,792864.0,224320.0,15893.5,15264.0,7302.7,16384.0,8185.40625,68.49188857173827,55354.0,21614.0,32816.0,7302.7,8878.8,407552.0,563.2,6758.4,3686.4,0.0,411.525,1.925,0.0,0.0,0.0,262144.0,135168.0,73728.0,22528.0,0.0,0.0,0.0,29.137735392170118,0.0,111.0,2.0,0.0,7.0,2.0,16349.55625,679.94375,244.08125,2176.2375,949.68125,9416.4875
t4,2048,128,1,0,vectorized_elementwise_kernel,1189760.0,225728.0,22117.0,8832.0,3557.875,32768.0,5077.25,51.07926502943451,67268.0,33556.0,32784.0,3557.875,5110.2,25600.0,128.0,204.8,665.6,0.0,0.0,0.0,0.0,0.0,262144.0,0.0,4096.0,13312.0,5120.0,0.0,0.0,0.0,3.5015752808109273,0.0,98.0,0.0,0.0,0.0,0.0,9986.78125,49.55625,20.30625,67.63125,282.61875,601.1
t4,2048,128,1,0,vectorized_elementwise_kernel,1184192.0,235904.0,22189.0,9312.0,3678.75,32768.0,5219.625,50.87407407407407,67500.0,33588.0,33000.0,3678.75,5396.6,25600.0,128.0,204.8,665.6,0.0,0.0,0.0,0.0,0.0,262144.0,0.0,4096.0,13312.0,5120.0,0.0,0.0,0.0,3.3155134714449837,0.0,100.0,0.0,0.0,0.0,11.0,10127.9125,50.64375,15.86875,68.98125,281.975,601.88125
t4,2048,128,1,0,volta_sgemm_128x64_tn,4494592.0,19366944.0,372836.5,466944.0,266760.35,1532799.0,363401.53125,98.17744927277758,2085813.0,1558393.0,525532.0,266760.35,273155.4,21618688.0,56268.8,109875.2,846438.4,0.0,0.0,0.0,0.0,536870912.0,4194304.0,0.0,2197504.0,16928768.0,2250752.0,0.0,0.0,0.0,49.4775592940868,53.0,574.0,1856.0,0.0,2008.0,133.0,53093.96875,184636.9125,169728.1875,196172.6125,11261.74375,124780.55625
t4,2048,128,1,0,softmax_warp_forward,20030016.0,18599072.0,603579.5,174624.0,89705.75,524288.0,130302.78125,50.23542609379966,1057232.0,531548.0,524756.0,89705.75,102123.6,4945417.0,10393.6,61230.5,86124.5,0.0,0.0,0.0,12914495.0,37783801.0,4194304.0,0.0,1224610.0,1722490.0,415744.0,0.0,19.262002122917718,393421.0,30.295500990956054,749.0,569.0,55.0,0.0,157.0,410.0,76295.2375,9017.91875,33552.05625,23017.01875,56705.69375,61795.28125
t4,2048,128,1,0,vectorized_elementwise_kernel,18084640.0,4779648.0,357254.5,81760.0,46047.85,524288.0,66669.59375,20.193622890284928,657257.0,525178.0,131151.0,46047.85,47781.0,655360.0,2048.0,20480.0,5734.4,0.0,0.0,0.0,0.0,0.0,0.0,0.0,409600.0,114688.0,81920.0,0.0,0.0,0.0,8.61626483330194,0.0,807.0,0.0,0.0,1.0,12.0,288778.1,469.69375,77.85625,658.9,3226.9375,8247.91875
t4,2048,128,1,0,reduce_kernel,6285952.0,892000.0,112155.5,41952.0,21950.65,131072.0,27019.53125,4.663797006259117,139157.0,137648.0,581.0,21950.65,24512.2,1128448.0,1280.0,41472.0,5120.0,0.0,0.0,0.0,0.0,0.0,0.0,0.0,829440.0,102400.0,51200.0,0.0,0.0,0.0,29.317849886995045,0.0,518.0,42.0,0.0,62.0,14.0,64500.30625,9817.675,309.2375,10951.95,2219.69375,12915.3875
t4,2048,128,1,0,vectorized_elementwise_kernel,4960.0,0.0,77.5,3488.0,20.675,0.0,156.03125,85.53948832035594,899.0,596.0,14.0,20.675,1993.0,112.0,0.2,1.8,1.0,0.0,0.0,0.0,0.0,0.0,0.0,0.0,36.0,20.0,8.0,0.0,0.0,0.0,0.04014049172102358,0.0,0.0,0.0,0.0,0.0,0.0,0.0,0.0,0.0,0.0,0.8875,2.725
t4,2048,128,1,0,elementwise_kernel,19835136.0,17906336.0,589710.5,149024.0,85655.975,655360.0,123593.3125,50.2570063356372,1055616.0,529268.0,525036.0,85655.975,87157.8,5701632.0,14745.6,101580.8,78643.2,0.0,0.0,0.0,0.0,0.0,0.0,0.0,2031616.0,1572864.0,589824.0,0.0,0.0,0.0,40.979264047509226,0.0,2202.0,79.0,0.0,105.0,49.0,384167.98125,14773.01875,85.2,22137.275,9335.50625,82526.0625
t4,2048,128,1,0,vectorized_elementwise_kernel,18451360.0,8375872.0,419175.5,96576.0,54268.475,524288.0,79434.25,33.47330708931129,788243.0,525158.0,262157.0,54268.475,56470.6,491520.0,2048.0,4915.2,6553.6,0.0,0.0,0.0,0.0,0.0,0.0,0.0,98304.0,131072.0,81920.0,0.0,11.60533091555606,131072.0,5.477119952683344,0.0,959.0,1.0,0.0,0.0,9.0,340222.475,178.39375,1170.54375,459.91875,4108.70625,13131.375
t4,2048,128,1,0,volta_sgemm_128x64_nn,36061056.0,2235808.0,598388.5,486336.0,245836.125,1972199.0,383666.59375,82.64286057452638,1935751.0,1831793.0,99697.0,245836.125,284483.0,20036602.0,49462.35,48799.9,847750.4,0.0,0.0,0.0,0.0,541589504.0,786432.0,0.0,975998.0,16955008.0,1978494.0,0.0,0.0,0.0,44.025168024099855,6.0,923.0,1668.0,9.0,1704.0,42.0,31998.3125,103801.98125,10244.04375,104456.36875,2448.6625,103531.66875
t4,2048,128,1,0,vectorized_elementwise_kernel,1189184.0,104608.0,20215.5,8544.0,3498.2,32768.0,4513.25,35.372335209555,50989.0,33598.0,16463.0,3498.2,4950.6,30720.0,128.0,307.2,409.6,0.0,0.0,0.0,0.0,0.0,0.0,0.0,6144.0,8192.0,5120.0,0.0,8.273744596614552,8192.0,4.256049771744839,0.0,111.0,0.0,0.0,0.0,1.0,10217.15,78.6625,67.91875,98.75,297.18125,899.3625
t4,2048,128,2,0,unrolled_elementwise_kernel,799456.0,239808.0,16238.5,15264.0,7184.6,16384.0,8468.34375,68.50480456614406,55364.0,21622.0,32816.0,7184.6,8895.4,407552.0,563.2,6758.4,3686.4,0.0,412.125,2.525,0.0,0.0,0.0,262144.0,135168.0,73728.0,22528.0,0.0,0.0,0.0,29.08378206713583,0.0,137.0,2.0,0.0,5.0,2.0,16233.3375,704.2,236.675,2342.99375,958.125,9418.05625
t4,2048,128,2,0,unrolled_elementwise_kernel,795296.0,235456.0,16105.5,15648.0,7578.95,16384.0,8263.125,69.06964976325587,55334.0,21624.0,32788.0,7578.95,9117.6,407552.0,563.2,6758.4,3686.4,0.0,411.725,2.125,0.0,0.0,0.0,262144.0,135168.0,73728.0,22528.0,0.0,0.0,0.0,28.374860160568566,0.0,83.0,11.0,0.0,22.0,5.0,16322.18125,732.5375,245.78125,2267.54375,975.46875,9417.85625
t4,2048,128,2,0,unrolled_elementwise_kernel,808224.0,240416.0,16385.0,15360.0,7456.5,16384.0,8290.96875,68.12193324586157,55637.0,21632.0,33077.0,7456.5,8950.0,407552.0,563.2,6758.4,3686.4,0.0,411.875,2.275,0.0,0.0,0.0,262144.0,135168.0,73728.0,22528.0,0.0,0.0,0.0,28.90628491620112,0.0,92.0,2.0,0.0,11.0,10.0,16357.85625,698.48125,229.91875,2205.4875,954.8,9415.11875
t4,2048,128,2,0,vectorized_elementwise_kernel,1188224.0,247552.0,22434.0,8896.0,3578.825,32768.0,5073.8125,51.029442348257525,67318.0,33576.0,32814.0,3578.825,5157.6,25600.0,128.0,204.8,665.6,0.0,0.0,0.0,0.0,0.0,262144.0,0.0,4096.0,13312.0,5120.0,0.0,0.0,0.0,3.4672134326043116,0.0,98.0,0.0,0.0,0.0,6.0,9990.5625,48.9375,25.175,68.0125,284.7375,601.53125
t4,2048,128,2,0,vectorized_elementwise_kernel,1187008.0,275104.0,22845.5,9280.0,3769.125,32768.0,5305.9375,51.004965361401,67266.0,33566.0,32788.0,3769.125,5382.4,25600.0,128.0,204.8,665.6,0.0,0.0,0.0,0.0,0.0,262144.0,0.0,4096.0,13312.0,5120.0,0.0,0.0,0.0,3.320544738406659,0.0,99.0,0.0,0.0,0.0,2.0,10080.35625,48.7125,23.79375,69.7125,284.4,602.45
t4,2048,128,2,0,volta_sgemm_128x64_tn,4400128.0,19396960.0,371829.5,466656.0,266337.55,1532054.0,363069.3125,98.10497422694002,2086093.0,1558371.0,525834.0,266337.55,272970.4,21618688.0,56268.8,109875.2,846438.4,0.0,0.0,0.0,0.0,536870912.0,4194304.0,0.0,2197504.0,16928768.0,2250752.0,0.0,0.0,0.0,49.51108709955364,61.0,610.0,1863.0,0.0,2051.0,112.0,52618.99375,183369.75,171075.325,197313.89375,11345.38125,124798.3875
t4,2048,128,2,0,softmax_warp_forward,20027360.0,18512416.0,602184.0,183968.0,89219.15,524288.0,128983.6875,50.21075149284277,1057881.0,531576.0,524993.0,89219.15,107578.8,4945417.0,10393.6,61230.5,86124.5,0.0,0.0,0.0,12914495.0,37783801.0,4194304.0,0.0,1224610.0,1722490.0,415744.0,0.0,18.28524765102418,393421.0,28.759250196135298,377.0,286.0,27.0,0.0,82.0,248.0,78211.35625,8766.46875,30551.75625,23178.625,55488.31875,61802.275
t4,2048,128,2,0,vectorized_elementwise_kernel,18072544.0,4857792.0,358286.5,81600.0,45927.975,524288.0,66627.6875,20.23961133908778,657231.0,525178.0,131125.0,45927.975,47703.6,655360.0,2048.0,20480.0,5734.4,0.0,0.0,0.0,0.0,0.0,0.0,0.0,409600.0,114688.0,81920.0,0.0,0.0,0.0,8.630166276758986,0.0,805.0,0.0,0.0,0.0,8.0,288071.125,456.53125,82.225,595.875,3224.0125,8235.975
t4,2048,128,2,0,reduce_kernel,6285344.0,882912.0,112004.0,42368.0,22423.35,131072.0,26904.125,4.771566299733794,138990.0,137486.0,576.0,22423.35,24761.6,1128448.0,1280.0,41472.0,5120.0,0.0,0.0,0.0,0.0,0.0,0.0,0.0,829440.0,102400.0,51200.0,0.0,0.0,0.0,29.01841964978031,0.0,491.0,42.0,0.0,59.0,10.0,64176.34375,9947.38125,311.3125,10737.08125,2231.45625,12917.8
t4,2048,128,2,0,vectorized_elementwise_kernel,5088.0,0.0,79.5,3488.0,21.05,0.0,155.78125,81.44220572640509,943.0,588.0,66.0,21.05,2005.8,112.0,0.2,1.8,1.0,0.0,0.0,0.0,0.0,0.0,0.0,0.0,36.0,20.0,8.0,0.0,0.0,0.0,0.03988433542726095,0.0,0.0,0.0,0.0,0.0,0.0,0.0,0.0,0.0,0.0,0.8875,2.725
t4,2048,128,2,0,elementwise_kernel,19871936.0,17868704.0,589697.5,149216.0,85766.625,655360.0,123535.15625,50.26580404658603,1055853.0,529272.0,524981.0,85766.625,87277.6,5701632.0,14745.6,101580.8,78643.2,0.0,0.0,0.0,0.0,0.0,0.0,0.0,2031616.0,1572864.0,589824.0,0.0,0.0,0.0,40.919362471012036,2.0,2298.0,67.0,0.0,106.0,40.0,383172.46875,13828.6125,78.825,21980.36875,9288.33125,82493.56875
t4,2048,128,2,0,vectorized_elementwise_kernel,18399840.0,8368064.0,418248.5,96672.0,54293.4,524288.0,79242.78125,33.46343827140135,788338.0,525180.0,262230.0,54293.4,56526.6,491520.0,2048.0,4915.2,6553.6,0.0,0.0,0.0,0.0,0.0,0.0,0.0,98304.0,131072.0,81920.0,0.0,11.59383369953261,131072.0,5.471008339436654,1.0,1889.0,0.0,0.0,3.0,33.0,339420.69375,175.45625,1075.60625,441.78125,4181.71875,13132.55
t4,2048,128,2,0,volta_sgemm_128x64_nn,36101728.0,2323872.0,600400.0,486464.0,245766.725,1972895.0,382046.28125,82.52788391987275,1936869.0,1832683.0,99893.0,245766.725,284553.2,20037022.0,49465.85,48806.9,847750.4,0.0,0.0,0.0,0.0,541589504.0,786432.0,0.0,976138.0,16955008.0,1978634.0,0.0,0.0,0.0,44.014979009197575,2.0,934.0,1678.0,16.0,1700.0,48.0,32060.49375,103656.00625,10411.10625,104359.58125,2451.45625,103559.16875
t4,2048,128,2,0,vectorized_elementwise_kernel,1188352.0,104160.0,20195.5,8640.0,3513.375,32768.0,4587.34375,35.384101798758934,50924.0,33596.0,16400.0,3513.375,5013.6,30720.0,128.0,307.2,409.6,0.0,0.0,0.0,0.0,0.0,0.0,0.0,6144.0,8192.0,5120.0,0.0,8.16977820328706,8192.0,4.2018210467528325,0.0,95.0,0.0,0.0,0.0,1.0,9814.5625,77.99375,69.26875,98.525,296.8875,900.03125
t4,2048,128,0,0,fmha_cutlassF_f16_aligned_32x128_rf_sm75,1968832.0,113664.0,32539.0,410336.0,194695.725,2316674.0,200445.875,97.06076047788838,2008921.0,1989895.0,17426.0,194695.725,240015.6,7344499.0,21902.15,129611.9,75820.4,409.6,211889.175,211889.175,9607720.0,65536.0,12597830.0,0.0,2592238.0,1516408.0,876086.0,1048576.0,5.689401022266886,273109.0,19.14376346787459,36.0,1470.0,225.0,0.0,131.0,1093.0,56291.65,11846.3125,16554.69375,5882.5,47830.36875,76210.3625
t4,2048,128,1,0,fmha_cutlassF_f16_aligned_32x128_rf_sm75,1966784.0,98272.0,32266.5,400608.0,193942.125,2318568.0,200590.78125,100.22831801783545,1944218.0,1924384.0,17946.0,193942.125,234310.0,7344499.0,21902.15,129611.9,75820.4,409.6,211894.725,211894.725,9607720.0,65536.0,12597830.0,0.0,2592238.0,1516408.0,876086.0,1048576.0,5.827941615808118,273109.0,19.609953160343135,27.0,1594.0,224.0,0.0,123.0,1061.0,57883.2125,12225.31875,17930.75,5854.05,49900.19375,76209.3875
t4,2048,128,2,0,fmha_cutlassF_f16_aligned_32x128_rf_sm75,1997280.0,109056.0,32911.5,410080.0,194269.375,2318284.0,200603.0,96.5648997978145,1948211.0,1928241.0,17794.0,194269.375,239855.6,7344499.0,21902.15,129611.9,75820.4,409.6,211761.55,211761.55,9607720.0,65536.0,12597830.0,0.0,2592238.0,1516408.0,876086.0,1048576.0,5.693196239737575,273109.0,19.156499785704398,31.0,1435.0,265.0,0.0,105.0,1107.0,57013.71875,12166.93125,17842.025,5870.1,49896.1125,76172.7875
t4,4096,64,0,0,unrolled_elementwise_kernel,799776.0,232320.0,16126.5,15328.0,7413.825,16384.0,8216.71875,68.2011076746026,55612.0,21620.0,33066.0,7413.825,8916.2,407552.0,563.2,6758.4,3686.4,0.0,411.9,2.3,0.0,0.0,0.0,262144.0,135168.0,73728.0,22528.0,0.0,0.0,0.0,29.015934478813843,1.0,136.0,0.0,0.0,3.0,2.0,16470.90625,734.18125,255.25625,2361.4875,937.65,9419.7625
t4,4096,64,0,0,unrolled_elementwise_kernel,790112.0,258912.0,16391.0,15424.0,7484.65,16384.0,8428.71875,68.49757965464923,55364.0,21622.0,32816.0,7484.65,8981.4,407552.0,563.2,6758.4,3686.4,0.0,411.75,2.15,0.0,0.0,0.0,262144.0,135168.0,73728.0,22528.0,0.0,0.0,0.0,28.80529483154074,0.0,79.0,5.0,0.0,14.0,4.0,16467.93125,720.6125,246.0375,2275.8625,975.125,9417.04375
t4,4096,64,0,0,unrolled_elementwise_kernel,795104.0,259520.0,16478.5,15296.0,7427.775,16384.0,8230.90625,68.53900093978169,55332.0,21620.0,32788.0,7427.775,8896.4,407552.0,563.2,6758.4,3686.4,0.0,411.375,1.775,0.0,0.0,0.0,262144.0,135168.0,73728.0,22528.0,0.0,0.0,0.0,29.08037239782384,2.0,131.0,2.0,0.0,3.0,2.0,16404.5625,695.375,228.59375,2340.35,955.8625,9419.6375
t4,4096,64,0,0,vectorized_elementwise_kernel,1189888.0,251008.0,22514.0,8896.0,3617.575,32768.0,5098.03125,51.09112531589118,67270.0,33558.0,32784.0,3617.575,5155.2,25600.0,128.0,204.8,665.6,0.0,0.0,0.0,0.0,0.0,262144.0,0.0,4096.0,13312.0,5120.0,0.0,0.0,0.0,3.46955501241465,0.0,97.0,0.0,0.0,0.0,0.0,9917.98125,49.3875,19.09375,68.78125,282.075,601.6875
t4,4096,64,0,0,vectorized_elementwise_kernel,1185600.0,256128.0,22527.0,9056.0,3679.525,32768.0,5190.25,51.059400788045494,67255.0,33560.0,32783.0,3679.525,5250.8,25600.0,128.0,204.8,665.6,0.0,0.0,0.0,0.0,0.0,262144.0,0.0,4096.0,13312.0,5120.0,0.0,0.0,0.0,3.4070998704959243,0.0,85.0,1.0,0.0,2.0,3.0,9932.74375,49.43125,23.4375,69.45625,281.7875,602.425
t4,4096,64,0,0,volta_sgemm_128x128_tn,3575232.0,79086400.0,1291588.0,981344.0,561529.675,2029511.0,698236.46875,99.09189109842144,4196413.0,2093592.0,2100069.0,561529.675,574055.0,45432832.0,118579.2,285491.2,1707622.4,0.0,0.0,0.0,0.0,1073741824.0,16777216.0,0.0,5709824.0,34152448.0,4743168.0,0.0,0.0,0.0,49.471380137791684,581.0,1083.0,4128.0,0.0,4435.0,169.0,100511.1875,414096.1125,365378.28125,447301.35625,18199.5875,302836.275
t4,4096,64,0,0,cunn_SoftMaxForwardReg,77128320.0,75233408.0,2380652.0,906496.0,510617.45,2097152.0,701162.3125,50.05780888620118,4203506.0,2100985.0,2099769.0,510617.45,530309.4,38730434.0,89497.6,456362.5,768855.8,0.0,0.0,0.0,88756517.0,235048651.0,16777216.0,0.0,9127250.0,15377116.0,3579904.0,0.0,19.784950068771174,2098429.0,45.65207476050773,391.0,2131.0,2525.0,0.0,3666.0,1975.0,451369.91875,501287.88125,172019.00625,729853.88125,395934.40625,489757.18125
t4,4096,64,0,0,vectorized_elementwise_kernel,72062816.0,18900896.0,1421308.0,312416.0,180880.8,2097152.0,263867.6875,20.05521875974275,2623746.0,2098178.0,524640.0,180880.8,182741.0,2621440.0,8192.0,81920.0,22937.6,0.0,0.0,0.0,0.0,0.0,0.0,0.0,1638400.0,458752.0,327680.0,0.0,0.0,0.0,8.977042645055022,3.0,6443.0,14.0,0.0,15.0,64.0,1238852.3125,2162.83125,77.7875,2847.5125,12691.25,32838.11875
t4,4096,64,0,0,reduce_kernel,25040224.0,1402944.0,413174.5,125408.0,64976.625,524288.0,99020.84375,1.4035087719298245,533520.0,530952.0,1352.0,64976.625,73322.2,3698688.0,4198.4,145203.2,13516.8,0.0,0.0,0.0,0.0,0.0,0.0,0.0,2904064.0,270336.0,167936.0,0.0,0.0,0.0,31.70828548516002,0.0,1574.0,219.0,0.0,221.0,18.0,266581.53125,38903.91875,316.8375,40661.39375,4517.73125,38744.65625
t4,4096,64,0,0,vectorized_elementwise_kernel,5088.0,736.0,91.0,3488.0,20.825,0.0,153.53125,91.26539753639418,893.0,588.0,16.0,20.825,1999.2,112.0,0.2,1.8,1.0,0.0,0.0,0.0,0.0,0.0,0.0,0.0,36.0,20.0,8.0,0.0,0.0,0.0,0.040016006402561026,0.0,0.0,0.0,0.0,0.0,0.0,0.0,0.0,0.0,0.0,0.8875,2.725
t4,4096,64,0,0,elementwise_kernel,79123840.0,74556512.0,2401255.5,583424.0,339719.1,2621440.0,494748.25,50.113330112764295,4206296.0,2105818.0,2098590.0,339719.1,341292.4,22806528.0,58982.4,406323.2,314572.8,0.0,0.0,0.0,0.0,0.0,0.0,0.0,8126464.0,6291456.0,2359296.0,0.0,0.0,0.0,41.788688746072275,5.0,9106.0,276.0,0.0,418.0,197.0,1578977.96875,55588.775,206.93125,85748.56875,37213.8,329702.85625
t4,4096,64,0,0,vectorized_elementwise_kernel,73540544.0,36759328.0,1723435.5,392256.0,226431.675,2097152.0,329677.125,33.374754482042455,3148955.0,2098296.0,1049347.0,226431.675,229447.2,1966080.0,8192.0,19660.8,26214.4,0.0,0.0,0.0,0.0,0.0,0.0,0.0,393216.0,524288.0,327680.0,0.0,11.42502501664871,524288.0,5.364485816344676,86.0,7887.0,2.0,0.0,9.0,123.0,1519278.3875,418.88125,7688.33125,2105.1875,23025.41875,52782.69375
t4,4096,64,0,0,volta_sgemm_64x64_nn,155966720.0,9567488.0,2586472.0,938720.0,510565.65,5960969.0,758816.4375,75.82979836198,6187226.0,5833819.0,331197.0,510565.65,549113.4,42313567.0,116620.525,158943.45,1709401.6,0.0,0.0,0.0,0.0,1090781184.0,2621440.0,0.0,3178869.0,34188032.0,4664821.0,0.0,0.0,0.0,48.165809193510846,56.0,1388.0,3810.0,28.0,4021.0,151.0,98669.9875,336658.23125,166589.7875,352644.91875,12546.875,218826.9
t4,4096,64,0,0,vectorized_elementwise_kernel,1190336.0,95936.0,20098.0,8672.0,3569.5,32768.0,4660.21875,35.37030495702343,50958.0,33600.0,16430.0,3569.5,5016.2,30720.0,128.0,307.2,409.6,0.0,0.0,0.0,0.0,0.0,0.0,0.0,6144.0,8192.0,5120.0,0.0,8.165543638610902,8192.0,4.199144770942147,0.0,77.0,0.0,0.0,0.0,2.0,10285.625,79.4875,74.925,99.74375,298.03125,899.85625
t4,4096,64,1,0,unrolled_elementwise_kernel,800992.0,229248.0,16097.5,15072.0,7088.175,16384.0,8580.9375,68.50265640247208,55338.0,21620.0,32790.0,7088.175,8771.2,407552.0,563.2,6758.4,3686.4,0.0,411.95,2.35,0.0,0.0,0.0,262144.0,135168.0,73728.0,22528.0,0.0,0.0,0.0,29.49553652863918,0.0,85.0,7.0,0.0,8.0,0.0,16365.9,756.83125,289.41875,2459.75,978.8,9419.99375
t4,4096,64,1,0,unrolled_elementwise_kernel,792640.0,258944.0,16431.0,15520.0,7534.65,16384.0,8273.25,68.59466787166743,55325.0,21606.0,32791.0,7534.65,9025.2,407552.0,563.2,6758.4,3686.4,0.0,411.575,1.975,0.0,0.0,0.0,262144.0,135168.0,73728.0,22528.0,0.0,0.0,0.0,28.665084984266276,0.0,95.0,4.0,0.0,18.0,8.0,16646.06875,731.3375,246.44375,2290.21875,958.96875,9418.09375
t4,4096,64,1,0,unrolled_elementwise_kernel,801632.0,218272.0,15936.0,15360.0,7292.85,16384.0,8288.125,68.70248216115175,55637.0,21632.0,33077.0,7292.85,8960.8,407552.0,563.2,6758.4,3686.4,0.0,412.0,2.4,0.0,0.0,0.0,262144.0,135168.0,73728.0,22528.0,0.0,0.0,0.0,28.858472457816266,0.0,127.0,3.0,0.0,8.0,7.0,16595.94375,699.2125,232.25625,2216.95625,956.80625,9416.9875
t4,4096,64,1,0,vectorized_elementwise_kernel,1191552.0,229664.0,22206.5,8992.0,3671.1,32768.0,5142.03125,51.042935670777,67310.0,33560.0,32822.0,3671.1,5205.0,25600.0,128.0,204.8,665.6,0.0,0.0,0.0,0.0,0.0,262144.0,0.0,4096.0,13312.0,5120.0,0.0,0.0,0.0,3.4365994236311237,0.0,102.0,0.0,0.0,0.0,0.0,10002.29375,51.0375,17.46875,68.69375,283.80625,601.475
t4,4096,64,1,0,vectorized_elementwise_kernel,1180800.0,226432.0,21988.0,8896.0,3524.35,32768.0,4986.03125,51.05421238885419,67254.0,33558.0,32784.0,3524.35,5143.8,25600.0,128.0,204.8,665.6,0.0,0.0,0.0,0.0,0.0,262144.0,0.0,4096.0,13312.0,5120.0,0.0,0.0,0.0,3.476272405614526,0.0,97.0,0.0,0.0,0.0,1.0,9922.56875,50.4125,21.1125,69.71875,281.8625,602.46875
t4,4096,64,1,0,volta_sgemm_128x128_tn,3611616.0,78941920.0,1289899.0,979872.0,561091.225,2029647.0,685680.21875,99.1138477053381,4196457.0,2093603.0,2100102.0,561091.225,573211.0,45432832.0,118579.2,285491.2,1707622.4,0.0,0.0,0.0,0.0,1073741824.0,16777216.0,0.0,5709824.0,34152448.0,4743168.0,0.0,0.0,0.0,49.54422106344784,563.0,1102.0,3971.0,0.0,4468.0,179.0,101491.30625,412929.03125,369744.61875,447514.85,18493.81875,302840.60625
t4,4096,64,1,0,cunn_SoftMaxForwardReg,76839296.0,75159328.0,2374978.5,907488.0,510507.5,2097152.0,689122.25,50.05303278803559,4204003.0,2101149.0,2100102.0,510507.5,530873.4,38730434.0,89497.6,456362.5,768855.8,0.0,0.0,0.0,88756517.0,235048651.0,16777216.0,0.0,9127250.0,15377116.0,3579904.0,0.0,19.763930534097206,2098429.0,45.6035739876965,399.0,2130.0,2463.0,0.0,3663.0,1996.0,459237.0875,501250.925,172128.78125,729829.975,396822.1875,489760.66875
t4,4096,64,1,0,vectorized_elementwise_kernel,72084736.0,18918784.0,1421930.0,312576.0,180925.65,2097152.0,263777.1875,20.055493303452323,2623740.0,2098172.0,524640.0,180925.65,182841.8,2621440.0,8192.0,81920.0,22937.6,0.0,0.0,0.0,0.0,0.0,0.0,0.0,1638400.0,458752.0,327680.0,0.0,0.0,0.0,8.972025269932805,0.0,6426.0,14.0,0.0,18.0,85.0,1237650.4375,2117.4,74.55,2924.50625,12649.59375,32859.325
t4,4096,64,1,0,reduce_kernel,25032800.0,1416832.0,413275.5,125184.0,64582.15,524288.0,98571.46875,1.4084507042253522,533494.0,530938.0,1340.0,64582.15,73210.0,3698688.0,4198.4,145203.2,13516.8,0.0,0.0,0.0,0.0,0.0,0.0,0.0,2904064.0,270336.0,167936.0,0.0,0.0,0.0,31.756590629695395,0.0,1592.0,226.0,0.0,221.0,14.0,265939.10625,38664.98125,324.69375,41029.71875,4519.30625,38766.3
t4,4096,64,1,0,vectorized_elementwise_kernel,5216.0,160.0,84.0,3488.0,20.8,0.0,148.125,86.06911447084234,926.0,590.0,47.0,20.8,1995.6,112.0,0.2,1.8,1.0,0.0,0.0,0.0,0.0,0.0,0.0,0.0,36.0,20.0,8.0,0.0,0.0,0.0,0.04008819402685909,0.0,0.0,0.0,0.0,0.0,0.0,0.0,0.0,0.0,0.0,0.8875,2.725
t4,4096,64,1,0,elementwise_kernel,79130976.0,74587712.0,2401854.5,583328.0,339715.925,2621440.0,494740.75,50.09968646194607,4206188.0,2105966.0,2098334.0,339715.925,341239.2,22806528.0,58982.4,406323.2,314572.8,0.0,0.0,0.0,0.0,0.0,0.0,0.0,8126464.0,6291456.0,2359296.0,0.0,0.0,0.0,41.795231175081874,4.0,9090.0,280.0,0.0,476.0,183.0,1577463.68125,55775.65625,220.30625,85665.975,37160.775,329666.71875
t4,4096,64,1,0,vectorized_elementwise_kernel,73542272.0,36821024.0,1724426.5,391520.0,226542.925,2097152.0,329705.875,33.38155810587492,3148451.0,2098334.0,1049189.0,226542.925,229007.0,1966080.0,8192.0,19660.8,26214.4,0.0,0.0,0.0,0.0,0.0,0.0,0.0,393216.0,524288.0,327680.0,0.0,11.4469863366622,524288.0,5.374802953621504,43.0,3940.0,2.0,0.0,5.0,69.0,1518266.775,425.20625,7545.775,2156.73125,22314.375,52797.95625
t4,4096,64,1,0,volta_sgemm_64x64_nn,154680544.0,9582848.0,2566615.5,937824.0,512589.675,5957039.0,770760.09375,76.16199152609542,6182274.0,5831136.0,329818.0,512589.675,548601.2,42307465.0,116569.675,158841.75,1709401.6,0.0,0.0,0.0,0.0,1090781184.0,2621440.0,0.0,3176835.0,34188032.0,4662787.0,0.0,0.0,0.0,48.221147483818854,53.0,1272.0,3747.0,28.0,3993.0,163.0,104365.83125,339086.0625,168856.21875,342489.14375,12658.925,219025.29375
t4,4096,64,1,0,vectorized_elementwise_kernel,1189184.0,79840.0,19828.5,8448.0,3383.175,32768.0,4431.96875,35.368726930024344,50932.0,33604.0,16400.0,3383.175,4886.2,30720.0,128.0,307.2,409.6,0.0,0.0,0.0,0.0,0.0,0.0,0.0,6144.0,8192.0,5120.0,0.0,8.382792353976507,8192.0,4.3106094715730014,0.0,84.0,0.0,0.0,0.0,0.0,9797.84375,78.4625,78.53125,100.25,299.69375,900.35625
t4,4096,64,2,0,unrolled_elementwise_kernel,802144.0,239232.0,16271.5,15392.0,7295.825,16384.0,8321.40625,68.13524590163934,55632.0,21642.0,33062.0,7295.825,8949.4,407552.0,563.2,6758.4,3686.4,0.0,411.875,2.275,0.0,0.0,0.0,262144.0,135168.0,73728.0,22528.0,0.0,0.0,0.0,28.908292734708475,1.0,138.0,1.0,0.0,2.0,4.0,16436.09375,722.95,238.13125,2401.075,957.2625,9421.3625
t4,4096,64,2,0,unrolled_elementwise_kernel,788960.0,253760.0,16292.5,15552.0,7301.475,16384.0,8562.96875,68.41553369973965,55312.0,21604.0,32784.0,7301.475,9055.0,407552.0,563.2,6758.4,3686.4,0.0,411.725,2.125,0.0,0.0,0.0,262144.0,135168.0,73728.0,22528.0,0.0,0.0,0.0,28.561016013252345,0.0,119.0,5.0,0.0,6.0,1.0,16234.03125,716.95625,219.79375,2280.2875,967.575,9416.09375
t4,4096,64,2,0,unrolled_elementwise_kernel,801152.0,252320.0,16460.5,15296.0,7441.65,16384.0,8352.71875,68.52985249778837,55389.0,21618.0,32847.0,7441.65,8893.8,407552.0,563.2,6758.4,3686.4,0.0,411.55,1.95,0.0,0.0,0.0,262144.0,135168.0,73728.0,22528.0,0.0,0.0,0.0,29.088803436101557,2.0,90.0,6.0,0.0,13.0,2.0,16267.7875,700.01875,225.33125,2337.9625,955.4875,9418.19375
t4,4096,64,2,0,vectorized_elementwise_kernel,1188320.0,265408.0,22714.5,8928.0,3647.525,32768.0,5113.4375,51.131127560272304,67278.0,33562.0,32788.0,3647.525,5166.2,25600.0,128.0,204.8,665.6,0.0,0.0,0.0,0.0,0.0,262144.0,0.0,4096.0,13312.0,5120.0,0.0,0.0,0.0,3.4624095079555572,0.0,100.0,0.0,0.0,0.0,8.0,9972.15625,49.925,20.80625,68.35625,283.48125,602.10625
t4,4096,64,2,0,vectorized_elementwise_kernel,1187392.0,261888.0,22645.0,9248.0,3734.75,32768.0,5309.46875,51.05984759584676,67321.0,33562.0,32847.0,3734.75,5355.0,25600.0,128.0,204.8,665.6,0.0,0.0,0.0,0.0,0.0,262144.0,0.0,4096.0,13312.0,5120.0,0.0,0.0,0.0,3.3412698412698414,0.0,103.0,0.0,0.0,0.0,0.0,9903.06875,49.375,20.4125,69.79375,281.49375,602.7
t4,4096,64,2,0,volta_sgemm_128x128_tn,3638688.0,78983360.0,1290969.5,980192.0,561957.15,2028187.0,692786.75,99.0986791764459,4196397.0,2093543.0,2100102.0,561957.15,573403.4,45432832.0,118579.2,285491.2,1707622.4,0.0,0.0,0.0,0.0,1073741824.0,16777216.0,0.0,5709824.0,34152448.0,4743168.0,0.0,0.0,0.0,49.52759915619614,563.0,1048.0,4168.0,0.0,4348.0,175.0,101018.9,413651.98125,366226.6625,446771.725,18185.99375,302756.90625
t4,4096,64,2,0,cunn_SoftMaxForwardReg,77095648.0,75176352.0,2379250.0,906752.0,510726.975,2097152.0,694244.375,50.04536796092005,4204509.0,2101687.0,2100070.0,510726.975,530432.2,38730434.0,89497.6,456362.5,768855.8,0.0,0.0,0.0,88756517.0,235048651.0,16777216.0,0.0,9127250.0,15377116.0,3579904.0,0.0,19.78036966835724,2098429.0,45.64150587954502,339.0,2210.0,2524.0,0.0,3615.0,1889.0,450773.56875,501182.8125,172224.71875,730112.8375,396591.50625,489802.09375
t4,4096,64,2,0,vectorized_elementwise_kernel,72066656.0,18902880.0,1421399.0,313088.0,181114.225,2097152.0,263923.40625,20.05652990535662,2623744.0,2098176.0,524640.0,181114.225,183141.8,2621440.0,8192.0,81920.0,22937.6,0.0,0.0,0.0,0.0,0.0,0.0,0.0,1638400.0,458752.0,327680.0,0.0,0.0,0.0,8.957430799522555,0.0,3169.0,3.0,0.0,14.0,40.0,1238431.25,2239.75625,78.33125,2718.2125,12776.75625,32794.55625
t4,4096,64,2,0,reduce_kernel,25041024.0,1415424.0,413382.0,125216.0,64434.875,524288.0,98459.71875,1.429270148361502,533629.0,530958.0,1359.0,64434.875,73218.2,3698688.0,4198.4,145203.2,13516.8,0.0,0.0,0.0,0.0,0.0,0.0,0.0,2904064.0,270336.0,167936.0,0.0,0.0,0.0,31.752991401045094,0.0,1574.0,200.0,0.0,225.0,15.0,265862.6875,38989.1125,320.66875,40871.49375,4509.64375,38752.73125
t4,4096,64,2,0,vectorized_elementwise_kernel,5152.0,288.0,85.0,3488.0,21.125,0.0,154.65625,86.7170626349892,926.0,590.0,47.0,21.125,2007.6,112.0,0.2,1.8,1.0,0.0,0.0,0.0,0.0,0.0,0.0,0.0,36.0,20.0,8.0,0.0,0.0,0.0,0.039848575413428976,0.0,0.0,0.0,0.0,0.0,0.0,0.0,0.0,0.0,0.0,0.8875,2.725
t4,4096,64,2,0,elementwise_kernel,79108672.0,74572416.0,2401267.0,582784.0,339437.075,2621440.0,494416.90625,50.095333372005555,4206292.0,2105808.0,2098596.0,339437.075,340916.0,22806528.0,58982.4,406323.2,314572.8,0.0,0.0,0.0,0.0,0.0,0.0,0.0,8126464.0,6291456.0,2359296.0,0.0,0.0,0.0,41.8350708092316,3.0,9133.0,276.0,0.0,425.0,211.0,1576217.2,56010.1875,220.5625,86494.0625,37226.1625,329739.43125
t4,4096,64,2,0,vectorized_elementwise_kernel,73433344.0,36664352.0,1720276.5,390880.0,226004.05,2097152.0,328523.8125,33.379563362823376,3148747.0,2098630.0,1049189.0,226004.05,228649.8,1966080.0,8192.0,19660.8,26214.4,0.0,0.0,0.0,0.0,0.0,0.0,0.0,393216.0,524288.0,327680.0,0.0,11.464868983047438,524288.0,5.3830956773196394,38.0,3912.0,2.0,0.0,6.0,81.0,1508232.475,438.425,7787.64375,2076.225,23886.275,52705.425
t4,4096,64,2,0,volta_sgemm_64x64_nn,155799392.0,9591712.0,2584236.0,940992.0,513650.3,5960072.0,774733.21875,75.89854285460082,6192999.0,5839591.0,331270.0,513650.3,550445.0,42310726.0,116596.85,158896.1,1709401.6,0.0,0.0,0.0,0.0,1090781184.0,2621440.0,0.0,3177922.0,34188032.0,4663874.0,0.0,0.0,0.0,48.049314645423244,75.0,1395.0,3795.0,27.0,4067.0,147.0,98696.925,341226.2375,170954.3625,352815.0875,12648.29375,218787.75625
t4,4096,64,2,0,vectorized_elementwise_kernel,1187136.0,79200.0,19786.5,8512.0,3432.0,32768.0,4469.875,35.37658053875756,50932.0,33600.0,16404.0,3432.0,4933.2,30720.0,128.0,307.2,409.6,0.0,0.0,0.0,0.0,0.0,0.0,0.0,6144.0,8192.0,5120.0,0.0,8.302927106138004,8192.0,4.2705546095840425,0.0,90.0,0.0,0.0,0.0,0.0,10150.86875,78.28125,68.91875,98.65,299.1625,899.85
t4,4096,64,0,0,fmha_cutlassF_f16_aligned_64x64_rf_sm75,1820608.0,109248.0,30154.0,903008.0,440960.3,3142912.0,243637.15625,100.36237152959069,2283016.0,2260897.0,19367.0,440960.3,528218.8,21730962.0,50769.575,380783.5,277755.1,3276.8,426955.4,426955.4,38357841.0,131072.0,50377271.0,0.0,7615670.0,5555102.0,2030783.0,2097152.0,10.06944470738262,1063774.0,25.725667564274502,8.0,2134.0,562.0,0.0,424.0,2125.0,81927.13125,26564.21875,17390.20625,21220.15,88621.11875,225598.93125
t4,4096,64,1,0,fmha_cutlassF_f16_aligned_64x64_rf_sm75,1822336.0,96928.0,29988.5,901248.0,442882.375,3142646.0,240065.3125,98.59925474694359,2311698.0,2289579.0,19367.0,442882.375,527186.2,21730962.0,50769.575,380783.5,277755.1,3276.8,426954.6,426954.6,38357841.0,131072.0,50377271.0,0.0,7615670.0,5555102.0,2030783.0,2097152.0,10.089167736181258,1063774.0,25.776056448366823,13.0,1825.0,541.0,0.0,426.0,2164.0,81954.525,25222.18125,17300.45,21324.18125,87672.09375,225543.46875
t4,4096,64,2,0,fmha_cutlassF_f16_aligned_64x64_rf_sm75,1825344.0,110016.0,30240.0,902624.0,440617.925,3143206.0,244314.46875,99.56382163260665,2303874.0,2281975.0,19147.0,440617.925,528007.0,21730962.0,50769.575,380783.5,277755.1,3276.8,427221.975,427221.975,38357841.0,131072.0,50377271.0,0.0,7615670.0,5555102.0,2030783.0,2097152.0,10.073483874266818,1063774.0,25.7359869282036,10.0,1900.0,526.0,0.0,396.0,2080.0,81738.11875,25654.0,17229.0,21166.5125,88249.0,225610.775
t4,4096,128,0,0,unrolled_elementwise_kernel,1557184.0,1387936.0,46017.5,26080.0,12808.425,32768.0,16863.75,67.6989160902716,104529.0,38042.0,65559.0,12808.425,15225.0,815104.0,1126.4,13516.8,7372.8,0.0,823.225,4.025,0.0,0.0,0.0,524288.0,270336.0,147456.0,45056.0,0.0,0.0,0.0,33.714039408866995,0.0,174.0,5.0,0.0,22.0,10.0,32711.1125,1409.33125,325.85,4662.7,1730.36875,18758.1625
t4,4096,128,0,0,unrolled_elementwise_kernel,1535008.0,1429664.0,46323.0,25984.0,12954.45,32768.0,16931.125,67.87570707842838,104656.0,38068.0,65660.0,12954.45,15191.0,815104.0,1126.4,13516.8,7372.8,0.0,823.5,4.3,0.0,0.0,0.0,524288.0,270336.0,147456.0,45056.0,0.0,0.0,0.0,33.798507339872295,0.0,202.0,7.0,0.0,24.0,11.0,32617.16875,1403.86875,338.8875,4656.79375,1722.2,18760.54375
t4,4096,128,0,0,unrolled_elementwise_kernel,1566912.0,1462400.0,47333.0,25792.0,13069.05,32768.0,16916.59375,67.61653826693778,104751.0,38060.0,65763.0,13069.05,15050.2,815104.0,1126.4,13516.8,7372.8,0.0,822.7,3.5,0.0,0.0,0.0,524288.0,270336.0,147456.0,45056.0,0.0,0.0,0.0,34.10444711698183,0.0,172.0,7.0,0.0,25.0,15.0,32658.3875,1360.425,310.8125,4914.65625,1718.13125,18760.86875
t4,4096,128,0,0,vectorized_elementwise_kernel,2343232.0,1217920.0,55643.0,15232.0,6923.0,65536.0,10551.78125,50.55639210962205,132820.0,66340.0,65552.0,6923.0,8864.4,51200.0,256.0,409.6,1331.2,0.0,0.0,0.0,0.0,0.0,524288.0,0.0,8192.0,26624.0,10240.0,0.0,0.0,0.0,3.8468480664229956,0.0,198.0,0.0,0.0,0.0,0.0,23588.76875,92.525,106.29375,133.41875,545.7875,1115.8125
t4,4096,128,0,0,vectorized_elementwise_kernel,2334528.0,1240448.0,55859.0,14848.0,6901.025,65536.0,10518.75,50.57673774244067,132816.0,66338.0,65550.0,6901.025,8643.4,51200.0,256.0,409.6,1331.2,0.0,0.0,0.0,0.0,0.0,524288.0,0.0,8192.0,26624.0,10240.0,0.0,0.0,0.0,3.9405789388435113,0.0,196.0,0.0,0.0,0.0,1.0,23640.78125,93.51875,114.975,131.16875,558.6375,1116.26875
t4,4096,128,0,0,volta_sgemm_128x128_tn,15164544.0,79344384.0,1476702.0,1720160.0,988043.775,4012581.0,1271313.90625,97.73379047222303,6298888.0,4194227.0,2101333.0,988043.775,1006266.6,83902464.0,197222.4,367411.2,3385344.0,0.0,0.0,0.0,0.0,2147483648.0,16777216.0,0.0,7348224.0,67706880.0,7888896.0,0.0,0.0,0.0,52.116227200624564,516.0,1138.0,9774.0,0.0,9923.0,176.0,114584.90625,977212.40625,384268.3375,1007465.45,19296.0125,497842.61875
t4,4096,128,0,0,cunn_SoftMaxForwardReg,77093184.0,75232128.0,2380083.0,906176.0,510478.65,2097152.0,694563.53125,50.05072553572232,4203997.0,2101143.0,2100102.0,510478.65,530099.2,38734767.0,89497.6,456460.2,768921.2,0.0,0.0,0.0,88760534.0,235081070.0,16777216.0,0.0,9129204.0,15378424.0,3579904.0,0.0,19.793634851740958,2098518.0,45.67528351297267,360.0,2251.0,2422.0,0.0,3563.0,2105.0,457038.0375,501172.70625,172233.9125,730071.50625,396306.35625,489827.6875
t4,4096,128,0,0,vectorized_elementwise_kernel,72049504.0,18924768.0,1421473.0,312256.0,180793.75,2097152.0,263580.34375,20.052735155042424,2624056.0,2098146.0,524694.0,180793.75,182639.8,2621440.0,8192.0,81920.0,22937.6,0.0,0.0,0.0,0.0,0.0,0.0,0.0,1638400.0,458752.0,327680.0,0.0,0.0,0.0,8.981777246799439,2.0,6419.0,11.0,0.0,14.0,82.0,1239554.34375,2177.85625,76.34375,2516.51875,12723.75625,32776.84375
t4,4096,128,0,0,reduce_kernel,25035392.0,1416544.0,413311.5,124800.0,64346.275,524288.0,98261.625,1.3999745186650778,533724.0,530956.0,1456.0,64346.275,72971.6,3698688.0,4198.4,145203.2,13516.8,0.0,0.0,0.0,0.0,0.0,0.0,0.0,2904064.0,270336.0,167936.0,0.0,0.0,0.0,31.860468661780743,0.0,1574.0,200.0,0.0,228.0,13.0,265117.81875,38759.01875,314.5375,40768.225,4506.70625,38760.20625
t4,4096,128,0,0,vectorized_elementwise_kernel,5152.0,480.0,88.0,3488.0,20.775,0.0,157.4375,85.27131782945736,903.0,600.0,14.0,20.775,2009.0,112.0,0.2,1.8,1.0,0.0,0.0,0.0,0.0,0.0,0.0,0.0,36.0,20.0,8.0,0.0,0.0,0.0,0.03982080637132902,0.0,0.0,0.0,0.0,0.0,0.0,0.0,0.0,0.0,0.0,0.8875,2.725
t4,4096,128,0,0,elementwise_kernel,79101696.0,74536352.0,2400594.5,583104.0,339542.8,2621440.0,494650.25,50.07888399703002,4207444.0,2106894.0,2098662.0,339542.8,341081.4,22806528.0,58982.4,406323.2,314572.8,0.0,0.0,0.0,0.0,0.0,0.0,0.0,8126464.0,6291456.0,2359296.0,0.0,0.0,0.0,41.814758148641346,2.0,9055.0,276.0,0.0,416.0,206.0,1581736.325,56640.7875,213.46875,85002.09375,37215.275,329616.7625
t4,4096,128,0,0,vectorized_elementwise_kernel,73549024.0,36684832.0,1722404.0,392608.0,227191.975,2097152.0,329440.75,33.382214358062555,3148461.0,2098344.0,1049189.0,227191.975,229635.8,1966080.0,8192.0,19660.8,26214.4,0.0,0.0,0.0,0.0,0.0,0.0,0.0,393216.0,524288.0,327680.0,0.0,11.415641637758574,524288.0,5.360020083976453,29.0,3903.0,1.0,0.0,3.0,62.0,1511719.5125,431.05,7751.7625,2148.475,24311.8375,52784.63125
t4,4096,128,0,0,volta_sgemm_128x64_nn,168951200.0,26084064.0,3047426.0,1594400.0,909350.55,8585054.0,1345083.1875,78.70236070553152,8861461.0,8113261.0,724550.0,909350.55,932699.8,81421458.0,205635.35,231097.9,3400972.8,0.0,0.0,0.0,0.0,2169503744.0,5767168.0,0.0,4621958.0,68019456.0,8225414.0,0.0,0.0,0.0,54.56362071161589,60.0,570.0,9556.0,12.0,9513.0,238.0,58067.55,943852.2375,184027.26875,961580.09375,21094.43125,432224.88125
t4,4096,128,0,0,vectorized_elementwise_kernel,2332928.0,255104.0,40438.0,12896.0,5945.425,65536.0,8244.125,34.40423301552438,100165.0,66390.0,32847.0,5945.425,7492.6,61440.0,256.0,614.4,819.2,0.0,0.0,0.0,0.0,0.0,0.0,0.0,12288.0,16384.0,10240.0,0.0,10.933454341617061,16384.0,5.398159517390491,0.0,161.0,0.0,0.0,0.0,2.0,22499.73125,142.025,145.29375,183.425,569.14375,1731.0
t4,4096,128,1,0,unrolled_elementwise_kernel,1551648.0,1370848.0,45664.0,25728.0,12878.575,32768.0,16753.5,67.84595400015282,104696.0,38016.0,65752.0,12878.575,15012.2,815104.0,1126.4,13516.8,7372.8,0.0,822.975,3.775,0.0,0.0,0.0,524288.0,270336.0,147456.0,45056.0,0.0,0.0,0.0,34.192148719041846,0.0,151.0,7.0,0.0,23.0,17.0,32719.31875,1448.15625,346.7625,4937.075,1696.1125,18758.025
t4,4096,128,1,0,unrolled_elementwise_kernel,1512576.0,1437792.0,46099.5,26368.0,12914.875,32768.0,16781.8125,67.67235194520705,104539.0,38052.0,65559.0,12914.875,15390.8,815104.0,1126.4,13516.8,7372.8,0.0,823.525,4.325,0.0,0.0,0.0,524288.0,270336.0,147456.0,45056.0,0.0,0.0,0.0,33.35978311718689,1.0,209.0,5.0,0.0,15.0,13.0,32609.01875,1386.4,319.8,4651.39375,1713.2375,18762.46875
t4,4096,128,1,0,unrolled_elementwise_kernel,1572512.0,1457984.0,47351.5,25824.0,12949.725,32768.0,16899.71875,67.65206579954094,104560.0,38040.0,65592.0,12949.725,15060.4,815104.0,1126.4,13516.8,7372.8,0.0,823.275,4.075,0.0,0.0,0.0,524288.0,270336.0,147456.0,45056.0,0.0,0.0,0.0,34.08209609306525,0.0,183.0,6.0,0.0,29.0,10.0,32578.8625,1402.65,338.85625,4827.175,1697.59375,18761.31875
t4,4096,128,1,0,vectorized_elementwise_kernel,2345472.0,1242752.0,56066.0,14976.0,6887.225,65536.0,10573.8125,50.529960855164106,132840.0,66356.0,65556.0,6887.225,8727.4,51200.0,256.0,409.6,1331.2,0.0,0.0,0.0,0.0,0.0,524288.0,0.0,8192.0,26624.0,10240.0,0.0,0.0,0.0,3.904943052913812,0.0,193.0,0.0,0.0,0.0,0.0,23070.36875,93.3875,111.375,132.3125,552.11875,1113.95625
t4,4096,128,1,0,vectorized_elementwise_kernel,2338688.0,1235904.0,55853.0,15072.0,6797.4,65536.0,10517.15625,50.56875926915752,132833.0,66354.0,65551.0,6797.4,8763.2,51200.0,256.0,409.6,1331.2,0.0,0.0,0.0,0.0,0.0,524288.0,0.0,8192.0,26624.0,10240.0,0.0,0.0,0.0,3.886565409895928,0.0,198.0,0.0,0.0,0.0,0.0,23643.10625,93.24375,112.89375,131.2125,556.41875,1117.33125
t4,4096,128,1,0,volta_sgemm_128x128_tn,15469568.0,79023936.0,1476461.0,1718592.0,987554.525,4012480.0,1264570.125,97.684370936139,6300966.0,4197471.0,2100359.0,987554.525,1005369.6,83902464.0,197222.4,367411.2,3385344.0,0.0,0.0,0.0,0.0,2147483648.0,16777216.0,0.0,7348224.0,67706880.0,7888896.0,0.0,0.0,0.0,52.16272515600233,516.0,1184.0,9639.0,0.0,9847.0,199.0,116370.6125,979499.10625,382634.76875,1006396.9125,19034.8875,497846.16875
t4,4096,128,1,0,cunn_SoftMaxForwardReg,76993216.0,75191584.0,2377887.5,906816.0,510454.675,2097152.0,691609.75,50.05366519483844,4203842.0,2101061.0,2100029.0,510454.675,530477.2,38734767.0,89497.6,456460.2,768921.2,0.0,0.0,0.0,88760534.0,235081070.0,16777216.0,0.0,9129204.0,15378424.0,3579904.0,0.0,19.779530581144673,2098518.0,45.642736860321236,408.0,2233.0,2397.0,0.0,3547.0,2009.0,456505.80625,501191.575,172087.33125,730034.25,396241.8,489828.14375
t4,4096,128,1,0,vectorized_elementwise_kernel,72057312.0,18945312.0,1421916.0,312448.0,181045.75,2097152.0,263811.84375,20.054426746858457,2623710.0,2098172.0,524610.0,181045.75,182759.2,2621440.0,8192.0,81920.0,22937.6,0.0,0.0,0.0,0.0,0.0,0.0,0.0,1638400.0,458752.0,327680.0,0.0,0.0,0.0,8.976162349145762,0.0,6358.0,13.0,0.0,16.0,68.0,1237570.3375,2106.45625,78.375,2821.45625,12660.3,32848.1875
t4,4096,128,1,0,reduce_kernel,25039424.0,1424992.0,413506.5,123680.0,64378.9,524288.0,98122.03125,1.2264166855639287,533587.0,530948.0,1423.0,64378.9,72316.6,3698688.0,4198.4,145203.2,13516.8,0.0,0.0,0.0,0.0,0.0,0.0,0.0,2904064.0,270336.0,167936.0,0.0,0.0,0.0,32.14873037449216,0.0,1660.0,189.0,0.0,216.0,19.0,265620.075,38563.60625,320.01875,40692.56875,4499.14375,38757.96875
t4,4096,128,1,0,vectorized_elementwise_kernel,5088.0,0.0,79.5,3520.0,20.75,0.0,164.5625,84.05172413793103,928.0,592.0,47.0,20.75,2007.8,112.0,0.2,1.8,1.0,0.0,0.0,0.0,0.0,0.0,0.0,0.0,36.0,20.0,8.0,0.0,0.0,0.0,0.03984460603645782,0.0,0.0,0.0,0.0,0.0,0.0,0.0,0.0,0.0,0.0,0.8875,2.725
t4,4096,128,1,0,elementwise_kernel,79148896.0,74568992.0,2401842.0,583616.0,339867.9,2621440.0,495036.75,50.0945127452535,4206311.0,2105827.0,2098596.0,339867.9,341395.2,22806528.0,58982.4,406323.2,314572.8,0.0,0.0,0.0,0.0,0.0,0.0,0.0,8126464.0,6291456.0,2359296.0,0.0,0.0,0.0,41.77635259663873,8.0,9042.0,301.0,0.0,454.0,175.0,1579747.75625,56010.30625,211.5125,86828.8,37207.5,329753.2625
t4,4096,128,1,0,vectorized_elementwise_kernel,73576096.0,36846272.0,1725349.5,391904.0,226676.475,2097152.0,330488.03125,33.371382980818275,3148518.0,2098368.0,1049222.0,226676.475,229242.0,1966080.0,8192.0,19660.8,26214.4,0.0,0.0,0.0,0.0,0.0,0.0,0.0,393216.0,524288.0,327680.0,0.0,11.435251829943903,524288.0,5.369353129007774,75.0,7870.0,4.0,0.0,15.0,148.0,1518675.525,430.65,8017.225,2178.31875,23275.7375,52774.2875
t4,4096,128,1,0,volta_sgemm_128x64_nn,169042784.0,26034144.0,3048077.0,1593536.0,909424.75,8585931.0,1343252.71875,78.79999503365265,8859630.0,8111807.0,724255.0,909424.75,932204.4,81421521.0,205635.875,231098.95,3400972.8,0.0,0.0,0.0,0.0,2169503744.0,5767168.0,0.0,4621979.0,68019456.0,8225435.0,0.0,0.0,0.0,54.591723660604906,55.0,630.0,9451.0,32.0,9666.0,235.0,58197.9375,942799.6375,184211.375,962618.83125,20988.4875,432186.94375
t4,4096,128,1,0,vectorized_elementwise_kernel,2329664.0,272928.0,40665.5,13216.0,5917.175,65536.0,8168.59375,34.408086619521356,100116.0,66400.0,32788.0,5917.175,7682.4,61440.0,256.0,614.4,819.2,0.0,0.0,0.0,0.0,0.0,0.0,0.0,12288.0,16384.0,10240.0,0.0,10.663334374674582,16384.0,5.267722326356347,0.0,175.0,1.0,0.0,0.0,3.0,23064.78125,142.55625,147.49375,183.66875,569.3,1729.83125
t4,4096,128,2,0,unrolled_elementwise_kernel,1556768.0,1367328.0,45689.0,25792.0,12683.625,32768.0,16763.6875,67.67659379124348,104562.0,38042.0,65592.0,12683.625,15052.8,815104.0,1126.4,13516.8,7372.8,0.0,823.75,4.55,0.0,0.0,0.0,524288.0,270336.0,147456.0,45056.0,0.0,0.0,0.0,34.09859793526786,1.0,148.0,6.0,0.0,16.0,18.0,32551.15,1442.49375,346.26875,5034.8625,1701.325,18760.69375
t4,4096,128,2,0,unrolled_elementwise_kernel,1527296.0,1442176.0,46398.0,26176.0,12931.125,32768.0,16593.0625,67.6561439077338,104567.0,38048.0,65591.0,12931.125,15284.2,815104.0,1126.4,13516.8,7372.8,0.0,822.575,3.375,0.0,0.0,0.0,524288.0,270336.0,147456.0,45056.0,0.0,0.0,0.0,33.59253346593214,0.0,176.0,7.0,0.0,26.0,10.0,32877.9875,1424.5125,335.8625,4873.725,1730.925,18767.325
t4,4096,128,2,0,unrolled_elementwise_kernel,1564544.0,1425152.0,46714.0,25888.0,12605.075,32768.0,17095.15625,67.65904135266439,104564.0,38044.0,65592.0,12605.075,15111.4,815104.0,1126.4,13516.8,7372.8,0.0,824.05,4.85,0.0,0.0,0.0,524288.0,270336.0,147456.0,45056.0,0.0,0.0,0.0,33.966740341728766,0.0,158.0,8.0,0.0,26.0,17.0,33109.01875,1394.9625,322.8375,4881.7125,1708.1875,18759.50625
t4,4096,128,2,0,vectorized_elementwise_kernel,2341824.0,1199840.0,55338.5,15072.0,6825.875,65536.0,10488.84375,50.49917305668321,133020.0,66344.0,65652.0,6825.875,8772.8,51200.0,256.0,409.6,1331.2,0.0,0.0,0.0,0.0,0.0,524288.0,0.0,8192.0,26624.0,10240.0,0.0,0.0,0.0,3.882169888747036,0.0,193.0,0.0,0.0,0.0,0.0,23669.19375,92.725,111.7125,131.34375,558.45625,1116.41875
t4,4096,128,2,0,vectorized_elementwise_kernel,2337216.0,1217120.0,55536.5,15104.0,6858.775,65536.0,10476.34375,50.54897091470069,132885.0,66342.0,65615.0,6858.775,8804.8,51200.0,256.0,409.6,1331.2,0.0,0.0,0.0,0.0,0.0,524288.0,0.0,8192.0,26624.0,10240.0,0.0,0.0,0.0,3.8701901235689626,0.0,213.0,0.0,0.0,0.0,6.0,22858.16875,92.9625,113.0,133.225,560.16875,1116.8375
t4,4096,128,2,0,volta_sgemm_128x128_tn,15170880.0,79451424.0,1478473.5,1721600.0,987846.125,4010352.0,1274565.875,97.82352922481384,6292940.0,4190096.0,2100092.0,987846.125,1007122.4,83902464.0,197222.4,367411.2,3385344.0,0.0,0.0,0.0,0.0,2147483648.0,16777216.0,0.0,7348224.0,67706880.0,7888896.0,0.0,0.0,0.0,52.07193286535976,550.0,1097.0,9558.0,0.0,9986.0,171.0,115098.05625,976919.55625,380725.1125,1007184.41875,19215.66875,497840.96875
t4,4096,128,2,0,cunn_SoftMaxForwardReg,77150688.0,75217472.0,2380752.5,906080.0,510352.875,2097152.0,699369.9375,50.05149898928774,4203966.0,2101145.0,2100069.0,510352.875,530041.8,38734767.0,89497.6,456460.2,768921.2,0.0,0.0,0.0,88760534.0,235081070.0,16777216.0,0.0,9129204.0,15378424.0,3579904.0,0.0,19.79577837068699,2098518.0,45.68022984225018,375.0,2140.0,2432.0,0.0,3539.0,2106.0,454095.18125,501279.18125,172131.95,729946.63125,396094.61875,489817.375
t4,4096,128,2,0,vectorized_elementwise_kernel,72081952.0,18910368.0,1421755.0,312960.0,181057.425,2097152.0,263772.34375,20.05634666001971,2623758.0,2098190.0,524640.0,181057.425,183065.2,2621440.0,8192.0,81920.0,22937.6,0.0,0.0,0.0,0.0,0.0,0.0,0.0,1638400.0,458752.0,327680.0,0.0,0.0,0.0,8.96111057699661,0.0,6409.0,16.0,0.0,22.0,74.0,1238789.00625,2427.45625,81.35,2602.2125,12728.99375,32780.81875
t4,4096,128,2,0,reduce_kernel,25042720.0,1423648.0,413537.0,124800.0,64540.9,524288.0,98361.875,1.409738855341527,533574.0,530966.0,1392.0,64540.9,72966.0,3698688.0,4198.4,145203.2,13516.8,0.0,0.0,0.0,0.0,0.0,0.0,0.0,2904064.0,270336.0,167936.0,0.0,0.0,0.0,31.862751144368605,0.0,1558.0,190.0,0.0,236.0,20.0,265187.85625,38879.05625,314.46875,41585.88125,4511.69375,38782.20625
t4,4096,128,2,0,vectorized_elementwise_kernel,5088.0,0.0,79.5,3520.0,20.8,0.0,151.25,87.12121212121212,924.0,588.0,47.0,20.8,2011.6,112.0,0.2,1.8,1.0,0.0,0.0,0.0,0.0,0.0,0.0,0.0,36.0,20.0,8.0,0.0,0.0,0.0,0.03976933784052496,0.0,0.0,0.0,0.0,0.0,0.0,0.0,0.0,0.0,0.0,0.8875,2.725
t4,4096,128,2,0,elementwise_kernel,79109600.0,74584096.0,2401464.0,583232.0,339651.625,2621440.0,494744.6875,50.09474953718816,4206353.0,2105836.0,2098629.0,339651.625,341179.2,22806528.0,58982.4,406323.2,314572.8,0.0,0.0,0.0,0.0,0.0,0.0,0.0,8126464.0,6291456.0,2359296.0,0.0,0.0,0.0,41.80282312051848,7.0,9020.0,303.0,0.0,467.0,190.0,1579806.8875,55554.55625,211.9375,85783.36875,37200.5625,329680.48125
t4,4096,128,2,0,vectorized_elementwise_kernel,73581120.0,36755072.0,1724003.0,392768.0,227350.4,2097152.0,330110.53125,33.3908434968678,3148429.0,2098314.0,1049187.0,227350.4,229741.4,1966080.0,8192.0,19660.8,26214.4,0.0,0.0,0.0,0.0,0.0,0.0,0.0,393216.0,524288.0,327680.0,0.0,11.410394469608004,524288.0,5.357616215449196,82.0,7864.0,2.0,0.0,6.0,148.0,1520230.8625,427.00625,7808.65,2126.35,24442.45625,52766.04375
t4,4096,128,2,0,volta_sgemm_128x64_nn,169056160.0,26060064.0,3048691.0,1593152.0,909299.975,8586333.0,1343301.40625,78.75845754664277,8860430.0,8112180.0,724475.0,909299.975,931968.2,81421134.0,205632.65,231092.5,3400972.8,0.0,0.0,0.0,0.0,2169503744.0,5767168.0,0.0,4621850.0,68019456.0,8225306.0,0.0,0.0,0.0,54.60727026415708,49.0,605.0,9341.0,32.0,9797.0,239.0,58645.9,943519.7125,183905.0625,962951.46875,20981.9125,432238.5375
t4,4096,128,2,0,vectorized_elementwise_kernel,2333184.0,269856.0,40672.5,13280.0,6055.2,65536.0,8419.96875,34.61945770975283,100094.0,66382.0,32784.0,6055.2,7702.0,61440.0,256.0,614.4,819.2,0.0,0.0,0.0,0.0,0.0,0.0,0.0,12288.0,16384.0,10240.0,0.0,10.636198390028564,16384.0,5.252369514411841,0.0,176.0,0.0,0.0,1.0,3.0,23073.85625,141.0,144.7375,183.9625,570.36875,1730.91875
t4,4096,128,0,0,fmha_cutlassF_f16_aligned_32x128_rf_sm75,4096416.0,1441664.0,86532.5,1541952.0,745494.375,9265846.0,870169.9375,96.7627430518224,8454627.0,8416157.0,35718.0,745494.375,902001.6,29092168.0,87065.2,513329.05,300338.2,819.2,849385.5,849385.5,38355528.0,131072.0,50371548.0,0.0,10266581.0,6006764.0,3482608.0,4194304.0,5.945798765767156,1072624.0,20.167033240295805,172.0,5419.0,969.0,0.0,489.0,4861.0,248714.5125,48439.3125,99403.33125,28098.65625,232280.4,303447.68125
t4,4096,128,1,0,fmha_cutlassF_f16_aligned_32x128_rf_sm75,4055360.0,1434176.0,85774.0,1533504.0,741007.0,9265622.0,866538.03125,99.79422153504517,8363363.0,8325199.0,35412.0,741007.0,897055.8,29092168.0,87065.2,513329.05,300338.2,819.2,850101.4,850101.4,38355528.0,131072.0,50371548.0,0.0,10266581.0,6006764.0,3482608.0,4194304.0,5.978580150755393,1072624.0,20.27822711809009,172.0,5016.0,1003.0,0.0,532.0,4836.0,251734.4125,49160.025,100869.8625,27651.84375,235305.38125,303527.325
t4,4096,128,2,0,fmha_cutlassF_f16_aligned_32x128_rf_sm75,4024640.0,1406176.0,84856.5,1536544.0,739549.475,9273530.0,885209.875,98.88631727324855,8386859.0,8348389.0,35718.0,739549.475,898861.8,29092168.0,87065.2,513329.05,300338.2,819.2,850047.3,850047.3,38355528.0,131072.0,50371548.0,0.0,10266581.0,6006764.0,3482608.0,4194304.0,5.966567941812634,1072624.0,20.23747908187888,157.0,5344.0,1005.0,0.0,578.0,4889.0,256749.925,46856.8875,96574.275,26947.0875,229197.3875,303407.4625
t4,8192,64,0,0,unrolled_elementwise_kernel,1549632.0,1383744.0,45834.0,26112.0,13106.725,32768.0,16988.25,67.69626646514698,104539.0,38052.0,65559.0,13106.725,15243.4,815104.0,1126.4,13516.8,7372.8,0.0,824.05,4.85,0.0,0.0,0.0,524288.0,270336.0,147456.0,45056.0,0.0,0.0,0.0,33.67326187071126,0.0,178.0,9.0,0.0,19.0,20.0,32364.1625,1426.2625,350.2625,4909.45625,1703.4875,18761.1375
t4,8192,64,0,0,unrolled_elementwise_kernel,1527648.0,1436416.0,46313.5,26240.0,13183.275,32768.0,16465.40625,67.5962383883176,104636.0,38116.0,65592.0,13183.275,15333.6,815104.0,1126.4,13516.8,7372.8,0.0,823.425,4.225,0.0,0.0,0.0,524288.0,270336.0,147456.0,45056.0,0.0,0.0,0.0,33.48410516773622,0.0,197.0,11.0,0.0,18.0,9.0,32605.125,1404.16875,329.25625,4959.00625,1729.40625,18764.7625
t4,8192,64,0,0,unrolled_elementwise_kernel,1518336.0,1454400.0,46449.0,25952.0,13033.65,32768.0,16753.15625,67.67499019729732,104563.0,38044.0,65591.0,13033.65,15143.0,815104.0,1126.4,13516.8,7372.8,0.0,823.625,4.425,0.0,0.0,0.0,524288.0,270336.0,147456.0,45056.0,0.0,0.0,0.0,33.89656111734795,0.0,181.0,6.0,0.0,26.0,8.0,32772.51875,1398.4625,334.39375,4825.975,1691.6375,18759.4875
t4,8192,64,0,0,vectorized_elementwise_kernel,2342272.0,1205696.0,55437.0,14880.0,6888.075,65536.0,10517.78125,50.535286766145184,132826.0,66342.0,65556.0,6888.075,8659.4,51200.0,256.0,409.6,1331.2,0.0,0.0,0.0,0.0,0.0,524288.0,0.0,8192.0,26624.0,10240.0,0.0,0.0,0.0,3.9373397694990415,0.0,197.0,0.0,0.0,0.0,0.0,23742.8875,91.35,110.65625,132.10625,555.625,1115.8375
t4,8192,64,0,0,vectorized_elementwise_kernel,2341440.0,1253792.0,56175.5,15232.0,6842.925,65536.0,10573.46875,50.58723442699471,132826.0,66340.0,65558.0,6842.925,8866.0,51200.0,256.0,409.6,1331.2,0.0,0.0,0.0,0.0,0.0,524288.0,0.0,8192.0,26624.0,10240.0,0.0,0.0,0.0,3.843616061357997,0.0,208.0,0.0,0.0,0.0,2.0,23542.53125,92.45,118.525,131.675,567.25,1116.91875
t4,8192,64,0,0,volta_sgemm_128x128_tn,15953248.0,320539808.0,5257704.0,3782144.0,2201312.4,8159359.0,2926504.125,98.99357887415854,16773694.0,8379450.0,8391492.0,2201312.4,2212550.4,181731328.0,474316.8,1141964.8,6830489.6,0.0,0.0,0.0,0.0,4294967296.0,67108864.0,0.0,22839296.0,136609792.0,18972672.0,0.0,0.0,0.0,51.33707151936516,1974.0,3932.0,16162.0,0.0,17312.0,683.0,386336.2875,1632071.025,1439442.8875,1776762.8375,67389.475,1213240.65625
t4,8192,64,0,0,cunn_SoftMaxForwardReg,305772672.0,303995360.0,9527625.5,2937088.0,1680256.5,8388608.0,2375146.25,50.00887265673553,16787531.0,8393289.0,8391490.0,1680256.5,1718180.6,152986179.0,290406.4,2152530.8,3009144.4,0.0,0.0,0.0,311815701.0,940581722.0,67108864.0,0.0,43050616.0,60182888.0,11616256.0,0.0,24.43014139491506,8395079.0,55.65164104402063,1859.0,7003.0,10550.0,0.0,15164.0,4904.0,1386740.275,2128738.53125,265092.75,3102402.65,1014315.84375,1765920.70625
t4,8192,64,0,0,vectorized_elementwise_kernel,287992000.0,75044576.0,5672446.5,1234816.0,720127.35,8388608.0,1051133.5,20.01848173368003,10491440.0,8391750.0,2098090.0,720127.35,722352.0,10485760.0,32768.0,327680.0,91750.4,0.0,0.0,0.0,0.0,0.0,0.0,0.0,6553600.0,1835008.0,1310720.0,0.0,0.0,0.0,9.075404027399385,5.0,25720.0,68.0,0.0,62.0,293.0,4996116.41875,11000.91875,80.89375,13744.45,50927.43125,131777.4375
t4,8192,64,0,0,reduce_kernel,91873920.0,1415040.0,1457640.0,800096.0,465467.925,2097152.0,601282.53125,0.900236559200662,2119554.0,2105699.0,11103.0,465467.925,468051.4,42958848.0,69017.6,1304166.4,302284.8,0.0,0.0,0.0,0.0,0.0,0.0,0.0,26083328.0,6045696.0,2760704.0,0.0,0.0,0.0,57.39235049825724,0.0,4263.0,2344.0,0.0,2803.0,1171.0,776665.75625,449750.95,5232.48125,555959.2875,211268.11875,607454.3125
t4,8192,64,0,0,vectorized_elementwise_kernel,5152.0,0.0,80.5,3488.0,21.05,0.0,147.96875,82.36559139784946,930.0,594.0,47.0,21.05,2022.6,112.0,0.2,1.8,1.0,0.0,0.0,0.0,0.0,0.0,0.0,0.0,36.0,20.0,8.0,0.0,0.0,0.0,0.039553050529022055,0.0,0.0,0.0,0.0,0.0,0.0,0.0,0.0,0.0,0.0,0.8875,2.725
t4,8192,64,0,0,elementwise_kernel,315791712.0,301213824.0,9640711.5,2317952.0,1354388.25,10485760.0,1977769.25,50.04804928591058,16797336.0,8403092.0,8391492.0,1354388.25,1355973.0,91226112.0,235929.6,1625292.8,1258291.2,0.0,0.0,0.0,0.0,0.0,0.0,0.0,32505856.0,25165824.0,9437184.0,0.0,0.0,0.0,42.05429099620716,20.0,36560.0,1108.0,0.0,1711.0,743.0,6355790.54375,224571.025,741.9,345237.95625,148685.83125,1318842.80625
t4,8192,64,0,0,vectorized_elementwise_kernel,294668992.0,150038752.0,6948558.5,1570432.0,915952.675,8388608.0,1333911.625,33.34894715524876,12589273.0,8391556.0,4195829.0,915952.675,918678.4,7864320.0,32768.0,78643.2,104857.6,0.0,0.0,0.0,0.0,0.0,0.0,0.0,1572864.0,2097152.0,1310720.0,0.0,11.413961621390031,2097152.0,5.352531419047188,171.0,15938.0,2.0,0.0,28.0,276.0,6178128.275,1482.01875,36335.075,9134.9375,107498.93125,211473.09375
t4,8192,64,0,0,volta_sgemm_64x64_nn,583581984.0,21281248.0,9450988.0,3417664.0,1932357.375,16974016.0,2903741.5,71.50981932638072,17723008.0,17159314.0,528736.0,1932357.375,1999291.6,162931353.0,433242.875,519144.95,6724710.4,0.0,0.0,0.0,0.0,4298637312.0,4194304.0,0.0,10382899.0,134494208.0,17329715.0,0.0,0.0,0.0,50.935378811174914,27.0,2599.0,16844.0,36.0,17118.0,443.0,209203.79375,1457168.65,554856.20625,1515458.41875,38347.8875,793321.70625
t4,8192,64,0,0,vectorized_elementwise_kernel,2332288.0,245216.0,40273.5,13120.0,5904.825,65536.0,8158.84375,34.428193480756754,100165.0,66382.0,32855.0,5904.825,7633.6,61440.0,256.0,614.4,819.2,0.0,0.0,0.0,0.0,0.0,0.0,0.0,12288.0,16384.0,10240.0,0.0,10.731502829595472,16384.0,5.300579019073569,0.0,177.0,0.0,0.0,1.0,5.0,23005.91875,141.175,152.3625,184.35,570.16875,1733.61875
t4,8192,64,1,0,unrolled_elementwise_kernel,1533728.0,1395936.0,45776.0,25920.0,12868.25,32768.0,16971.09375,67.50226546477799,104835.0,38062.0,65845.0,12868.25,15133.4,815104.0,1126.4,13516.8,7372.8,0.0,823.575,4.375,0.0,0.0,0.0,524288.0,270336.0,147456.0,45056.0,0.0,0.0,0.0,33.91690730437311,0.0,248.0,3.0,0.0,22.0,13.0,32510.6375,1451.50625,354.1875,4924.6375,1701.9875,18757.4
t4,8192,64,1,0,unrolled_elementwise_kernel,1525344.0,1483168.0,47008.0,26208.0,13370.475,32768.0,16646.34375,67.95618692304014,104535.0,38048.0,65559.0,13370.475,15312.4,815104.0,1126.4,13516.8,7372.8,0.0,823.725,4.525,0.0,0.0,0.0,524288.0,270336.0,147456.0,45056.0,0.0,0.0,0.0,33.53062713878948,0.0,191.0,3.0,0.0,16.0,10.0,32579.58125,1403.7875,336.7125,4784.9375,1726.55625,18763.39375
t4,8192,64,1,0,unrolled_elementwise_kernel,1576640.0,1458560.0,47425.0,25952.0,12754.525,32768.0,16886.0625,67.68196467336732,104567.0,38048.0,65591.0,12754.525,15152.8,815104.0,1126.4,13516.8,7372.8,0.0,823.5,4.3,0.0,0.0,0.0,524288.0,270336.0,147456.0,45056.0,0.0,0.0,0.0,33.873772504091654,0.0,166.0,5.0,0.0,17.0,16.0,32398.5,1378.44375,329.3125,4885.54375,1716.4875,18761.18125
t4,8192,64,1,0,vectorized_elementwise_kernel,2343808.0,1228576.0,55818.5,15328.0,6976.1,65536.0,10673.4375,50.51273942898445,132816.0,66336.0,65552.0,6976.1,8933.0,51200.0,256.0,409.6,1331.2,0.0,0.0,0.0,0.0,0.0,524288.0,0.0,8192.0,26624.0,10240.0,0.0,0.0,0.0,3.8139482816523005,0.0,192.0,0.0,0.0,0.0,0.0,22990.575,93.50625,99.3625,131.075,541.76875,1113.4875
t4,8192,64,1,0,vectorized_elementwise_kernel,2338752.0,1249472.0,56066.0,15072.0,6921.4,65536.0,10627.28125,50.65278279725335,132816.0,66336.0,65552.0,6921.4,8778.4,51200.0,256.0,409.6,1331.2,0.0,0.0,0.0,0.0,0.0,524288.0,0.0,8192.0,26624.0,10240.0,0.0,0.0,0.0,3.879123758315866,0.0,203.0,0.0,0.0,0.0,0.0,22964.39375,94.24375,118.90625,132.46875,557.8125,1116.69375
t4,8192,64,1,0,volta_sgemm_128x128_tn,15828256.0,320438080.0,5254161.5,3791584.0,2207118.2,8165586.0,2923079.53125,98.98526070743739,16773668.0,8379391.0,8391525.0,2207118.2,2218060.8,181731328.0,474316.8,1141964.8,6830489.6,0.0,0.0,0.0,0.0,4294967296.0,67108864.0,0.0,22839296.0,136609792.0,18972672.0,0.0,0.0,0.0,51.20952923157021,1900.0,4005.0,15946.0,0.0,17324.0,694.0,387624.51875,1634600.41875,1444287.29375,1771054.5,67265.8875,1213312.00625
t4,8192,64,1,0,cunn_SoftMaxForwardReg,305778208.0,303993952.0,9527690.0,2936832.0,1680214.325,8388608.0,2371084.40625,50.01391802169067,16787587.0,8393343.0,8391492.0,1680214.325,1718031.6,152986179.0,290406.4,2152530.8,3009144.4,0.0,0.0,0.0,311815701.0,940581722.0,67108864.0,0.0,43050616.0,60182888.0,11616256.0,0.0,24.432260151675905,8395079.0,55.65646755275048,1915.0,6928.0,10490.0,0.0,15260.0,5044.0,1392587.875,2128327.93125,265310.5625,3102329.7,1014454.56875,1765913.25
t4,8192,64,1,0,vectorized_elementwise_kernel,287947424.0,75141184.0,5673259.5,1234752.0,720465.3,8388608.0,1051719.03125,20.02147776150819,10489920.0,8390229.0,2098091.0,720465.3,722289.8,10485760.0,32768.0,327680.0,91750.4,0.0,0.0,0.0,0.0,0.0,0.0,0.0,6553600.0,1835008.0,1310720.0,0.0,0.0,0.0,9.076185555991515,3.0,25763.0,60.0,0.0,70.0,267.0,5004143.71875,11582.275,87.1875,13868.24375,51837.13125,131606.18125
t4,8192,64,1,0,reduce_kernel,91910240.0,1416960.0,1458237.5,800320.0,465559.75,2097152.0,599885.8125,0.9347209778619461,2119563.0,2105709.0,11102.0,465559.75,468179.6,42958848.0,69017.6,1304166.4,302284.8,0.0,0.0,0.0,0.0,0.0,0.0,0.0,26083328.0,6045696.0,2760704.0,0.0,0.0,0.0,57.37668300797386,0.0,4224.0,2373.0,0.0,2765.0,1194.0,776593.10625,449744.25,5261.4,555280.04375,211485.96875,607421.76875
t4,8192,64,1,0,vectorized_elementwise_kernel,5024.0,0.0,78.5,3488.0,20.625,0.0,148.25,86.95652173913044,897.0,594.0,14.0,20.625,1999.6,112.0,0.2,1.8,1.0,0.0,0.0,0.0,0.0,0.0,0.0,0.0,36.0,20.0,8.0,0.0,0.0,0.0,0.04000800160032007,0.0,0.0,0.0,0.0,0.0,0.0,0.0,0.0,0.0,0.0,0.8875,2.725
t4,8192,64,1,0,elementwise_kernel,315828256.0,301215808.0,9641313.5,2318016.0,1354511.175,10485760.0,1977887.25,50.043500878292676,16797362.0,8403118.0,8391492.0,1354511.175,1356025.4,91226112.0,235929.6,1625292.8,1258291.2,0.0,0.0,0.0,0.0,0.0,0.0,0.0,32505856.0,25165824.0,9437184.0,0.0,0.0,0.0,42.05266084986314,17.0,36423.0,1107.0,0.0,1720.0,753.0,6352009.14375,224550.975,794.4125,343492.08125,148982.09375,1318706.1
t4,8192,64,1,0,vectorized_elementwise_kernel,294372768.0,150103104.0,6944935.5,1571392.0,916681.35,8388608.0,1334116.5625,33.35248136760175,12589630.0,8391232.0,4195934.0,916681.35,919249.0,7864320.0,32768.0,78643.2,104857.6,0.0,0.0,0.0,0.0,0.0,0.0,0.0,1572864.0,2097152.0,1310720.0,0.0,11.406876700436989,2097152.0,5.349210333652797,154.0,15975.0,3.0,0.0,21.0,293.0,6187018.35625,1454.4375,35843.625,9120.325,105095.84375,211467.34375
t4,8192,64,1,0,volta_sgemm_64x64_nn,583535648.0,21150560.0,9448222.0,3416384.0,1935535.825,16966630.0,2903098.3125,71.60214292272687,17719911.0,17157187.0,528228.0,1935535.825,1998552.4,162932037.0,433248.575,519156.35,6724710.4,0.0,0.0,0.0,0.0,4298637312.0,4194304.0,0.0,10383127.0,134494208.0,17329943.0,0.0,0.0,0.0,50.95576428218745,34.0,2629.0,16545.0,32.0,17093.0,456.0,210493.85,1447016.3875,549914.7875,1495849.3875,38571.2375,793334.4375
t4,8192,64,1,0,vectorized_elementwise_kernel,2328576.0,271680.0,40629.0,13024.0,5884.425,65536.0,8169.1875,34.39391215770867,100134.0,66392.0,32814.0,5884.425,7574.2,61440.0,256.0,614.4,819.2,0.0,0.0,0.0,0.0,0.0,0.0,0.0,12288.0,16384.0,10240.0,0.0,10.815663700456815,16384.0,5.343963718940614,0.0,176.0,0.0,0.0,0.0,12.0,22241.75,140.61875,157.35625,183.4625,568.9,1730.69375
t4,8192,64,2,0,unrolled_elementwise_kernel,1551680.0,1399488.0,46112.0,25792.0,12577.25,32768.0,16822.875,67.69569167503467,104565.0,38046.0,65591.0,12577.25,15046.8,815104.0,1126.4,13516.8,7372.8,0.0,823.15,3.95,0.0,0.0,0.0,524288.0,270336.0,147456.0,45056.0,0.0,0.0,0.0,34.11323337852566,0.0,190.0,5.0,0.0,14.0,7.0,32678.1125,1407.15,341.4375,5097.19375,1692.875,18758.85625
t4,8192,64,2,0,unrolled_elementwise_kernel,1523424.0,1443968.0,46365.5,26208.0,13142.9,32768.0,16590.84375,67.35410267661254,104834.0,38058.0,65848.0,13142.9,15287.2,815104.0,1126.4,13516.8,7372.8,0.0,823.25,4.05,0.0,0.0,0.0,524288.0,270336.0,147456.0,45056.0,0.0,0.0,0.0,33.58569587628865,0.0,193.0,8.0,0.0,28.0,10.0,32604.675,1405.54375,334.75,4868.45625,1733.625,18764.0375
t4,8192,64,2,0,unrolled_elementwise_kernel,1547296.0,1468256.0,47118.0,25824.0,13020.45,32768.0,16952.65625,67.47815469149464,104828.0,38054.0,65846.0,13020.45,15065.2,815104.0,1126.4,13516.8,7372.8,0.0,823.775,4.575,0.0,0.0,0.0,524288.0,270336.0,147456.0,45056.0,0.0,0.0,0.0,34.07094661869739,0.0,213.0,4.0,0.0,31.0,10.0,32299.025,1416.11875,333.63125,4573.28125,1718.21875,18759.88125
t4,8192,64,2,0,vectorized_elementwise_kernel,2343360.0,1206144.0,55461.0,15328.0,6848.375,65536.0,10615.6875,50.53968206178118,132856.0,66346.0,65582.0,6848.375,8936.2,51200.0,256.0,409.6,1331.2,0.0,0.0,0.0,0.0,0.0,524288.0,0.0,8192.0,26624.0,10240.0,0.0,0.0,0.0,3.8157997806673976,0.0,183.0,0.0,0.0,0.0,0.0,23859.95625,91.43125,111.3875,133.49375,540.46875,1113.7125
t4,8192,64,2,0,vectorized_elementwise_kernel,2338880.0,1219328.0,55597.0,15168.0,6763.475,65536.0,10519.21875,50.58877561776265,132818.0,66338.0,65552.0,6763.475,8827.0,51200.0,256.0,409.6,1331.2,0.0,0.0,0.0,0.0,0.0,524288.0,0.0,8192.0,26624.0,10240.0,0.0,0.0,0.0,3.856916279596692,0.0,200.0,1.0,0.0,1.0,2.0,23880.475,93.08125,116.66875,131.86875,568.18125,1116.1875
t4,8192,64,2,0,volta_sgemm_128x128_tn,16060448.0,320254432.0,5254920.0,3796416.0,2208643.75,8167482.0,2911966.03125,98.97564659819561,16774289.0,8379907.0,8391630.0,2208643.75,2220881.2,181731328.0,474316.8,1141964.8,6830489.6,0.0,0.0,0.0,0.0,4294967296.0,67108864.0,0.0,22839296.0,136609792.0,18972672.0,0.0,0.0,0.0,51.14449925326938,1902.0,3910.0,16051.0,0.0,17422.0,641.0,381824.625,1635324.49375,1445558.0,1773561.90625,68372.7875,1213309.45
t4,8192,64,2,0,cunn_SoftMaxForwardReg,306006016.0,304016448.0,9531601.0,2935040.0,1679682.675,8388608.0,2371563.84375,50.0140251552134,16787693.0,8393383.0,8391558.0,1679682.675,1716995.8,152986179.0,290406.4,2152530.8,3009144.4,0.0,0.0,0.0,311815701.0,940581722.0,67108864.0,0.0,43050616.0,60182888.0,11616256.0,0.0,24.446999229701085,8395079.0,55.69004303912683,1828.0,6977.0,10472.0,0.0,15304.0,4996.0,1384957.525,2128842.575,265475.09375,3103348.425,1014529.7375,1765930.4
t4,8192,64,2,0,vectorized_elementwise_kernel,287933920.0,75099136.0,5672391.5,1233696.0,719715.55,8388608.0,1050936.59375,20.021534641077398,10490075.0,8390351.0,2098124.0,719715.55,721681.6,10485760.0,32768.0,327680.0,91750.4,0.0,0.0,0.0,0.0,0.0,0.0,0.0,6553600.0,1835008.0,1310720.0,0.0,0.0,0.0,9.08385879590113,1.0,12928.0,36.0,0.0,41.0,125.0,5003019.90625,12688.7375,94.925,12469.475,52425.9375,131228.29375
t4,8192,64,2,0,reduce_kernel,91897824.0,1448576.0,1458537.5,800832.0,466004.225,2097152.0,601028.875,0.8385205121623458,2119328.0,2105551.0,11025.0,466004.225,468452.8,42958848.0,69017.6,1304166.4,302284.8,0.0,0.0,0.0,0.0,0.0,0.0,0.0,26083328.0,6045696.0,2760704.0,0.0,0.0,0.0,57.34324914911385,0.0,4222.0,2295.0,0.0,2826.0,1199.0,777297.75,450050.575,5297.38125,555374.75,211492.05,607453.225
t4,8192,64,2,0,vectorized_elementwise_kernel,5152.0,0.0,80.5,3552.0,20.925,0.0,152.9375,83.29853862212944,958.0,586.0,83.0,20.925,2020.8,112.0,0.2,1.8,1.0,0.0,0.0,0.0,0.0,0.0,0.0,0.0,36.0,20.0,8.0,0.0,0.0,0.0,0.03958828186856691,0.0,0.0,0.0,0.0,0.0,0.0,0.0,0.0,0.0,0.0,0.8875,2.725
t4,8192,64,2,0,elementwise_kernel,315941312.0,301265184.0,9643851.5,2318304.0,1354620.025,10485760.0,1978009.625,50.043334149333795,16797376.0,8403099.0,8391525.0,1354620.025,1356178.0,91226112.0,235929.6,1625292.8,1258291.2,0.0,0.0,0.0,0.0,0.0,0.0,0.0,32505856.0,25165824.0,9437184.0,0.0,0.0,0.0,42.04772391603462,25.0,36570.0,1135.0,0.0,1732.0,736.0,6355090.28125,224695.44375,764.0375,344586.0125,148972.49375,1318704.5625
t4,8192,64,2,0,vectorized_elementwise_kernel,294552352.0,149995008.0,6946052.5,1569504.0,915408.95,8388608.0,1333117.40625,33.34024054736905,12590701.0,8391590.0,4196647.0,915408.95,918132.6,7864320.0,32768.0,78643.2,104857.6,0.0,0.0,0.0,0.0,0.0,0.0,0.0,1572864.0,2097152.0,1310720.0,0.0,11.420746850727227,2097152.0,5.355695626100196,384.0,31834.0,8.0,0.0,43.0,606.0,6197856.575,1483.3875,36493.25625,9121.6,107742.6,211522.2625
t4,8192,64,2,0,volta_sgemm_64x64_nn,584506240.0,21232640.0,9464670.0,3416128.0,1928770.575,16969996.0,2893684.4375,71.6474080128795,17714980.0,17152161.0,528196.0,1928770.575,1998390.2,162929196.0,433224.9,519109.0,6724710.4,0.0,0.0,0.0,0.0,4298637312.0,4194304.0,0.0,10382180.0,134494208.0,17328996.0,0.0,0.0,0.0,50.959564228247324,30.0,2779.0,16681.0,35.0,17270.0,492.0,205441.94375,1417505.4125,531479.66875,1478785.88125,38494.025,793270.23125
t4,8192,64,2,0,vectorized_elementwise_kernel,2333568.0,253600.0,40424.5,13216.0,5884.0,65536.0,8239.125,34.37952921185467,100045.0,66336.0,32781.0,5884.0,7683.6,61440.0,256.0,614.4,819.2,0.0,0.0,0.0,0.0,0.0,0.0,0.0,12288.0,16384.0,10240.0,0.0,10.66166900931855,16384.0,5.261531053152168,0.0,182.0,0.0,0.0,0.0,2.0,22454.85,138.0625,160.13125,183.34375,569.7625,1728.925
t4,8192,64,0,0,fmha_cutlassF_f16_aligned_64x64_rf_sm75,3721184.0,1356448.0,79338.0,3380576.0,1421792.075,12578668.0,1161292.375,99.14110224812363,11692195.0,11653653.0,35790.0,1421792.075,1977604.6,86563522.0,202284.15,1517355.65,1107121.6,6553.6,1727842.7,1727842.7,153267870.0,262144.0,201487480.0,0.0,30347113.0,22142432.0,8091366.0,8388608.0,10.695257282471935,4230198.0,27.366957922225705,13.0,5548.0,2417.0,0.0,2599.0,7548.0,367477.95,180789.4375,378585.19375,198925.14375,533297.375,909215.39375
t4,8192,64,1,0,fmha_cutlassF_f16_aligned_64x64_rf_sm75,3725888.0,1357664.0,79430.5,3396256.0,1420936.575,12575926.0,1160671.90625,99.55547013739641,11722722.0,11684219.0,35751.0,1420936.575,1986759.8,86563522.0,202284.15,1517355.65,1107121.6,6553.6,1727933.125,1727933.125,153267870.0,262144.0,201487480.0,0.0,30347113.0,22142432.0,8091366.0,8388608.0,10.645972401897803,4230198.0,27.240848075846912,24.0,5424.0,2488.0,0.0,2558.0,7444.0,367187.86875,182387.9875,381271.0125,198945.75,536866.6375,909269.575
t4,8192,64,2,0,fmha_cutlassF_f16_aligned_64x64_rf_sm75,3770688.0,1381216.0,80498.5,3397920.0,1420270.725,12578316.0,1161562.1875,99.436999069094,11688613.0,11650143.0,35718.0,1420270.725,1987754.8,86563522.0,202284.15,1517355.65,1107121.6,6553.6,1727998.875,1727998.875,153267870.0,262144.0,201487480.0,0.0,30347113.0,22142432.0,8091366.0,8388608.0,10.64064340330105,4230198.0,27.227212267327943,17.0,5560.0,2479.0,0.0,2518.0,7332.0,367517.88125,181192.075,379278.6,198692.86875,536305.95,909288.8875
t4,8192,128,0,0,unrolled_elementwise_kernel,2957152.0,3806400.0,105680.5,43808.0,23808.0,65536.0,32657.875,67.05484634963688,203514.0,70854.0,131444.0,23808.0,25595.6,1630208.0,2252.8,27033.6,14745.6,0.0,1649.075,10.675,0.0,0.0,0.0,1048576.0,540672.0,294912.0,90112.0,0.0,0.0,0.0,39.95720944224789,0.0,426.0,12.0,0.0,44.0,16.0,76312.225,2567.575,597.8625,9650.50625,3202.875,37441.2
t4,8192,128,0,0,unrolled_elementwise_kernel,2931008.0,3822688.0,105526.5,44416.0,24155.4,65536.0,32555.65625,66.89695159102969,203516.0,70856.0,131444.0,24155.4,25959.2,1630208.0,2252.8,27033.6,14745.6,0.0,1647.825,9.425,0.0,0.0,0.0,1048576.0,540672.0,294912.0,90112.0,0.0,0.0,0.0,39.4029139958088,2.0,436.0,10.0,0.0,47.0,12.0,76104.9375,2508.21875,548.64375,9145.7375,3203.8125,37440.79375
t4,8192,128,0,0,unrolled_elementwise_kernel,2964128.0,3807680.0,105809.5,44224.0,23997.625,65536.0,32908.15625,67.29071904829958,202921.0,70850.0,131143.0,23997.625,25837.8,1630208.0,2252.8,27033.6,14745.6,0.0,1648.225,9.825,0.0,0.0,0.0,1048576.0,540672.0,294912.0,90112.0,0.0,0.0,0.0,39.58251089489043,0.0,388.0,13.0,0.0,32.0,28.0,74200.4625,2584.1,548.38125,9017.6375,3211.875,37436.39375
t4,8192,128,0,0,vectorized_elementwise_kernel,4693440.0,3461728.0,127424.5,31104.0,16038.325,131072.0,24279.59375,50.384973893010596,263914.0,131894.0,131092.0,16038.325,18128.4,102400.0,512.0,819.2,2662.4,0.0,0.0,0.0,0.0,0.0,1048576.0,0.0,16384.0,53248.0,20480.0,0.0,0.0,0.0,3.6440750424747903,2.0,194.0,0.0,0.0,0.0,5.0,62773.2125,99.975,107.5375,152.85625,1151.75,2076.0
t4,8192,128,0,0,vectorized_elementwise_kernel,4684160.0,3482912.0,127610.5,31872.0,16157.1,131072.0,24519.59375,50.276205414990116,263934.0,131888.0,131118.0,16157.1,18595.4,102400.0,512.0,819.2,2662.4,0.0,0.0,0.0,0.0,0.0,1048576.0,0.0,16384.0,53248.0,20480.0,0.0,0.0,0.0,3.5535670111963165,14.0,244.0,1.0,0.0,0.0,15.0,62391.96875,100.8625,126.975,148.8375,1280.575,2076.2625
t4,8192,128,0,0,volta_sgemm_128x128_tn,57766592.0,323748928.0,5961180.0,6729952.0,3917356.025,16071506.0,5112626.5,97.94322136471838,25164254.0,16769944.0,8391558.0,3917356.025,3936990.2,335609856.0,788889.6,1469644.8,13541376.0,0.0,0.0,0.0,0.0,8589934592.0,67108864.0,0.0,29392896.0,270827520.0,31555584.0,0.0,0.0,0.0,53.27926187751242,1805.0,4496.0,38573.0,0.0,39836.0,730.0,451801.1875,3930825.0125,1534077.85,4060409.825,76311.46875,1993345.61875
t4,8192,128,0,0,cunn_SoftMaxForwardReg,305749120.0,303974400.0,9526930.0,2934752.0,1679178.575,8388608.0,2363233.125,50.01386735352161,16787630.0,8393353.0,8391525.0,1679178.575,1716822.6,152803352.0,290406.4,2146939.85,3007546.7,0.0,0.0,0.0,311766663.0,940098765.0,67108864.0,0.0,42938797.0,60150934.0,11616256.0,0.0,24.4455076488392,8393720.0,55.6291030010905,1817.0,6866.0,10510.0,0.0,15261.0,5051.0,1384262.3625,2125850.35,265088.175,3098621.625,1013235.75625,1762461.425
t4,8192,128,0,0,vectorized_elementwise_kernel,288010784.0,75209408.0,5675315.5,1235456.0,720969.275,8388608.0,1052465.90625,20.010564509140703,10489839.0,8390149.0,2098090.0,720969.275,722723.2,10485760.0,32768.0,327680.0,91750.4,0.0,0.0,0.0,0.0,0.0,0.0,0.0,6553600.0,1835008.0,1310720.0,0.0,0.0,0.0,9.07071856832602,2.0,25741.0,63.0,0.0,78.0,325.0,4985133.8875,10138.73125,83.725,11765.78125,51073.375,131190.5375
t4,8192,128,0,0,reduce_kernel,91815008.0,1451936.0,1457296.0,799776.0,465484.275,2097152.0,602258.4375,0.893570506375475,2121489.0,2107337.0,11400.0,465484.275,467855.8,42958848.0,69017.6,1304166.4,302284.8,0.0,0.0,0.0,0.0,0.0,0.0,0.0,26083328.0,6045696.0,2760704.0,0.0,0.0,0.0,57.41642777539576,0.0,4234.0,2356.0,0.0,2753.0,1175.0,776412.33125,449970.88125,5239.1,555187.08125,211346.81875,607444.51875
t4,8192,128,0,0,vectorized_elementwise_kernel,5024.0,320.0,83.5,3488.0,21.0,0.0,158.25,88.35920177383592,902.0,592.0,21.0,21.0,2003.0,112.0,0.2,1.8,1.0,0.0,0.0,0.0,0.0,0.0,0.0,0.0,36.0,20.0,8.0,0.0,0.0,0.0,0.0399400898652022,0.0,0.0,0.0,0.0,0.0,0.0,0.0,0.0,0.0,0.0,0.8875,2.7375
t4,8192,128,0,0,elementwise_kernel,315854144.0,301254784.0,9642327.0,2318112.0,1354471.05,10485760.0,1977858.9375,50.04361711595997,16797305.0,8403061.0,8391492.0,1354471.05,1356073.4,91226112.0,235929.6,1625292.8,1258291.2,0.0,0.0,0.0,0.0,0.0,0.0,0.0,32505856.0,25165824.0,9437184.0,0.0,0.0,0.0,42.05108569344404,21.0,36516.0,1099.0,0.0,1839.0,738.0,6350421.9625,223798.33125,777.3125,343367.41875,148902.925,1318696.41875
t4,8192,128,0,0,vectorized_elementwise_kernel,294650528.0,149999232.0,6947652.5,1572160.0,917104.5,8388608.0,1335394.0625,33.3464909043954,12588443.0,8391333.0,4195510.0,917104.5,919682.4,7864320.0,32768.0,78643.2,104857.6,0.0,0.0,0.0,0.0,0.0,0.0,0.0,1572864.0,2097152.0,1310720.0,0.0,11.401501213897319,2097152.0,5.346673210229966,402.0,31760.0,8.0,0.0,49.0,625.0,6176007.10625,1480.90625,35835.81875,9249.0375,107273.475,211541.475
t4,8192,128,0,0,volta_sgemm_128x64_nn,589931488.0,25997888.0,9623896.5,5936864.0,3467922.775,31966528.0,5058123.46875,82.37766165183615,30582888.0,29902081.0,658917.0,3467922.775,3473053.8,313535488.0,752960.0,654003.2,13451545.6,0.0,0.0,0.0,0.0,8602517504.0,5242880.0,0.0,13080064.0,269030912.0,30118400.0,0.0,0.0,0.0,56.42384682465904,61.0,840.0,39705.0,14.0,39863.0,546.0,78693.95,3936992.28125,339920.79375,3957117.66875,51954.1,1556325.70625
t4,8192,128,0,0,vectorized_elementwise_kernel,4585088.0,1346880.0,92687.0,24096.0,12247.825,131072.0,17710.96875,33.8598949565007,198394.0,131914.0,65552.0,12247.825,14061.2,122880.0,512.0,1228.8,1638.4,0.0,0.0,0.0,0.0,0.0,0.0,0.0,24576.0,32768.0,20480.0,0.0,11.651921599863455,32768.0,5.60834068216084,0.0,355.0,0.0,0.0,1.0,7.0,53224.88125,141.28125,212.18125,213.7125,1073.03125,3361.575
t4,8192,128,1,0,unrolled_elementwise_kernel,2972896.0,3834848.0,106371.0,44128.0,23910.125,65536.0,32814.53125,67.20389362414126,203204.0,70876.0,131400.0,23910.125,25780.6,1630208.0,2252.8,27033.6,14745.6,0.0,1649.525,11.125,0.0,0.0,0.0,1048576.0,540672.0,294912.0,90112.0,0.0,0.0,0.0,39.67035774962569,1.0,377.0,12.0,0.0,45.0,22.0,74926.63125,2518.1125,585.23125,9640.90625,3192.71875,37439.8875
t4,8192,128,1,0,unrolled_elementwise_kernel,2955136.0,3822688.0,105903.5,44736.0,24230.3,65536.0,32720.40625,67.22917425592453,203138.0,70846.0,131364.0,24230.3,26142.0,1630208.0,2252.8,27033.6,14745.6,0.0,1647.9,9.5,0.0,0.0,0.0,1048576.0,540672.0,294912.0,90112.0,0.0,0.0,0.0,39.12757727029302,0.0,438.0,20.0,0.0,45.0,9.0,75797.09375,2562.5125,568.93125,9255.4625,3194.1625,37441.45625
t4,8192,128,1,0,unrolled_elementwise_kernel,2968032.0,3826176.0,106159.5,44064.0,23970.9,65536.0,32850.71875,67.08838335375485,203217.0,70898.0,131391.0,23970.9,25768.8,1630208.0,2252.8,27033.6,14745.6,0.0,1648.0,9.6,0.0,0.0,0.0,1048576.0,540672.0,294912.0,90112.0,0.0,0.0,0.0,39.688353745614855,1.0,380.0,12.0,0.0,40.0,21.0,75988.75,2582.3875,581.8375,9198.10625,3216.84375,37436.3375
t4,8192,128,1,0,vectorized_elementwise_kernel,4700864.0,3383392.0,126316.5,30720.0,16001.5,131072.0,24112.09375,50.272824414753735,263906.0,131884.0,131094.0,16001.5,17923.2,102400.0,512.0,819.2,2662.4,0.0,0.0,0.0,0.0,0.0,1048576.0,0.0,16384.0,53248.0,20480.0,0.0,0.0,0.0,3.687190345474022,7.0,400.0,0.0,0.0,0.0,9.0,63382.69375,99.31875,114.2,152.21875,1220.6,2074.43125
t4,8192,128,1,0,vectorized_elementwise_kernel,4683808.0,3492160.0,127749.5,31296.0,16171.125,131072.0,24425.28125,50.30184894305558,264205.0,131904.0,131373.0,16171.125,18254.0,102400.0,512.0,819.2,2662.4,0.0,0.0,0.0,0.0,0.0,1048576.0,0.0,16384.0,53248.0,20480.0,0.0,0.0,0.0,3.6193437054892077,10.0,278.0,0.0,0.0,0.0,3.0,62919.30625,102.91875,120.0125,150.475,1285.10625,2079.375
t4,8192,128,1,0,volta_sgemm_128x128_tn,57522656.0,324640352.0,5971297.0,6735520.0,3920482.85,16078538.0,5136595.625,97.95490911981084,25163625.0,16769282.0,8391591.0,3920482.85,3940241.4,335609856.0,788889.6,1469644.8,13541376.0,0.0,0.0,0.0,0.0,8589934592.0,67108864.0,0.0,29392896.0,270827520.0,31555584.0,0.0,0.0,0.0,53.23530066584246,1810.0,4518.0,38439.0,0.0,39805.0,692.0,448936.1125,3933096.7125,1531532.91875,4056024.06875,76133.675,1993199.51875
t4,8192,128,1,0,cunn_SoftMaxForwardReg,305724128.0,303912544.0,9525573.0,2931296.0,1678128.025,8388608.0,2361379.59375,49.99851982637474,16788571.0,8394327.0,8391492.0,1678128.025,1714803.6,152803352.0,290406.4,2146939.85,3007546.7,0.0,0.0,0.0,311766663.0,940098765.0,67108864.0,0.0,42938797.0,60150934.0,11616256.0,0.0,24.474289650429938,8393720.0,55.69460039038873,1828.0,6972.0,10514.0,0.0,15306.0,4920.0,1390863.1125,2125834.38125,264820.5625,3099611.675,1014188.6375,1762385.94375
t4,8192,128,1,0,vectorized_elementwise_kernel,287926176.0,75108032.0,5672409.5,1233696.0,720005.85,8388608.0,1051344.75,20.01958615151949,10491086.0,8391395.0,2098091.0,720005.85,721690.4,10485760.0,32768.0,327680.0,91750.4,0.0,0.0,0.0,0.0,0.0,0.0,0.0,6553600.0,1835008.0,1310720.0,0.0,0.0,0.0,9.083728978520428,4.0,25790.0,55.0,0.0,63.0,276.0,5017152.53125,11220.44375,88.06875,12760.19375,51485.35625,131457.56875
t4,8192,128,1,0,reduce_kernel,91950272.0,1420288.0,1458915.0,800640.0,465708.825,2097152.0,602683.09375,0.9366461631808225,2119477.0,2105689.0,11036.0,465708.825,468349.4,42958848.0,69017.6,1304166.4,302284.8,0.0,0.0,0.0,0.0,0.0,0.0,0.0,26083328.0,6045696.0,2760704.0,0.0,0.0,0.0,57.35592113494754,0.0,4166.0,2279.0,0.0,2850.0,1172.0,776084.96875,449848.775,5345.6625,555405.25625,211392.11875,607443.29375
t4,8192,128,1,0,vectorized_elementwise_kernel,5216.0,0.0,81.5,3488.0,20.725,0.0,157.4375,87.3589164785553,886.0,580.0,17.0,20.725,1993.0,112.0,0.2,1.8,1.0,0.0,0.0,0.0,0.0,0.0,0.0,0.0,36.0,20.0,8.0,0.0,0.0,0.0,0.04014049172102358,0.0,0.0,0.0,0.0,0.0,0.0,0.0,0.0,0.0,0.0,0.8875,2.7375
t4,8192,128,1,0,elementwise_kernel,315781440.0,301214752.0,9640565.5,2317856.0,1354370.575,10485760.0,1977776.5625,50.04409361909102,16797215.0,8402982.0,8391481.0,1354370.575,1355911.6,91226112.0,235929.6,1625292.8,1258291.2,0.0,0.0,0.0,0.0,0.0,0.0,0.0,32505856.0,25165824.0,9437184.0,0.0,0.0,0.0,42.0561939657423,22.0,36414.0,1131.0,0.0,1710.0,735.0,6348534.225,223622.2125,806.33125,345163.59375,148942.24375,1318805.1125
t4,8192,128,1,0,vectorized_elementwise_kernel,294369344.0,150097056.0,6944787.5,1571040.0,916443.425,8388608.0,1333211.40625,33.350345333002146,12589153.0,8391446.0,4195819.0,916443.425,919043.6,7864320.0,32768.0,78643.2,104857.6,0.0,0.0,0.0,0.0,0.0,0.0,0.0,1572864.0,2097152.0,1310720.0,0.0,11.409426059873548,2097152.0,5.3503813638438915,369.0,31746.0,6.0,0.0,48.0,614.0,6183010.1,1483.20625,35285.05625,9203.0,103221.64375,211495.93125
t4,8192,128,1,0,volta_sgemm_128x64_nn,589508000.0,25977440.0,9616960.0,5934688.0,3467464.15,31964582.0,5057248.84375,82.38426711210201,30582815.0,29901833.0,658950.0,3467464.15,3471781.6,313535488.0,752960.0,654003.2,13451545.6,0.0,0.0,0.0,0.0,8602517504.0,5242880.0,0.0,13080064.0,269030912.0,30118400.0,0.0,0.0,0.0,56.44452296480862,56.0,855.0,39994.0,23.0,40095.0,560.0,78582.86875,3934768.925,338239.275,3960642.26875,51857.6,1556353.46875
t4,8192,128,1,0,vectorized_elementwise_kernel,4592320.0,1327552.0,92498.0,23936.0,12203.125,131072.0,17643.75,33.862807151928074,198436.0,131926.0,65582.0,12203.125,13945.6,122880.0,512.0,1228.8,1638.4,0.0,0.0,0.0,0.0,0.0,0.0,0.0,24576.0,32768.0,20480.0,0.0,11.748508490133089,32768.0,5.6540234912804035,0.0,364.0,0.0,0.0,0.0,4.0,53168.13125,143.53125,203.25,211.73125,1054.6625,3362.56875
t4,8192,128,2,0,unrolled_elementwise_kernel,2950688.0,3822304.0,105828.0,44096.0,23671.55,65536.0,32846.875,67.02671300991523,203122.0,70890.0,131304.0,23671.55,25763.8,1630208.0,2252.8,27033.6,14745.6,0.0,1647.875,9.475,0.0,0.0,0.0,1048576.0,540672.0,294912.0,90112.0,0.0,0.0,0.0,39.696686824148614,0.0,359.0,11.0,0.0,27.0,22.0,75061.78125,2638.86875,648.23125,9374.71875,3206.86875,37439.375
t4,8192,128,2,0,unrolled_elementwise_kernel,2938880.0,3824352.0,105675.5,44352.0,24387.1,65536.0,32576.3125,67.50020966015322,202709.0,70696.0,131085.0,24387.1,25908.8,1630208.0,2252.8,27033.6,14745.6,0.0,1647.725,9.325,0.0,0.0,0.0,1048576.0,540672.0,294912.0,90112.0,0.0,0.0,0.0,39.47956389334898,1.0,421.0,11.0,0.0,34.0,18.0,76061.85625,2536.375,577.025,9094.025,3219.7125,37437.475
t4,8192,128,2,0,unrolled_elementwise_kernel,2975104.0,3821920.0,106203.5,43968.0,23650.875,65536.0,33048.09375,67.20111811573875,203199.0,70880.0,131391.0,23650.875,25706.2,1630208.0,2252.8,27033.6,14745.6,0.0,1647.975,9.575,0.0,0.0,0.0,1048576.0,540672.0,294912.0,90112.0,0.0,0.0,0.0,39.78490597599023,0.0,378.0,19.0,0.0,34.0,20.0,75755.68125,2522.9125,544.825,8920.75,3191.65,37434.5875
t4,8192,128,2,0,vectorized_elementwise_kernel,4696384.0,3284512.0,124701.5,30400.0,15945.975,131072.0,23883.375,50.28001545958153,263914.0,131894.0,131092.0,15945.975,17725.2,102400.0,512.0,819.2,2662.4,0.0,0.0,0.0,0.0,0.0,1048576.0,0.0,16384.0,53248.0,20480.0,0.0,0.0,0.0,3.7281666779500373,10.0,403.0,0.0,0.0,0.0,15.0,63173.69375,101.15625,114.05,155.08125,1345.8875,2077.0875
t4,8192,128,2,0,vectorized_elementwise_kernel,4694368.0,3448320.0,127229.5,31808.0,16004.55,131072.0,24318.3125,50.26576097045374,263959.0,131880.0,131151.0,16004.55,18565.2,102400.0,512.0,819.2,2662.4,0.0,0.0,0.0,0.0,0.0,1048576.0,0.0,16384.0,53248.0,20480.0,0.0,0.0,0.0,3.5582703121970134,27.0,493.0,0.0,0.0,0.0,11.0,62901.73125,100.35,125.925,155.71875,1335.1125,2079.74375
t4,8192,128,2,0,volta_sgemm_128x128_tn,57573952.0,325415744.0,5984214.0,6736992.0,3919790.375,16070177.0,5149500.78125,97.95683235037899,25163427.0,16769021.0,8391654.0,3919790.375,3941119.0,335609856.0,788889.6,1469644.8,13541376.0,0.0,0.0,0.0,0.0,8589934592.0,67108864.0,0.0,29392896.0,270827520.0,31555584.0,0.0,0.0,0.0,53.2234461836854,1848.0,4462.0,38685.0,0.0,39721.0,768.0,449887.8,3931110.5375,1533386.4,4056924.475,75519.1625,1993159.91875
t4,8192,128,2,0,cunn_SoftMaxForwardReg,305425280.0,303912288.0,9520899.5,2932608.0,1678835.275,8388608.0,2362212.71875,50.01017929860642,16788976.0,8394731.0,8391493.0,1678835.275,1715576.0,152803352.0,290406.4,2146939.85,3007546.7,0.0,0.0,0.0,311766663.0,940098765.0,67108864.0,0.0,42938797.0,60150934.0,11616256.0,0.0,24.463270644961227,8393720.0,55.66952513324971,1801.0,6905.0,10609.0,0.0,15300.0,4981.0,1388516.18125,2125799.85625,265114.2875,3100731.59375,1014623.35625,1762404.70625
t4,8192,128,2,0,vectorized_elementwise_kernel,288004224.0,75098048.0,5673473.0,1234592.0,720273.925,8388608.0,1051435.03125,20.018819973729062,10489919.0,8390235.0,2098084.0,720273.925,722214.0,10485760.0,32768.0,327680.0,91750.4,0.0,0.0,0.0,0.0,0.0,0.0,0.0,6553600.0,1835008.0,1310720.0,0.0,0.0,0.0,9.077160647675065,4.0,25727.0,58.0,0.0,74.0,287.0,5001664.49375,11643.2,90.78125,12232.5,51710.65,131237.6
t4,8192,128,2,0,reduce_kernel,91879520.0,1419072.0,1457790.5,800544.0,465683.475,2097152.0,602052.1875,0.8880145212656109,2116069.0,2104591.0,9686.0,465683.475,468284.2,42958848.0,69017.6,1304166.4,302284.8,0.0,0.0,0.0,0.0,0.0,0.0,0.0,26083328.0,6045696.0,2760704.0,0.0,0.0,0.0,57.36386285294272,0.0,4188.0,2332.0,0.0,2765.0,1198.0,777297.625,449938.53125,5308.525,555236.25625,211299.65625,607455.85625
t4,8192,128,2,0,vectorized_elementwise_kernel,5088.0,160.0,82.0,3488.0,20.725,0.0,152.125,84.60686600221484,903.0,600.0,14.0,20.725,1992.6,112.0,0.2,1.8,1.0,0.0,0.0,0.0,0.0,0.0,0.0,0.0,36.0,20.0,8.0,0.0,0.0,0.0,0.04014854963364449,0.0,0.0,0.0,0.0,0.0,0.0,0.0,0.0,0.0,0.0,0.8875,2.7375
t4,8192,128,2,0,elementwise_kernel,315882208.0,301261088.0,9642864.0,2317120.0,1353879.325,10485760.0,1977097.5625,50.04336127223705,16797247.0,8403013.0,8391482.0,1353879.325,1355479.2,91226112.0,235929.6,1625292.8,1258291.2,0.0,0.0,0.0,0.0,0.0,0.0,0.0,32505856.0,25165824.0,9437184.0,0.0,0.0,0.0,42.06960211930954,21.0,36388.0,1159.0,0.0,1769.0,741.0,6354459.175,222812.69375,783.1125,344944.5875,148714.0625,1318757.55
t4,8192,128,2,0,vectorized_elementwise_kernel,294702240.0,149981408.0,6948182.0,1571264.0,916632.8,8388608.0,1334735.71875,33.35188468315719,12588482.0,8391407.0,4195475.0,916632.8,919159.2,7864320.0,32768.0,78643.2,104857.6,0.0,0.0,0.0,0.0,0.0,0.0,0.0,1572864.0,2097152.0,1310720.0,0.0,11.407991129284243,2097152.0,5.349739740406233,381.0,31896.0,3.0,0.0,58.0,554.0,6175221.23125,1476.09375,36436.71875,9229.04375,108441.24375,211544.2625
t4,8192,128,2,0,volta_sgemm_128x64_nn,589915936.0,25986368.0,9623473.5,5934784.0,3467474.175,31968571.0,5058417.78125,82.36248717009474,30583819.0,29902841.0,659019.0,3467474.175,3471826.4,313535488.0,752960.0,654003.2,13451545.6,0.0,0.0,0.0,0.0,8602517504.0,5242880.0,0.0,13080064.0,269030912.0,30118400.0,0.0,0.0,0.0,56.44379551206823,43.0,806.0,39771.0,16.0,39526.0,562.0,78508.7125,3941911.19375,339227.0125,3958976.58125,51570.875,1556351.775
t4,8192,128,2,0,vectorized_elementwise_kernel,4586720.0,1341952.0,92635.5,24000.0,12305.625,131072.0,17677.875,33.86651346557007,198432.0,131934.0,65570.0,12305.625,13991.4,122880.0,512.0,1228.8,1638.4,0.0,0.0,0.0,0.0,0.0,0.0,0.0,24576.0,32768.0,20480.0,0.0,11.71005045956802,32768.0,5.634443300884829,0.0,369.0,0.0,0.0,0.0,14.0,53167.04375,145.4,220.89375,212.30625,1062.08125,3360.96875
t4,8192,128,0,0,fmha_cutlassF_f16_aligned_32x128_rf_sm75,22699488.0,3729152.0,412947.5,5588640.0,2896065.675,37051746.0,3550835.6875,97.93353715832819,36291918.0,36220647.0,68519.0,2896065.675,3269314.4,115757274.0,346880.375,2042868.05,1194659.0,1638.4,3405485.1,3405485.1,153265394.0,262144.0,201405530.0,0.0,40857361.0,23893180.0,13875215.0,16777216.0,6.4949657334883435,4246817.0,22.134772354717555,265.0,22129.0,3793.0,0.0,2007.0,18286.0,1074158.3125,191380.0125,384953.625,107744.53125,903370.45625,1209922.8875
t4,8192,128,1,0,fmha_cutlassF_f16_aligned_32x128_rf_sm75,22625728.0,3719264.0,411640.5,5589024.0,2900524.775,37073060.0,3557211.71875,97.97553398226916,36379766.0,36308917.0,68097.0,2900524.775,3269542.2,115757274.0,346880.375,2042868.05,1194659.0,1638.4,3406646.075,3406646.075,153265394.0,262144.0,201405530.0,0.0,40857361.0,23893180.0,13875215.0,16777216.0,6.494513207384202,4246817.0,22.133233209224215,277.0,21872.0,3762.0,0.0,2070.0,18211.0,1066248.025,191381.425,383457.90625,107439.7375,906406.89375,1209805.14375
t4,8192,128,2,0,fmha_cutlassF_f16_aligned_32x128_rf_sm75,22771008.0,3737440.0,414194.5,5598560.0,2901816.975,37064780.0,3521751.5,97.63756951389713,36851624.0,36780391.0,68481.0,2901816.975,3275130.0,115757274.0,346880.375,2042868.05,1194659.0,1638.4,3406297.9,3406297.9,153265394.0,262144.0,201405530.0,0.0,40857361.0,23893180.0,13875215.0,16777216.0,6.483432718701243,4246817.0,22.09546663033223,283.0,22398.0,3762.0,0.0,2010.0,18306.0,1066954.60625,189487.8375,384856.54375,106799.20625,902560.91875,1209924.7
