,GpuName,SeqLen,HeadDim,Run,Action,Range,SM_Util,SMSP_Util,Tensor_Util,FMA_Util,FMA_Heavy_Util,FMA_Lite_Util,SFU_Util,Shared_Util,ALU_Util,ALU_Heavy_Util,FP64_Util,L1_Cache_Util,LTS_Util,DRAM_Util
0,a100-sxm4-40gb,256,64,0,unrolled_elementwise_kernel,0,0.19786002054416882,0.7357466249682573,0.0,0.010542041193575028,,,0.0,0.0,0.019327075521554223,,0.0,0.19786002054416882,0.2171454586634394,0.006263454943526414
1,a100-sxm4-40gb,256,64,0,unrolled_elementwise_kernel,0,0.19600527130006304,0.7370652609866499,0.0,0.01056093508279379,,,0.0,0.0,0.01936171431845528,,0.0,0.19600527130006304,0.22802492408181976,0.006274680570675529
2,a100-sxm4-40gb,256,64,0,unrolled_elementwise_kernel,0,0.1975187796140067,0.7433260140991563,0.0,0.010650641396047612,,,0.0,0.0,0.019526175892753957,,0.0,0.1975187796140067,0.21633855310297007,0.006327978735698602
3,a100-sxm4-40gb,256,64,0,vectorized_elementwise_kernel,0,0.06476438890162807,0.1222961094550179,0.00030574027363754495,0.003974623557288085,,,0.0,0.00030574027363754495,0.0009172208209126348,,0.0,0.06476438890162807,0.23947524936941073,0.014162462737904152
4,a100-sxm4-40gb,256,64,0,vectorized_elementwise_kernel,0,0.06255373317943674,0.1215972944601982,0.00030399323615049566,0.0039519120699564435,,,0.0,0.00030399323615049566,0.0009119797084514869,,0.0,0.06255373317943674,0.27199937301395044,0.01408153668580874
5,a100-sxm4-40gb,256,64,0,ampere_sgemm_32x32_sliced1x4_tn,0,0.4472954257252552,8.458600115705796,0.0,0.28872686614553605,,,0.0,0.0,0.22838843643291107,,0.0,0.4472954257252552,0.36453242391954355,0.012117552413361876
6,a100-sxm4-40gb,256,64,0,softmax_warp_forward,0,0.33693811786553063,3.60478453219728,0.0008738871593205527,0.10748812059642798,,,2.0973291823693265,0.0008738871593205527,0.06816319842700311,,0.0,0.33693811786553063,0.41464443716205146,0.039134442077666726
7,a100-sxm4-40gb,256,64,0,vectorized_elementwise_kernel,0,0.25087692612617596,0.6932440965932399,0.0,0.008259929661536476,,,0.0,0.0,0.029499748791201697,,0.0,0.25087692612617596,0.2930970587828588,0.05199607284594217
8,a100-sxm4-40gb,256,64,0,reduce_kernel,0,0.10484466392851932,1.870189268171911,0.002829517169421762,0.020372523619836685,,,0.0,0.002829517169421762,0.07752877044215628,,0.0,0.10484466392851932,0.1820411318952902,0.011149181871637187
9,a100-sxm4-40gb,256,64,0,vectorized_elementwise_kernel,0,0.004037592955883024,0.0099799260915187,0.0,0.00011405629818878597,,,0.0,0.0,0.00020530133673981476,,0.0,0.004037592955883024,0.06776868812445823,0.0009546512158401388
10,a100-sxm4-40gb,256,64,0,elementwise_kernel,0,0.5579728226249152,4.272114275314031,0.009018027247828422,0.07214421798262738,,,0.0,0.009018027247828422,0.13527040871742635,,0.0,0.5579728226249152,0.40055034331324435,0.03397083818923179
11,a100-sxm4-40gb,256,64,0,vectorized_elementwise_kernel,0,0.24735279519091127,0.4264941081309631,0.0,0.009412283765648838,,,0.0,0.0,0.00705921282423663,,0.0,0.24735279519091127,0.35269454197841793,0.051794216592826806
12,a100-sxm4-40gb,256,64,0,ampere_sgemm_32x32_sliced1x4_nn,0,0.4429529275680009,8.179793629397237,0.0,0.27634756031402463,,,0.0,0.0,0.22644493443108318,,0.0,0.4429529275680009,0.3648988835537967,0.02673291907190237
13,a100-sxm4-40gb,256,64,0,splitKreduce_kernel,0,0.14936675440631725,2.6753926282692353,0.004096294933235192,0.04096294933235192,,,0.0,0.004096294933235192,0.07987775119808625,,0.0,0.14936675440631725,0.31864724260146726,0.045536078597659034
14,a100-sxm4-40gb,256,64,0,vectorized_elementwise_kernel,0,0.06367253579852757,0.1105525243620595,0.0,0.0024397798479902782,,,0.0,0.0,0.0018298348859927091,,0.0,0.06367253579852757,0.18042993972028304,0.014178361249434134
15,a100-sxm4-40gb,256,64,0,fmha_cutlassF_f16_aligned_64x64_rf_sm80,0,0.033693894002539554,0.8155235781989629,0.0123319727317683,0.018643227086985414,,,0.1667947483740146,0.0123319727317683,0.024084378873969855,,0.0,0.033693894002539554,0.08743689686499635,0.004645715459901142
16,a100-sxm4-40gb,256,64,0,flash_fwd_kernel,0,0.016510073271530028,0.4020134032269498,0.01708139937362642,0.013486632220289996,,,0.2260282827271855,0.01708139937362642,0.008382229673093043,,0.0,0.016510073271530028,0.11853027924084521,0.0072062153607486456
17,a100-sxm4-40gb,256,64,0,cudnn_generated_fort_native_sdpa_sm80_flash_fprop_wmma_f16_knob_6_128x64x64_4x1x1_kernel0_0,0,0.01607319397614241,0.4456534252411929,0.019444968626236226,0.014175458085434908,,,0.2734448713064469,0.019444968626236226,0.008934431385394674,,0.0,0.01607319397614241,0.0962963886050395,0.006190962789422525
18,a100-sxm4-40gb,256,128,0,unrolled_elementwise_kernel,0,0.3928177232073354,1.4945939477310382,0.0,0.021415077460026816,,,0.0,0.0,0.0392609753433825,,0.0,0.3928177232073354,0.26162678836577585,0.009574045372265895
19,a100-sxm4-40gb,256,128,0,unrolled_elementwise_kernel,0,0.3955685499765587,1.5002414101149673,0.0,0.02149599632403535,,,0.0,0.0,0.03940932659406481,,0.0,0.3955685499765587,0.2717202045105206,0.009610221794085336
20,a100-sxm4-40gb,256,128,0,unrolled_elementwise_kernel,0,0.3776679484863344,1.5090904398463694,0.0,0.021622788391828573,,,0.0,0.0,0.03964177871835239,,0.0,0.3776679484863344,0.30487814892413956,0.00967957636602951
21,a100-sxm4-40gb,256,128,0,vectorized_elementwise_kernel,0,0.1273360366713681,0.2375473238809294,0.0005938683097023235,0.007720288026130205,,,0.0,0.0005938683097023235,0.0017816049291069704,,0.0,0.1273360366713681,0.2609480550812857,0.026582102293816346
22,a100-sxm4-40gb,256,128,0,vectorized_elementwise_kernel,0,0.12653349078265433,0.2399227748568429,0.0005998069371421073,0.007797490182847396,,,0.0,0.0005998069371421073,0.0017994208114263221,,0.0,0.12653349078265433,0.24414274467905644,0.026847920825484296
23,a100-sxm4-40gb,256,128,0,ampere_sgemm_32x32_sliced1x4_tn,0,0.4738361635315997,10.08261943233438,0.0,0.4257431175878784,,,0.0,0.0,0.21072528276576935,,0.0,0.4738361635315997,0.4431713209963111,0.017911649035090394
24,a100-sxm4-40gb,256,128,0,softmax_warp_forward,0,0.18904258962204643,1.9335877656219025,0.0004902402537714255,0.05737252852225006,,,1.1116918695816738,0.0004902402537714255,0.03725465457888002,,0.0,0.18904258962204643,0.24050015320007934,0.02066254528414109
25,a100-sxm4-40gb,256,128,0,vectorized_elementwise_kernel,0,0.24881154383299295,0.6841868230348963,0.0,0.00815201321062855,,,0.0,0.0,0.02911433289510197,,0.0,0.24881154383299295,0.2926853650436943,0.051341306414706384
26,a100-sxm4-40gb,256,128,0,reduce_kernel,0,0.10540794943914655,1.8965922970898377,0.0028687009043131366,0.020654646511054583,,,0.0,0.0028687009043131366,0.07860240477817995,,0.0,0.10540794943914655,0.1913696365938659,0.011303578032026357
27,a100-sxm4-40gb,256,128,0,vectorized_elementwise_kernel,0,0.0038650987595602424,0.0095670761375253,0.0,0.00010933801300028973,,,0.0,0.0,0.00019680842340052154,,0.0,0.0038650987595602424,0.08234956456136323,0.0009151591688124252
28,a100-sxm4-40gb,256,128,0,elementwise_kernel,0,0.5692653093055622,4.350959231175313,0.00921437826942458,0.07371502615539664,,,0.0,0.00921437826942458,0.13821567404136872,,0.0,0.5692653093055622,0.41441621274655654,0.03472668810289389
29,a100-sxm4-40gb,256,128,0,vectorized_elementwise_kernel,0,0.2488087245192935,0.4326824446558124,0.0,0.009548853951024821,,,0.0,0.0,0.007161640463268617,,0.0,0.2488087245192935,0.30326784815084207,0.052570917025681195
30,a100-sxm4-40gb,256,128,0,ampere_sgemm_32x32_sliced1x4_nn,0,0.6966012447744849,14.198459391235826,0.0,0.5404351368317017,,,0.0,0.0,0.3500327220760488,,0.0,0.6966012447744849,0.38127700406020865,0.02888491178395416
31,a100-sxm4-40gb,256,128,0,splitKreduce_kernel,0,0.3132260448016724,4.175241939843933,0.007381643208563857,0.06274396727279281,,,0.0,0.007381643208563857,0.12179711294130369,,0.0,0.3132260448016724,0.401241146893979,0.06095910901259709
32,a100-sxm4-40gb,256,128,0,vectorized_elementwise_kernel,0,0.12616302661415443,0.2215061463181764,0.0,0.004888411504952857,,,0.0,0.0,0.0036663086287146433,,0.0,0.12616302661415443,0.22859291084854996,0.027402792696025777
33,a100-sxm4-40gb,256,128,0,fmha_cutlassF_f16_aligned_64x128_rf_sm80,0,0.03354016260486884,1.16215780516666,0.027229335354260566,0.023194959647933205,,,0.1848084772579208,0.027229335354260566,0.03058729873825004,,0.0,0.03354016260486884,0.15497748893143473,0.008575146583702285
34,a100-sxm4-40gb,256,128,0,flash_fwd_splitkv_kernel,0,0.0608261902396286,0.9803124595425408,0.04932874489295145,0.025435134085428093,,,0.3709290387458263,0.04932874489295145,0.020328838227368664,,0.0,0.0608261902396286,0.2095475463586029,0.01583553873528854
35,a100-sxm4-40gb,256,128,0,flash_fwd_splitkv_combine_kernel,0,0.4129122870419233,3.983499278247424,0.003811017866199599,0.10408021207000281,,,2.2866107197197594,0.003811017866199599,0.1456071653706605,,0.0,0.4129122870419233,0.2545382118194941,0.02487058760721055
36,a100-sxm4-40gb,256,128,0,cudnn_generated_fort_native_sdpa_sm80_flash_fprop_wmma_f16_knob_3_64x64x128_4x1x1_kernel0_0,0,0.031359865258742535,0.7773343836292339,0.04052130620865851,0.02130930018883067,,,0.296786910707948,0.04052130620865851,0.014958060299680583,,0.0,0.031359865258742535,0.22372066292302953,0.011492331149888518
37,a100-sxm4-40gb,512,64,0,unrolled_elementwise_kernel,0,0.3958094982509169,1.5141456800237292,0.0,0.021695221683922086,,,0.0,0.0,0.0397745730871905,,0.0,0.3958094982509169,0.2559172799050834,0.009699289537987824
38,a100-sxm4-40gb,512,64,0,unrolled_elementwise_kernel,0,0.38624205425136887,1.499290214753743,0.0,0.021482367256173033,,,0.0,0.0,0.039384339969650566,,0.0,0.38624205425136887,0.24776260305871986,0.009604128642457046
39,a100-sxm4-40gb,512,64,0,unrolled_elementwise_kernel,0,0.3880766701337226,1.5000069963012888,0.0,0.021492637558943834,,,0.0,0.0,0.039403168858063706,,0.0,0.3880766701337226,0.28877950690068516,0.009608720189926258
40,a100-sxm4-40gb,512,64,0,vectorized_elementwise_kernel,0,0.12824853224399957,0.2387580848990174,0.0005968952122475436,0.0077596377592180675,,,0.0,0.0005968952122475436,0.0017906856367426308,,0.0,0.12824853224399957,0.24165442565157175,0.026717589289461535
41,a100-sxm4-40gb,512,64,0,vectorized_elementwise_kernel,0,0.12310083588550905,0.2357980058488958,0.0005894950146222396,0.007663435190089115,,,0.0,0.0005894950146222396,0.0017684850438667188,,0.0,0.12310083588550905,0.2529365371773321,0.026386349506067653
42,a100-sxm4-40gb,512,64,0,ampere_sgemm_128x32_tn,0,0.47741065921430365,17.953899926136323,0.0,0.81874462203879,,,0.0,0.0,0.3423132276905036,,0.0,0.47741065921430365,0.4402511365107407,0.017648698247831683
43,a100-sxm4-40gb,512,64,0,softmax_warp_forward,0,0.32229133204695637,4.715338188987224,0.0018780624815098285,0.13892631838668684,,,2.9454918715108223,0.0018780624815098285,0.09355338284806737,,0.0,0.32229133204695637,0.2911827481755365,0.05371522200782606
44,a100-sxm4-40gb,512,64,0,vectorized_elementwise_kernel,0,0.4783090295669704,2.247518533424104,0.0,0.026960443222465026,,,0.0,0.0,0.09628729722308939,,0.0,0.4783090295669704,0.4198988419195775,0.16721718427357626
45,a100-sxm4-40gb,512,64,0,reduce_kernel,0,0.21494637281670087,3.684431040499861,0.004777643613914141,0.03631009146574747,,,0.0,0.004777643613914141,0.16721752648699492,,0.0,0.21494637281670087,0.39552758435993574,0.024882191893309247
46,a100-sxm4-40gb,512,64,0,vectorized_elementwise_kernel,0,0.004088885328083688,0.0100147646244177,0.0,0.00011445445285048812,,,0.0,0.0,0.00020601801513087865,,0.0,0.004088885328083688,0.051259857389751744,0.0009579837703585858
47,a100-sxm4-40gb,512,64,0,elementwise_kernel,0,0.57141607615957,14.21143534422655,0.031153421983343255,0.2492273758667461,,,0.0,0.031153421983343255,0.46730132975014893,,0.0,0.57141607615957,0.43129767895851023,0.11348029459860305
48,a100-sxm4-40gb,512,64,0,vectorized_elementwise_kernel,0,0.4821564870632584,1.4299246849541258,0.0,0.03190180226490334,,,0.0,0.0,0.023926351698677507,,0.0,0.4821564870632584,0.44454559792513676,0.17308986401233703
49,a100-sxm4-40gb,512,64,0,ampere_sgemm_32x32_sliced1x4_nn,0,0.7642947638655042,23.62855702068781,0.0,0.8993948688882593,,,0.0,0.0,0.5825262140130362,,0.0,0.7642947638655042,0.5315220381082568,0.07012519379198827
50,a100-sxm4-40gb,512,64,0,splitKreduce_kernel,0,0.35061137206879534,4.698456795764565,0.009357922248825689,0.07798268540688075,,,0.0,0.009357922248825689,0.14036883373238535,,0.0,0.35061137206879534,0.499058496152651,0.10205252864949828
51,a100-sxm4-40gb,512,64,0,vectorized_elementwise_kernel,0,0.12390289054277552,0.2180123289730867,0.0,0.004811306570440534,,,0.0,0.0,0.0036084799278304006,,0.0,0.12390289054277552,0.2819318758457375,0.02697056833558863
52,a100-sxm4-40gb,512,64,0,fmha_cutlassF_f16_aligned_64x64_rf_sm80,0,0.07024753786038351,1.831387677667656,0.029213140564168075,0.04246862092544533,,,0.3831728459008618,0.029213140564168075,0.054071679532703865,,0.0,0.07024753786038351,0.10080766737958093,0.0046047605080561695
53,a100-sxm4-40gb,512,64,0,flash_fwd_splitkv_kernel,0,0.12358432693169899,2.427620445187103,0.09327892442294909,0.07506038449659186,,,1.2844070648081858,0.09327892442294909,0.055384361376126026,,0.0,0.12358432693169899,0.19853376336678616,0.015848421747812706
54,a100-sxm4-40gb,512,64,0,flash_fwd_splitkv_combine_kernel,0,0.41735718886246537,4.004822301492932,0.0038314176245210735,0.10463733650416171,,,2.298850574712644,0.0038314176245210735,0.14638657682652928,,0.0,0.41735718886246537,0.26479079964328184,0.025159780023781213
55,a100-sxm4-40gb,512,64,0,cudnn_generated_fort_native_sdpa_sm80_flash_fprop_wmma_f16_knob_6_128x64x64_4x1x1_kernel0_0,0,0.03345645194780303,1.0782794805858582,0.052337523359261444,0.03625037933843377,,,0.7155520771774027,0.052337523359261444,0.019792681563353513,,0.0,0.03345645194780303,0.1312028622083087,0.007482151128432014
56,a100-sxm4-40gb,512,128,0,unrolled_elementwise_kernel,0,0.6669420503952224,3.002149393338981,0.0,0.04301587190455853,,,0.0,0.0,0.07886243182502399,,0.0,0.6669420503952224,0.47893489508580067,0.016067940433099257
57,a100-sxm4-40gb,512,128,0,unrolled_elementwise_kernel,0,0.6357532214086368,2.9500053890801183,0.0,0.04226873393308826,,,0.0,0.0,0.0774926788773285,,0.0,0.6357532214086368,0.4882239999816542,0.0157888581341858
58,a100-sxm4-40gb,512,128,0,unrolled_elementwise_kernel,0,0.6639395209327074,3.028662105466377,0.0,0.04339575554101078,,,0.0,0.0,0.07955888515851978,,0.0,0.6639395209327074,0.4773654948180307,0.016209840326598265
59,a100-sxm4-40gb,512,128,0,vectorized_elementwise_kernel,0,0.25404265827647393,0.4682898275010518,0.0011707245687526296,0.015219419393784184,,,0.0,0.0011707245687526296,0.003512173706257888,,0.0,0.25404265827647393,0.35556437155871,0.05148901531088225
60,a100-sxm4-40gb,512,128,0,vectorized_elementwise_kernel,0,0.24605654317470668,0.4705039078473986,0.0011762597696184966,0.015291377005040454,,,0.0,0.0011762597696184966,0.003528779308855489,,0.0,0.24605654317470668,0.3478201287453076,0.05173245603958849
61,a100-sxm4-40gb,512,128,0,ampere_sgemm_32x32_sliced1x4_tn,0,0.7441247555089581,27.2209715438664,0.0,1.1494644089978876,,,0.0,0.0,0.5689374709980379,,0.0,0.7441247555089581,0.601617344896735,0.023474226708659278
62,a100-sxm4-40gb,512,128,0,softmax_warp_forward,0,0.428162322571645,6.22875773995035,0.0024856614744664866,0.1840229670047462,,,3.901125205685316,0.0024856614744664866,0.12293086119926826,,0.0,0.428162322571645,0.36963862794023,0.07110196601872489
63,a100-sxm4-40gb,512,128,0,vectorized_elementwise_kernel,0,0.48603038184628145,2.252723434731803,0.0,0.027019488107354217,,,0.0,0.0,0.09649817181197935,,0.0,0.48603038184628145,0.4156915074069886,0.16762410946511366
64,a100-sxm4-40gb,512,128,0,reduce_kernel,0,0.2128434593884556,3.621080614002741,0.004696566919657517,0.03569390858939713,,,0.0,0.004696566919657517,0.1643798421880131,,0.0,0.2128434593884556,0.3922097989465747,0.02445994066915071
65,a100-sxm4-40gb,512,128,0,vectorized_elementwise_kernel,0,0.003985144499941272,0.009788074210382,0.0,0.00011186370526150936,,,0.0,0.0,0.00020135466947071687,,0.0,0.003985144499941272,0.05187777212244601,0.0009362992130388336
66,a100-sxm4-40gb,512,128,0,elementwise_kernel,0,0.573982660054149,14.489928961496927,0.03144528551029495,0.2515622840823596,,,0.0,0.03144528551029495,0.4716792826544243,,0.0,0.573982660054149,0.44636912895944975,0.11454344454851141
67,a100-sxm4-40gb,512,128,0,vectorized_elementwise_kernel,0,0.473616961313763,1.398700937640437,0.0,0.031198823950581548,,,0.0,0.0,0.02339911796293616,,0.0,0.473616961313763,0.4310684797428534,0.16929627457402485
68,a100-sxm4-40gb,512,128,0,ampere_sgemm_32x128_nn,0,0.6914469305127355,24.7466539842224,0.0,1.1239414710735391,,,0.0,0.0,0.4774358756026671,,0.0,0.6914469305127355,0.698668187590796,0.057986253531891116
69,a100-sxm4-40gb,512,128,0,splitKreduce_kernel,0,0.5583837378338761,9.29041186521437,0.01243091826731937,0.1740328557424712,,,0.0,0.01243091826731937,0.26726474274736645,,0.0,0.5583837378338761,0.47734544052977074,0.26950752804999073
70,a100-sxm4-40gb,512,128,0,vectorized_elementwise_kernel,0,0.25402528903435445,0.4370246532765076,0.0,0.009644682003343613,,,0.0,0.0,0.007233511502507711,,0.0,0.25402528903435445,0.35264216251854297,0.053073065059219666
71,a100-sxm4-40gb,512,128,0,fmha_cutlassF_f16_aligned_64x128_rf_sm80,0,0.0698776952517155,2.5670038014442116,0.06499646434943533,0.05217539207042342,,,0.4268070744747848,0.06499646434943533,0.06692644359174493,,0.0,0.0698776952517155,0.1597418082497191,0.009232957222099353
72,a100-sxm4-40gb,512,128,0,flash_fwd_splitkv_kernel,0,0.23800509340368772,3.8478242243933862,0.19362024598421754,0.09983543933561219,,,1.4559334903110108,0.19362024598421754,0.07979271855990216,,0.0,0.23800509340368772,0.3022490449868086,0.027791548613347435
73,a100-sxm4-40gb,512,128,0,flash_fwd_splitkv_combine_kernel,0,0.7297397960721994,7.0007289469997,0.007491659675751605,0.17866473226716706,,,3.9501478290326646,0.007491659675751605,0.255851528926426,,0.0,0.7297397960721994,0.3474180023305021,0.08075668600474968
74,a100-sxm4-40gb,512,128,0,cudnn_generated_fort_native_sdpa_sm80_flash_fprop_wmma_f16_knob_3_64x64x128_4x1x1_kernel0_0,0,0.06593907690637058,1.8646732251266616,0.11119745624959702,0.05291109429454703,,,0.7764275509615418,0.11119745624959702,0.03246878849475539,,0.0,0.06593907690637058,0.2949561690019445,0.014916367757895775
75,a100-sxm4-40gb,1024,64,0,unrolled_elementwise_kernel,0,0.6712176361191918,3.013055637533904,0.0,0.043172140478097726,,,0.0,0.0,0.07914892420984584,,0.0,0.6712176361191918,0.4771048526497745,0.016126312239133186
76,a100-sxm4-40gb,1024,64,0,unrolled_elementwise_kernel,0,0.6579580916334754,2.998049310266874,0.0,0.042957124445614905,,,0.0,0.0,0.07875472815029401,,0.0,0.6579580916334754,0.46199569310080424,0.016045996191843458
77,a100-sxm4-40gb,1024,64,0,unrolled_elementwise_kernel,0,0.6625456224288934,2.954748522510893,0.0,0.04233669524791727,,,0.0,0.0,0.07761727462118168,,0.0,0.6625456224288934,0.4494656232557819,0.01581424407453941
78,a100-sxm4-40gb,1024,64,0,vectorized_elementwise_kernel,0,0.2467181696763452,0.4683755054247397,0.0011709387635618492,0.01522220392630404,,,0.0,0.0011709387635618492,0.0035128162906855474,,0.0,0.2467181696763452,0.3372530051045612,0.05149843569899556
79,a100-sxm4-40gb,1024,64,0,vectorized_elementwise_kernel,0,0.2536857487370512,0.4590096329267691,0.0011475240823169228,0.014917813070119997,,,0.0,0.0011475240823169228,0.003442572246950768,,0.0,0.2536857487370512,0.337501512849132,0.05046864704221186
80,a100-sxm4-40gb,1024,64,0,ampere_sgemm_32x128_tn,0,0.7422011479910158,38.833783865034874,0.0,1.7711578994185915,,,0.0,0.0,0.7421995007087433,,0.0,0.7422011479910158,0.7265556316050871,0.01866239032188719
81,a100-sxm4-40gb,1024,64,0,softmax_warp_forward,0,0.34765923477758826,8.893538115310633,0.0018669565191776908,0.2603270266846941,,,5.798758700730229,0.0018669565191776908,0.18278205388782356,,0.0,0.34765923477758826,0.3184922809095006,0.10485909456438172
82,a100-sxm4-40gb,1024,64,0,vectorized_elementwise_kernel,0,0.6414124909686462,5.835211940024151,0.0,0.07320055860359313,,,0.0,0.0,0.26143056644140406,,0.0,0.6414124909686462,0.5869601931114067,0.45231726028936076
83,a100-sxm4-40gb,1024,64,0,reduce_kernel,0,0.46711683479154487,7.16111755754501,0.007227534648405846,0.06071129104660913,,,0.0,0.007227534648405846,0.36282223934997354,,0.0,0.46711683479154487,0.5151510371229895,0.06565509414146205
84,a100-sxm4-40gb,1024,64,0,vectorized_elementwise_kernel,0,0.003898672967552271,0.009616177157458,0.0,0.00010989916751380606,,,0.0,0.0,0.00019781850152485094,,0.0,0.003898672967552271,0.054386487897354174,0.0009198560320905569
85,a100-sxm4-40gb,1024,64,0,elementwise_kernel,0,0.7587357954545454,32.551274463383834,0.07757575757575756,0.6206060606060605,,,0.0,0.07757575757575756,1.1636363636363636,,0.0,0.7587357954545454,0.6629616477272727,0.28014204545454546
86,a100-sxm4-40gb,1024,64,0,vectorized_elementwise_kernel,0,0.6214932793179255,3.3201094591074307,0.0,0.07977660214195112,,,0.0,0.0,0.05983245160646334,,0.0,0.6214932793179255,0.6174121782995372,0.43130637594431603
87,a100-sxm4-40gb,1024,64,0,ampere_sgemm_32x32_sliced1x4_nn,0,0.8585869131453034,41.22331012854672,0.0,1.9265965551573883,,,0.0,0.0,0.7367916124169123,,0.0,0.8585869131453034,0.7435173390948924,0.15214321128986097
88,a100-sxm4-40gb,1024,64,0,splitKreduce_kernel,0,0.5471740930417983,8.680732313165079,0.01884142414670796,0.13817044374252507,,,0.0,0.01884142414670796,0.25121898862277287,,0.0,0.5471740930417983,0.4689003035971665,0.17056640804685824
89,a100-sxm4-40gb,1024,64,0,vectorized_elementwise_kernel,0,0.2524134297756009,0.4404450013289289,0.0,0.009720165546569463,,,0.0,0.0,0.007290124159927098,,0.0,0.2524134297756009,0.31519286080419184,0.05351406766146486
90,a100-sxm4-40gb,1024,64,0,fmha_cutlassF_f16_aligned_64x64_rf_sm80,0,0.1439381085996224,3.8866973507697846,0.06381150989788707,0.09084128693101116,,,0.82235116534436,0.06381150989788707,0.11482805063850701,,0.0,0.1439381085996224,0.10847652405650401,0.004532315311778027
91,a100-sxm4-40gb,1024,64,0,flash_fwd_splitkv_kernel,0,0.46613274521701986,9.27960059972626,0.35665753290467234,0.28699785850922854,,,4.911007044878789,0.35665753290467234,0.21176541016214923,,0.0,0.46613274521701986,0.3127399653334277,0.02643421378445229
92,a100-sxm4-40gb,1024,64,0,flash_fwd_splitkv_combine_kernel,0,0.7257488023832962,6.884155128775153,0.007307667687963974,0.17715558031427817,,,3.8531338718355497,0.007307667687963974,0.25001081271852504,,0.0,0.7257488023832962,0.38235360011625835,0.0793899204702927
93,a100-sxm4-40gb,1024,64,0,cudnn_generated_fort_native_sdpa_sm80_flash_fprop_wmma_f16_knob_6_128x64x64_4x1x1_kernel0_0,0,0.06950174150423782,2.4544844516633253,0.12623389656336423,0.08513699688874357,,,1.701198996654713,0.12623389656336423,0.04260702197237574,,0.0,0.06950174150423782,0.14957209991269604,0.008505706056813537
94,a100-sxm4-40gb,1024,128,0,unrolled_elementwise_kernel,0,0.6595710773687185,6.020197001619416,0.0,0.08639385793666232,,,0.0,0.0,0.1583887395505476,,0.0,0.6595710773687185,0.5609151810300987,0.02909465030220508
95,a100-sxm4-40gb,1024,128,0,unrolled_elementwise_kernel,0,0.6516543880511597,6.025082619719433,0.0,0.08646396982767719,,,0.0,0.0,0.1585172780174082,,0.0,0.6516543880511597,0.5721076648113878,0.029118261713939924
96,a100-sxm4-40gb,1024,128,0,unrolled_elementwise_kernel,0,0.6646722662396174,5.9941732070239,0.0,0.08605725010855202,,,0.0,0.0,0.15777162519901206,,0.0,0.6646722662396174,0.556449624853513,0.02898129169915446
97,a100-sxm4-40gb,1024,128,0,vectorized_elementwise_kernel,0,0.4335176652629856,0.8827243770715791,0.0022068109426789475,0.02868854225482632,,,0.0,0.0022068109426789475,0.006620432828036844,,0.0,0.4335176652629856,0.4012282928679491,0.09619540621269003
98,a100-sxm4-40gb,1024,128,0,vectorized_elementwise_kernel,0,0.41598455094558157,0.8352603867157706,0.0020881509667894267,0.027145962568262547,,,0.0,0.0020881509667894267,0.006264452900368281,,0.0,0.41598455094558157,0.39303905494855074,0.09102299005273397
99,a100-sxm4-40gb,1024,128,0,ampere_sgemm_32x128_tn,0,0.7704010327777375,42.32906350195711,0.0,2.1665236787045186,,,0.0,0.0,0.6184098446446843,,0.0,0.7704010327777375,0.7883430594051224,0.022839037039832942
100,a100-sxm4-40gb,1024,128,0,softmax_warp_forward,0,0.3490441459177095,8.757996768048196,0.0018605404124063009,0.25588848320859386,,,5.693901208657468,0.0018605404124063009,0.18083435235212664,,0.0,0.3490441459177095,0.3064829108380237,0.10290754247357055
101,a100-sxm4-40gb,1024,128,0,vectorized_elementwise_kernel,0,0.6491721376297653,5.742345882028043,0.0,0.07198322935365226,,,0.0,0.0,0.2570829619773295,,0.0,0.6491721376297653,0.5904595609002925,0.4447951997790693
102,a100-sxm4-40gb,1024,128,0,reduce_kernel,0,0.47158366130318446,7.26226540432276,0.007330108276579873,0.06157290952327094,,,0.0,0.007330108276579873,0.36797143548430966,,0.0,0.47158366130318446,0.5149224611983868,0.0665868753838643
103,a100-sxm4-40gb,1024,128,0,vectorized_elementwise_kernel,0,0.0041919613639953964,0.0098733948680914,0.0,0.00011283879849247363,,,0.0,0.0,0.00020310983728645258,,0.0,0.0041919613639953964,0.057147491593509514,0.0009444607433820045
104,a100-sxm4-40gb,1024,128,0,elementwise_kernel,0,0.7551109319021333,31.886549130295737,0.07593516960739329,0.6074813568591463,,,0.0,0.07593516960739329,1.1390275441108995,,0.0,0.7551109319021333,0.6591670026834999,0.2742175442499409
105,a100-sxm4-40gb,1024,128,0,vectorized_elementwise_kernel,0,0.6247929438258476,3.4447641686475667,0.0,0.08199174277492806,,,0.0,0.0,0.06149380708119604,,0.0,0.6247929438258476,0.6063058926560742,0.4432958838984111
106,a100-sxm4-40gb,1024,128,0,ampere_sgemm_32x128_nn,0,0.8072745478473696,35.80050172043096,0.0,1.9043951223247884,,,0.0,0.0,0.46292496725360077,,0.0,0.8072745478473696,0.8408953279442875,0.08835910327765006
107,a100-sxm4-40gb,1024,128,0,splitKreduce_kernel,0,0.6020721965440669,14.826370955690544,0.03221552521950234,0.2362471849430172,,,0.0,0.03221552521950234,0.42954033626003124,,0.0,0.6020721965440669,0.545119956165073,0.29078915976939473
108,a100-sxm4-40gb,1024,128,0,vectorized_elementwise_kernel,0,0.4389272748565406,0.8050209713167906,0.0,0.01776598005664641,,,0.0,0.0,0.013324485042484808,,0.0,0.4389272748565406,0.36446597962290667,0.09684974821407659
109,a100-sxm4-40gb,1024,128,0,fmha_cutlassF_f16_aligned_64x128_rf_sm80,0,0.1434628662865628,5.455245400945922,0.14394966506157608,0.11201121751311448,,,0.9286791746221064,0.14394966506157608,0.14151045450476943,,0.0,0.1434628662865628,0.17220333691911563,0.009665303190797114
110,a100-sxm4-40gb,1024,128,0,flash_fwd_splitkv_kernel,0,0.6656046060903622,10.74493114484904,0.5407824041076885,0.27884092711802694,,,4.066430187137892,0.5407824041076885,0.22286149856781698,,0.0,0.6656046060903622,0.5076694509225899,0.036521749893501695
111,a100-sxm4-40gb,1024,128,0,flash_fwd_splitkv_combine_kernel,0,0.784322822496408,11.36273257016209,0.00984098537107832,0.29862300436375594,,,5.904591222646992,0.00984098537107832,0.4051771218299143,,0.0,0.784322822496408,0.507434656334339,0.23766854543237237
112,a100-sxm4-40gb,1024,128,0,cudnn_generated_fort_native_sdpa_sm80_flash_fprop_wmma_f16_knob_3_64x64x128_4x1x1_kernel0_0,0,0.1388553583668165,4.214360498479635,0.27080334310065823,0.12207968091683725,,,1.8445833184834872,0.27080334310065823,0.06862643313927813,,0.0,0.1388553583668165,0.2981394950639112,0.0176527739254264
113,a100-sxm4-40gb,2048,64,0,unrolled_elementwise_kernel,0,0.6497452379805321,5.89313530490001,0.0,0.08457043751161397,,,0.0,0.0,0.15504580210462565,,0.0,0.6497452379805321,0.5496185452067806,0.02848058142175789
114,a100-sxm4-40gb,2048,64,0,unrolled_elementwise_kernel,0,0.6499455077430789,6.046639722619112,0.0,0.08677332868834901,,,0.0,0.0,0.15908443592863986,,0.0,0.6499455077430789,0.5751794242887172,0.02922244374821988
115,a100-sxm4-40gb,2048,64,0,unrolled_elementwise_kernel,0,0.6557313283994847,5.9298519383746005,0.0,0.0850973457864533,,,0.0,0.0,0.15601180060849773,,0.0,0.6557313283994847,0.551660787907608,0.028658027045369554
116,a100-sxm4-40gb,2048,64,0,vectorized_elementwise_kernel,0,0.43607624161992065,0.8756327815022575,0.0021890819537556433,0.028458065398823364,,,0.0,0.0021890819537556433,0.006567245861266931,,0.0,0.43607624161992065,0.4071708467300588,0.09542259543029143
117,a100-sxm4-40gb,2048,64,0,vectorized_elementwise_kernel,0,0.43297710636707937,0.8695504492111208,0.0021738761230278014,0.02826038959936142,,,0.0,0.0021738761230278014,0.006521628369083405,,0.0,0.43297710636707937,0.3965958883171142,0.09475976970499822
118,a100-sxm4-40gb,2048,64,0,ampere_sgemm_128x64_tn,0,0.9039278027252494,49.696411836268034,0.0,2.8956487420099903,,,0.0,0.0,0.5506593411064561,,0.0,0.9039278027252494,0.7817185082059926,0.021121700412435728
119,a100-sxm4-40gb,2048,64,0,softmax_warp_forward,0,0.4433501837600099,16.662060560551947,0.0018825916127356165,0.48672327229061524,,,11.105062095340823,0.0018825916127356165,0.347748294624177,,0.0,0.4433501837600099,0.4253817226700531,0.22671508637383347
120,a100-sxm4-40gb,2048,64,0,vectorized_elementwise_kernel,0,0.819441372048472,9.50305439173196,0.0,0.1268521017400576,,,0.0,0.0,0.45304322050020573,,0.0,0.819441372048472,0.7937372802806744,0.7900080521353643
121,a100-sxm4-40gb,2048,64,0,reduce_kernel,0,0.8144122747528191,13.661474138260743,0.00955233682435174,0.09552336824351741,,,0.0,0.00955233682435174,0.7699183480427504,,0.0,0.8144122747528191,0.6603595279429173,0.16719518577149578
122,a100-sxm4-40gb,2048,64,0,vectorized_elementwise_kernel,0,0.0041265713047247505,0.0101141453547175,0.0,0.00011559023262534314,,,0.0,0.0,0.00020806241872561767,,0.0,0.0041265713047247505,0.05270871261378413,0.0009674902470741223
123,a100-sxm4-40gb,2048,64,0,elementwise_kernel,0,0.8992528926086912,51.518242252124494,0.12626776411110083,1.0101421128888066,,,0.0,0.12626776411110083,1.8940164616665125,,0.0,0.8992528926086912,0.8402438037547397,0.4683702487746231
124,a100-sxm4-40gb,2048,64,0,vectorized_elementwise_kernel,0,0.816941916351365,5.227267401233936,0.0,0.13961891127245457,,,0.0,0.0,0.10471418345434091,,0.0,0.816941916351365,0.8076202033694652,0.8017480059310766
125,a100-sxm4-40gb,2048,64,0,ampere_sgemm_64x32_sliced1x4_nn,0,0.9258816518398967,51.05260659494051,0.0,2.79418971936478,,,0.0,0.0,0.595294606682182,,0.0,0.9258816518398967,0.8556906203252054,0.23705875711723456
126,a100-sxm4-40gb,2048,64,0,splitKreduce_kernel,0,0.5868195753436697,14.617400879918524,0.03176392127262481,0.2329354226659153,,,0.0,0.03176392127262481,0.4235189503016642,,0.0,0.5868195753436697,0.5379093275499284,0.2867267754760194
127,a100-sxm4-40gb,2048,64,0,vectorized_elementwise_kernel,0,0.4300661712743859,0.7949118787074115,0.0,0.017542882840439426,,,0.0,0.0,0.01315716213032957,,0.0,0.4300661712743859,0.37119579416236587,0.09563355247660449
128,a100-sxm4-40gb,2048,64,0,fmha_cutlassF_f16_aligned_64x64_rf_sm80,0,0.291491742611647,8.053474048381776,0.13423925782912766,0.18896240254596994,,,1.7113272695127932,0.13423925782912766,0.23809873122690908,,0.0,0.291491742611647,0.13805789267705912,0.004507346906326225
129,a100-sxm4-40gb,2048,64,0,flash_fwd_splitkv_kernel,0,0.6897962928693601,18.80642131580761,0.8118986210725266,0.5978237893444192,,,10.743385073762438,0.8118986210725266,0.4015885269269871,,0.0,0.6897962928693601,0.49146062248018024,0.027892445360511837
130,a100-sxm4-40gb,2048,64,0,flash_fwd_splitkv_combine_kernel,0,0.7416903973892356,13.130376534797543,0.013938156032113198,0.3378946916875926,,,7.349209544205141,0.013938156032113198,0.47685388364411513,,0.0,0.7416903973892356,0.4120822512893785,0.14984606652961696
131,a100-sxm4-40gb,2048,64,0,cudnn_generated_fort_native_sdpa_sm80_flash_fprop_wmma_f16_knob_6_128x64x64_4x1x1_kernel0_0,0,0.1431340134752357,5.287986782464015,0.28030885471189493,0.18650188142177532,,,3.750225888235313,0.28030885471189493,0.0889138865928783,,0.0,0.1431340134752357,0.16356586499956693,0.009156413033831374
132,a100-sxm4-40gb,2048,128,0,unrolled_elementwise_kernel,0,0.6619274732351283,11.4849696351749,0.0,0.16485550994123802,,,0.0,0.0,0.3022351015589364,,0.0,0.6619274732351283,0.5758467157691379,0.052487321902922
133,a100-sxm4-40gb,2048,128,0,unrolled_elementwise_kernel,0,0.6678174172544764,11.61082474226804,0.0,0.16668475311991318,,,0.0,0.0,0.30558871405317417,,0.0,0.6678174172544764,0.5819036557243624,0.05306972327726533
134,a100-sxm4-40gb,2048,128,0,unrolled_elementwise_kernel,0,0.6679830486436931,11.314126791385045,0.0,0.1624791468786982,,,0.0,0.0,0.29787843594428004,,0.0,0.6679830486436931,0.5787159325559921,0.0517307264268824
135,a100-sxm4-40gb,2048,128,0,vectorized_elementwise_kernel,0,0.4757177144770871,1.5075725156752935,0.003810445234152603,0.04953578804398385,,,0.0,0.003810445234152603,0.011431335702457811,,0.0,0.4757177144770871,0.467264219398292,0.16535471747260314
136,a100-sxm4-40gb,2048,128,0,vectorized_elementwise_kernel,0,0.47648582181316834,1.5112996981778886,0.0038156276782054617,0.04960315981667101,,,0.0,0.0038156276782054617,0.011446883034616388,,0.0,0.47648582181316834,0.4583621492715281,0.16557961023959458
137,a100-sxm4-40gb,2048,128,0,ampere_sgemm_128x64_tn,0,0.9245814802894182,51.879910094842344,0.0,3.247106067447282,,,0.0,0.0,0.42150312247410276,,0.0,0.9245814802894182,0.8215604256953206,0.019998718709564066
138,a100-sxm4-40gb,2048,128,0,softmax_warp_forward,0,0.44635849485391105,17.223074843789902,0.001862279742004409,0.5044438170789707,,,11.521622242162552,0.001862279742004409,0.35737350320620204,,0.0,0.44635849485391105,0.43208490695337004,0.2357516124724421
139,a100-sxm4-40gb,2048,128,0,vectorized_elementwise_kernel,0,0.819176230716105,9.4485724309035,0.0,0.12612668094858948,,,0.0,0.0,0.45045243195924817,,0.0,0.819176230716105,0.7974305460855947,0.7899323441562156
140,a100-sxm4-40gb,2048,128,0,reduce_kernel,0,0.8260046597067194,13.989532376746554,0.009781754162738202,0.09781754162738204,,,0.0,0.009781754162738202,0.7884093855166993,,0.0,0.8260046597067194,0.6663481626254839,0.17120037598617563
141,a100-sxm4-40gb,2048,128,0,vectorized_elementwise_kernel,0,0.004117579117579118,0.0101062601062601,0.0,0.00011550011550011548,,,0.0,0.0,0.0002079002079002079,,0.0,0.004117579117579118,0.07869152806652807,0.0009667359667359668
142,a100-sxm4-40gb,2048,128,0,elementwise_kernel,0,0.8980567261531603,51.36548494118054,0.12589817262972394,1.0071853810377915,,,0.0,0.12589817262972394,1.8884725894458592,,0.0,0.8980567261531603,0.8394420011487901,0.4676078975796644
143,a100-sxm4-40gb,2048,128,0,vectorized_elementwise_kernel,0,0.8063059066497915,5.244000991995621,0.0,0.14011082985564755,,,0.0,0.0,0.10508312239173566,,0.0,0.8063059066497915,0.7977534452606555,0.7976343897516591
144,a100-sxm4-40gb,2048,128,0,Kernel2,0,0.939525557347119,59.17683326273577,0.0,3.2789093140854497,,,0.0,0.0,0.7485773561162479,,0.0,0.939525557347119,0.9092858383743598,0.150971038510711
145,a100-sxm4-40gb,2048,128,0,splitKreduce_kernel,0,0.6533725806718502,20.3563700011583,0.04518469353797842,0.3313544192785084,,,0.0,0.04518469353797842,0.6024625805063789,,0.0,0.6533725806718502,0.6517591436676895,0.4072579384851287
146,a100-sxm4-40gb,2048,128,0,vectorized_elementwise_kernel,0,0.4652106334285054,1.368642046174605,0.0,0.030534578770416643,,,0.0,0.0,0.02290093407781248,,0.0,0.4652106334285054,0.42864862497484024,0.16569183632392298
147,a100-sxm4-40gb,2048,128,0,fmha_cutlassF_f16_aligned_64x128_rf_sm80,0,0.2912547744604747,11.276367359377224,0.3040391507933585,0.23271893943984884,,,1.940446860215048,0.3040391507933585,0.29178887033503353,,0.0,0.2912547744604747,0.19868206696263274,0.009913567513980873
148,a100-sxm4-40gb,2048,128,0,flash_fwd_splitkv_kernel,0,0.7812047556852821,20.514054831375013,1.2811369464844897,0.5573696383387112,,,8.773410973850085,1.2811369464844897,0.3641512914903729,,0.0,0.7812047556852821,0.6807354213272765,0.04189838882895342
149,a100-sxm4-40gb,2048,128,0,flash_fwd_splitkv_combine_kernel,0,0.78003673115707,21.37567385186378,0.018976486436055328,0.5548986378543074,,,11.385891861633194,0.018976486436055328,0.7760728590745384,,0.0,0.78003673115707,0.5065860153212635,0.34309968023188936
150,a100-sxm4-40gb,2048,128,0,cudnn_generated_fort_native_sdpa_sm80_flash_fprop_wmma_f16_knob_3_64x64x128_4x1x1_kernel0_0,0,0.2849827435423575,9.078541191219378,0.606899457621115,0.2660000613511491,,,4.0820507952787395,0.606899457621115,0.14209389156705304,,0.0,0.2849827435423575,0.34818391193447695,0.019490218253818966
151,a100-sxm4-40gb,4096,64,0,elementwise_kernel,0,0.9729827182448395,51.47263692482462,0.12704648962732823,1.0163719170186256,,,0.0,0.12704648962732823,1.9056973444099234,,0.0,0.9729827182448395,0.927108919838607,0.7948211276306469
152,a100-sxm4-40gb,4096,64,0,vectorized_elementwise_kernel,0,0.9477810117013769,4.883181171912693,0.0,0.13448106128326545,,,0.0,0.0,0.10086079596244908,,0.0,0.9477810117013769,0.9215177765049565,0.965973127283351
153,a100-sxm4-40gb,4096,64,0,ampere_sgemm_64x32_sliced1x4_nn,0,0.9590150185446813,55.79159259739489,0.0,3.2261410877663095,,,0.0,0.0,0.5132560374759175,,0.0,0.9590150185446813,0.9352900390838778,0.28008439827498816
154,a100-sxm4-40gb,4096,64,0,vectorized_elementwise_kernel,0,0.48270866019718367,1.4224630522788466,0.0,0.031735332287369016,,,0.0,0.0,0.023801499215526756,,0.0,0.48270866019718367,0.4364992155267593,0.17218664652216864
155,a100-sxm4-40gb,4096,64,0,fmha_cutlassF_f16_aligned_64x64_rf_sm80,0,0.5869885384229749,16.228124689109517,0.2727255821332825,0.3815101685977369,,,3.4529601975654147,0.2727255821332825,0.48012804298790385,,0.0,0.5869885384229749,0.2033899660645768,0.004446626322158291
156,a100-sxm4-40gb,4096,64,0,flash_fwd_splitkv_kernel,0,0.7875984722730214,31.51502669301972,1.475080887938553,1.02222097178066,,,19.023717750330583,1.475080887938553,0.636434741017922,,0.0,0.7875984722730214,0.6696236249050446,0.024335171482429734
157,a100-sxm4-40gb,4096,64,0,flash_fwd_splitkv_combine_kernel,0,0.7441890092810233,24.949975953422896,0.026906686540923774,0.6392376438813405,,,14.187161994305262,0.026906686540923774,0.9042277386025596,,0.0,0.7441890092810233,0.4423550994668349,0.21617267671845442
158,a100-sxm4-40gb,4096,64,0,cudnn_generated_fort_native_sdpa_sm80_flash_fprop_wmma_f16_knob_6_128x64x64_4x1x1_kernel0_0,0,0.2905892327556868,11.011203913501143,0.592783545951104,0.39170965943845387,,,7.901850978742744,0.592783545951104,0.1820066911564349,,0.0,0.2905892327556868,0.19685820992344402,0.009529131630808263
159,a100-sxm4-40gb,4096,128,0,elementwise_kernel,0,0.9722129905559379,51.63251485767147,0.12743188691171894,1.0194550952937513,,,0.0,0.12743188691171894,1.911478303675784,,0.0,0.9722129905559379,0.9261008255675259,0.794734963317022
160,a100-sxm4-40gb,4096,128,0,vectorized_elementwise_kernel,0,0.9427834578946258,4.835540743822285,0.0,0.13315524713016316,,,0.0,0.0,0.09986643534762238,,0.0,0.9427834578946258,0.9169311482979078,0.9561659554139399
161,a100-sxm4-40gb,4096,128,0,ampere_sgemm_32x128_nn,0,0.9797647909092552,59.0184441281056,0.0,3.3617557870389367,,,0.0,0.0,0.5850178227813804,,0.0,0.9797647909092552,0.9495727150233418,0.16641302033591965
162,a100-sxm4-40gb,4096,128,0,vectorized_elementwise_kernel,0,0.5275789341140177,2.268785217363931,0.0,0.05157553435955552,,,0.0,0.0,0.038681650769666634,,0.0,0.5275789341140177,0.5193188686372651,0.27917083766172446
163,a100-sxm4-40gb,4096,128,0,fmha_cutlassF_f16_aligned_64x128_rf_sm80,0,0.5856180540701715,22.865851981786644,0.6234481257852922,0.4730952728844545,,,3.953510253521654,0.6234481257852922,0.5910244097775861,,0.0,0.5856180540701715,0.3135525480071544,0.010013643813959557
164,a100-sxm4-40gb,4096,128,0,flash_fwd_splitkv_kernel,0,0.838529810059118,27.92284441545681,1.9596103769593805,0.7801244313792456,,,12.827649714898287,1.9596103769593805,0.4421801491466571,,0.0,0.838529810059118,0.7796359250346843,0.03152263164915144
165,a100-sxm4-40gb,4096,128,0,flash_fwd_splitkv_combine_kernel,0,0.71040257240656,32.31204626392313,0.035405165558334395,0.827193413499267,,,18.668178203485404,0.035405165558334395,1.1876823719113991,,0.0,0.71040257240656,0.5103952120464734,0.28126549997537814
166,a100-sxm4-40gb,4096,128,0,cudnn_generated_fort_native_sdpa_sm80_flash_fprop_wmma_f16_knob_3_64x64x128_4x1x1_kernel0_0,0,0.5788424953816852,18.81031060319209,1.2833534894572383,0.5544566452101478,,,8.577100042454076,1.2833534894572383,0.2880965658095534,,0.0,0.5788424953816852,0.5142685277615229,0.020455887921241957
167,a100-sxm4-40gb,8192,64,0,unrolled_elementwise_kernel,0,0.6906404907468606,21.083551924983475,0.0,0.3045604758757436,,,0.0,0.0,0.5583608724388632,,0.0,0.6906404907468606,0.5915172670191673,0.09416763053536022
168,a100-sxm4-40gb,8192,64,0,unrolled_elementwise_kernel,0,0.6842917314697546,21.094771679984817,0.0,0.3041571610678173,,,0.0,0.0,0.5576214619576652,,0.0,0.6842917314697546,0.6025464003861369,0.094042928865805
169,a100-sxm4-40gb,8192,64,0,unrolled_elementwise_kernel,0,0.6893367935051417,21.152292053400885,0.0,0.30515735296856666,,,0.0,0.0,0.5594551471090389,,0.0,0.6893367935051417,0.5981621458859757,0.09435218009449249
170,a100-sxm4-40gb,8192,64,0,vectorized_elementwise_kernel,0,0.5308226821162093,2.401650913521567,0.006176600095303008,0.08029580123893912,,,0.0,0.006176600095303008,0.018529800285909025,,0.0,0.5308226821162093,0.5597035654182777,0.26743170453654386
171,a100-sxm4-40gb,8192,64,0,vectorized_elementwise_kernel,0,0.5411634460547504,2.395442774052443,0.006152810825101544,0.07998654072632008,,,0.0,0.006152810825101544,0.018458432475304633,,0.0,0.5411634460547504,0.554574951330305,0.2664016872160934
172,a100-sxm4-40gb,8192,64,0,ampere_sgemm_128x64_tn,0,0.991824614325905,62.52724529850756,0.0,3.649467422503219,,,0.0,0.0,0.6940114307062476,,0.0,0.991824614325905,0.9140484062443504,0.28702807700306776
173,a100-sxm4-40gb,8192,64,0,cunn_SoftMaxForwardReg,0,0.9645055690145281,55.01657653738552,0.07078224215650243,1.7896708993677197,,,25.186433355584388,0.07078224215650243,1.2361670479347768,,0.0,0.9645055690145281,0.942241515221973,0.6626524619919446
174,a100-sxm4-40gb,8192,64,0,vectorized_elementwise_kernel,0,0.9828543507971749,9.671467670332191,0.0,0.13191175020178456,,,0.0,0.0,0.471113393577802,,0.0,0.9828543507971749,0.9443250230970358,1.0037800926411824
175,a100-sxm4-40gb,8192,64,0,reduce_kernel,0,0.9736893229241161,65.3887925341187,0.050784111557887694,0.720338394912634,,,0.0,0.050784111557887694,3.1625606475372217,,0.0,0.9736893229241161,0.9120401980769398,0.3647344443186892
176,a100-sxm4-40gb,8192,64,0,vectorized_elementwise_kernel,0,0.003907125788123868,0.009569587304712,0.0,0.00010936671205385214,,,0.0,0.0,0.0001968600816969339,,0.0,0.003907125788123868,0.05084526797578621,0.0009153993798907427
177,a100-sxm4-40gb,8192,64,0,elementwise_kernel,0,0.9934608589093691,51.478254981121765,0.12728985767391135,1.0183188613912908,,,0.0,0.12728985767391135,1.9093478651086704,,0.0,0.9934608589093691,0.9497995122669314,0.8859317573491767
178,a100-sxm4-40gb,8192,64,0,vectorized_elementwise_kernel,0,0.9843507284705308,4.485714052498556,0.0,0.12449533918365589,,,0.0,0.0,0.09337150438774192,,0.0,0.9843507284705308,0.9470304225678197,0.9783787749941008
179,a100-sxm4-40gb,8192,64,0,ampere_sgemm_64x32_sliced1x4_nn,0,0.9432464175049412,55.94767120657867,0.0,3.40795950807405,,,0.0,0.0,0.3840348975240404,,0.0,0.9432464175049412,0.9503548326779019,0.2992704619419702
180,a100-sxm4-40gb,8192,64,0,splitKreduce_kernel,0,0.6122093568191098,21.933224875641876,0.05484477829774982,0.4387582263819986,,,0.0,0.05484477829774982,0.6307149504241231,,0.0,0.6122093568191098,0.6654805780393258,0.29670409126513886
181,a100-sxm4-40gb,8192,64,0,vectorized_elementwise_kernel,0,0.5347319151953942,2.322673659575977,0.0,0.05281430215428455,,,0.0,0.0,0.03961072661571341,,0.0,0.5347319151953942,0.51718761584558,0.2858935139369284
182,a100-sxm4-40gb,8192,64,0,fmha_cutlassF_f16_aligned_64x64_rf_sm80,0,0.8823204796231974,28.18102920580664,0.475584761595266,0.6631345567509007,,,5.998663266002072,0.475584761595266,0.834112291665403,,0.0,0.8823204796231974,0.4275304145536532,0.0038195056465360772
183,a100-sxm4-40gb,8192,64,0,flash_fwd_splitkv_kernel,0,0.8944968029877322,40.37054412801923,1.9398540821163872,1.3190865679235029,,,24.822412616925085,1.9398540821163872,0.8002016488027102,,0.0,0.8944968029877322,0.8219489056158729,0.015673592563044153
184,a100-sxm4-40gb,8192,64,0,flash_fwd_splitkv_combine_kernel,0,0.7156805209802456,32.67340503963408,0.035539737679883644,0.8443380103342053,,,18.739134413029557,0.035539737679883644,1.1943505783936654,,0.0,0.7156805209802456,0.5556965649758157,0.28452109383134405
185,a100-sxm4-40gb,8192,64,0,cudnn_generated_fort_native_sdpa_sm80_flash_fprop_wmma_f16_knob_6_128x64x64_4x1x1_kernel0_0,0,0.5860614109484459,22.454902580612877,1.2183525967380349,0.8023138888156642,,,16.210990361870824,1.2183525967380349,0.3678890920539699,,0.0,0.5860614109484459,0.21891704430608497,0.009715396294271827
186,a100-sxm4-40gb,8192,128,0,elementwise_kernel,0,0.9928168041540208,51.440766559609926,0.127197135366639,1.017577082933112,,,0.0,0.127197135366639,1.9079570304995854,,0.0,0.9928168041540208,0.949089577331365,0.885299515108958
187,a100-sxm4-40gb,8192,128,0,vectorized_elementwise_kernel,0,0.9863859935471672,4.495919439429634,0.0,0.12477936121643501,,,0.0,0.0,0.09358452091232626,,0.0,0.9863859935471672,0.9481636584941812,0.9804447249644521
188,a100-sxm4-40gb,8192,128,0,ampere_sgemm_64x32_sliced1x4_nn,0,0.9400763972126196,56.2111061265797,0.0,3.445977824061735,,,0.0,0.0,0.36868664025195597,,0.0,0.9400763972126196,0.9485126304416508,0.21045423716067846
189,a100-sxm4-40gb,8192,128,0,vectorized_elementwise_kernel,0,0.6254795969255676,3.4141913074858468,0.0,0.0821185215257886,,,0.0,0.0,0.06158889114434144,,0.0,0.6254795969255676,0.614776033561134,0.44398132485283176
190,a100-sxm4-40gb,8192,128,0,fmha_cutlassF_f16_aligned_64x128_rf_sm80,0,0.7220439766003309,30.611525252267658,0.839749696047008,0.6340557638774583,,,5.297850407102178,0.839749696047008,0.7910521735019561,,0.0,0.7220439766003309,0.5955209519406529,0.006693365094286429
191,a100-sxm4-40gb,8192,128,0,flash_fwd_splitkv_kernel,0,0.8906990549128304,31.826635763630673,2.2821185655307272,0.8944124657540395,,,14.823881124060524,2.2821185655307272,0.49259718670650743,,0.0,0.8906990549128304,0.8207761779515389,0.01891425767761753
192,a100-sxm4-40gb,8192,128,0,flash_fwd_splitkv_combine_kernel,0,0.8471616148846292,44.48376353039134,0.04910393171484496,1.1472464046104687,,,25.89116399510007,0.04910393171484496,1.6472137093434354,,0.0,0.8471616148846292,0.670580744231465,0.38940063036474837
193,a100-sxm4-40gb,8192,128,0,cudnn_generated_fort_native_sdpa_sm80_flash_fprop_wmma_f16_knob_3_64x64x128_4x1x1_kernel0_0,0,0.6572719177703603,22.21620309257124,1.5315306441625145,0.656887739208437,,,10.20303770815054,1.5315306441625145,0.33642448659307195,,0.0,0.6572719177703603,0.637727133536351,0.012159997750704582
194,rtxpro6000blackwellserveredition,256,64,0,unrolled_elementwise_kernel,0,0.11024235994754861,0.3697093319734829,0.0,0.004516646026079988,0.011510162453558681,0.0007284912945290303,0.0,,0.0119472572302761,0.004225249508268376,0.0,0.11024235994754861,0.18102916184800028,0.05349857944197567
195,rtxpro6000blackwellserveredition,256,64,0,unrolled_elementwise_kernel,0,0.11022577871593187,0.3693981812143738,0.0,0.004512844775426832,0.011500475395442576,0.000727878189584973,0.0,,0.011937202309193559,0.004221693499592843,0.0,0.11022577871593187,0.17484156565461273,0.05366736876583704
196,rtxpro6000blackwellserveredition,256,64,0,unrolled_elementwise_kernel,0,0.109876442245439,0.3689240548024871,0.0,0.004507052492168314,0.011485714415525707,0.0007269439503497281,0.0,,0.011921880785735544,0.004216274912028423,0.0,0.109876442245439,0.1777635299603134,0.0535984861392234
197,rtxpro6000blackwellserveredition,256,64,0,vectorized_elementwise_kernel,0,0.02941195741195741,0.0506688506688506,0.0,0.0023761943761943763,0.001956865956865957,0.0005591045591045591,0.0,,0.00027955227955227957,0.00013977613977613978,0.0,0.02941195741195741,0.13453316953316954,0.11291291291291292
198,rtxpro6000blackwellserveredition,256,64,0,vectorized_elementwise_kernel,0,0.029748956821978183,0.0509242085346339,0.0,0.0023881697795552475,0.00196672805375138,0.0005619223010718229,0.0,,0.00028096115053591146,0.00014048057526795573,0.0,0.029748956821978183,0.17858901804077887,0.11348196470864548
199,rtxpro6000blackwellserveredition,256,64,0,Kernel2,0,0.06484312753100667,2.120306889822229,0.0,0.10785173207230542,0.061157817299805156,0.05859126196021839,0.0,,0.02960313188694308,0.0177144025590343,0.0,0.06484312753100667,0.2700220548659962,0.09131797630715305
200,rtxpro6000blackwellserveredition,256,64,0,softmax_warp_forward,0,0.15700075041699713,1.7298712199077446,0.0,0.05599320001280332,0.046042172723942565,0.03869448781372587,1.09255024415226,,0.037677334917151833,0.008997891008155007,0.0,0.15700075041699713,0.2705944009467346,0.3543675336176145
201,rtxpro6000blackwellserveredition,256,64,0,vectorized_elementwise_kernel,0,0.12365317875146714,0.2904743006240131,0.0,0.003782921124405752,0.009727511462757648,0.0,0.0,,0.014591267194136474,0.008646676855784576,0.0,0.12365317875146714,0.21704081153368743,0.4147280603240815
202,rtxpro6000blackwellserveredition,256,64,0,reduce_kernel,0,0.05073126638834752,1.0770842720723557,0.0,0.008686163484454482,0.031061177735191448,0.0006948930787563586,0.0,,0.051774963219526494,0.028664339498699787,0.0,0.05073126638834752,0.19570269875027824,0.129619274596772
203,rtxpro6000blackwellserveredition,256,64,0,vectorized_elementwise_kernel,0,0.0009237443971957246,0.0044535110906792,0.0,3.447879554074244e-05,0.00011492931846914148,0.0,0.0,,0.00011492931846914148,3.447879554074244e-05,0.0,0.0009237443971957246,0.062039115475232734,0.008102516952074474
204,rtxpro6000blackwellserveredition,256,64,0,elementwise_kernel,0,0.49907799817047044,2.2788064056692257,0.0,0.05039311726357963,0.08701120876321487,0.004446451523257026,0.0,,0.08301779738539387,0.04194456988687023,0.0,0.49907799817047044,0.31786266370236566,0.295515336783965
205,rtxpro6000blackwellserveredition,256,64,0,vectorized_elementwise_kernel,0,0.1194325755954383,0.1467575748310759,0.0,0.004402727244932278,0.004891919161035864,0.0,0.0,,0.002935151496621518,0.002445959580517932,0.0,0.1194325755954383,0.23967328524857065,0.37469807686427986
206,rtxpro6000blackwellserveredition,256,64,0,Kernel2,0,0.06382276429698494,2.3560919442193695,0.0,0.1173064949464796,0.06778370079747537,0.06386541003880762,0.0,,0.03477504371188537,0.020429869077572608,0.0,0.06382276429698494,0.293719934752015,0.22304405305130282
207,rtxpro6000blackwellserveredition,256,64,0,splitKreduce_kernel,0,0.07787980324425503,1.108805069639674,0.0,0.020118524974905426,0.02951693392536284,0.005374346737348227,0.0,,0.02559110669748268,0.010821923190958095,0.0,0.07787980324425503,0.228493850043402,0.3653341239761235
208,rtxpro6000blackwellserveredition,256,64,0,vectorized_elementwise_kernel,0,0.030645451201364395,0.0401290818800474,0.0,0.0012038724564014246,0.0013376360626682496,0.0,0.0,,0.0008025816376009497,0.0006688180313341248,0.0,0.030645451201364395,0.1808309567650944,0.10805591318741954
209,rtxpro6000blackwellserveredition,256,64,0,fmha_cutlassF_f16_aligned_64x64_rf_sm80,0,0.01919593452146488,0.4002893290567029,0.02195122604778786,0.006634672325967131,0.007981167820231463,0.0038368422603974905,0.0742247267485014,,0.014131168758089022,0.008947496054299273,0.0,0.01919593452146488,0.09166035706246936,0.03753037988590293
210,rtxpro6000blackwellserveredition,256,64,0,flash_fwd_kernel,0,0.008959414425324465,0.2194013642183485,0.01721586183598382,0.006817414037589296,0.00478679556847072,0.0043092193230816435,0.1139037733777249,,0.005083638889312117,0.002803987262531911,0.0,0.008959414425324465,0.12579390811832333,0.06479485499597817
211,rtxpro6000blackwellserveredition,256,64,0,cudnn_generated_fort_native_sdpa_sm80_flash_fprop_wmma_f16_knob_6_128x64x64_4x1x1_kernel0_0,0,0.008804678412121791,0.2288839817104635,0.01928038640793951,0.0069806672468198955,0.004540022629506264,0.004525312862044151,0.1346237918132495,,0.004843632229924257,0.002757787203796768,0.0,0.008804678412121791,0.11514931002364744,0.05376008133913016
212,rtxpro6000blackwellserveredition,256,128,0,splitKreduce_kernel,0,0.3315872787932019,4.060954391073915,0.0,0.06497527025718264,0.11021684027024048,0.016953482702538433,0.0,,0.0960318865070115,0.033803437784909685,0.0,0.3315872787932019,0.34797323811018677,0.6626903154920735
213,rtxpro6000blackwellserveredition,256,128,0,softmax_warp_forward,0,0.0854346532312634,1.00816477935122,0.0,0.0323982357880663,0.02664049697948003,0.022411361394412244,0.6285616455107982,,0.02243581904598854,0.0057618150838489824,0.0,0.0854346532312634,0.14782124997961862,0.20308003358850818
214,rtxpro6000blackwellserveredition,256,128,0,vectorized_elementwise_kernel,0,0.12291735021114908,0.2912693288739773,0.0,0.0037932749806843555,0.009754135664616914,0.0,0.0,,0.014631203496925375,0.008670342812992813,0.0,0.12291735021114908,0.2238124847856228,0.41586317115248245
215,rtxpro6000blackwellserveredition,256,128,0,reduce_kernel,0,0.04980773143004283,1.1289999046837278,0.0,0.009104837940997805,0.032571135102991366,0.0007283870352798244,0.0,,0.054289018854127694,0.030107138335208828,0.0,0.04980773143004283,0.2318497189592601,0.13613439878905656
216,rtxpro6000blackwellserveredition,256,128,0,vectorized_elementwise_kernel,0,0.0009467606844556998,0.0045014695119826,0.0,3.4850086544381586e-05,0.00011616695514793863,0.0,0.0,,0.00011616695514793863,3.4850086544381586e-05,0.0,0.0009467606844556998,0.06286075284899457,0.008189770337929673
217,rtxpro6000blackwellserveredition,256,128,0,elementwise_kernel,0,0.49362288470095167,2.2597637467525944,0.0,0.049972011310301274,0.08634295474444174,0.004409295115614818,0.0,,0.08230253620588193,0.041591192892308136,0.0,0.49362288470095167,0.3277540153004837,0.2927760474228876
218,rtxpro6000blackwellserveredition,256,128,0,vectorized_elementwise_kernel,0,0.12990464630336404,0.1564110188304203,0.0,0.0046923305649126095,0.005213700627680677,0.0,0.0,,0.003128220376608406,0.0026068503138403387,0.0,0.12990464630336404,0.226632730940462,0.3993450288586476
219,rtxpro6000blackwellserveredition,256,128,0,Kernel2,0,0.12461433637904226,5.0804521392756685,0.0,0.23905379199496848,0.14087422910952324,0.13455685808626985,0.0,,0.08743251978546096,0.050994950994950994,0.0,0.12461433637904226,0.3334343989674872,0.2708048708048708
220,rtxpro6000blackwellserveredition,256,128,0,splitKreduce_kernel,0,0.1539626757149782,2.212654329788144,0.0,0.04014713010749622,0.05887699238687235,0.01083516295514813,0.0,,0.05112664309543497,0.021493898092441045,0.0,0.1539626757149782,0.2766077430426849,0.7075931681446209
221,rtxpro6000blackwellserveredition,256,128,0,vectorized_elementwise_kernel,0,0.05936830299895239,0.0834612057536068,0.0,0.002503836172608206,0.0027820401917868958,0.0,0.0,,0.0016692241150721373,0.0013910200958934479,0.0,0.05936830299895239,0.19120175714093207,0.21697305333257988
222,rtxpro6000blackwellserveredition,256,128,0,unrolled_elementwise_kernel,0,0.21265650186775625,0.7368930926481982,0.0,0.009002437782106066,0.022941696283431595,0.0014520060938880753,0.0,,0.023812899939764442,0.008421635344550838,0.0,0.21265650186775625,0.2774356835035092,0.0808268267200884
223,rtxpro6000blackwellserveredition,256,128,0,unrolled_elementwise_kernel,0,0.2142421951560969,0.727537449251015,0.0,0.008888142237155259,0.02265042699146018,0.001433571328573429,0.0,,0.023510569788604236,0.008314713705725887,0.0,0.2142421951560969,0.2901392972140558,0.07980064398712028
224,rtxpro6000blackwellserveredition,256,128,0,unrolled_elementwise_kernel,0,0.21631302946587716,0.7455705921983657,0.0,0.009108448614049,0.023211852919673266,0.0014691046151691937,0.0,,0.02409331568877478,0.008520806767981323,0.0,0.21631302946587716,0.27708510993608243,0.08156285185342467
225,rtxpro6000blackwellserveredition,256,128,0,vectorized_elementwise_kernel,0,0.05905373053498438,0.0997158956593498,0.0,0.004676331658507443,0.0038510966599473056,0.0011003133314135159,0.0,,0.0005501566657067579,0.00027507833285337897,0.0,0.05905373053498438,0.2203083966586579,0.2145353110319306
226,rtxpro6000blackwellserveredition,256,128,0,vectorized_elementwise_kernel,0,0.05525808929161244,0.0923239775716406,0.0,0.004329676189566594,0.0035656156855254305,0.0010187473387215516,0.0,,0.0005093736693607758,0.0002546868346803879,0.0,0.05525808929161244,0.2043422861724946,0.19863185415995127
227,rtxpro6000blackwellserveredition,256,128,0,fmha_cutlassF_f16_aligned_64x128_rf_sm80,0,0.019342142012576915,0.4882251380790615,0.040316994336574555,0.006348745446067038,0.0077664473724683445,0.0034850429217024976,0.0684089625583967,,0.015333266072722665,0.010439749052302097,0.0,0.019342142012576915,0.13393668010751034,0.05643985486472619
228,rtxpro6000blackwellserveredition,256,128,0,flash_fwd_splitkv_kernel,0,0.03392604152504132,0.4413784406336145,0.04304490697226868,0.010487992470293982,0.008237750598849394,0.006091285206006163,0.1618387615656586,,0.009628880862632125,0.005785210275447734,0.0,0.03392604152504132,0.2037800992838766,0.1228634689061368
229,rtxpro6000blackwellserveredition,256,128,0,flash_fwd_splitkv_combine_kernel,0,0.21857119168693348,2.181737784656202,0.0,0.039831969931461424,0.05942958213575061,0.007923944284766747,1.0824673889011718,,0.08730488613751936,0.05978332964846341,0.0,0.21857119168693348,0.21243944146584126,0.23338934335617953
230,rtxpro6000blackwellserveredition,256,128,0,cudnn_generated_fort_native_sdpa_sm80_flash_fprop_wmma_f16_knob_3_64x64x128_4x1x1_kernel0_0,0,0.017645321709269624,0.3770155889526262,0.038247822968419984,0.008833603644561842,0.006949692930724262,0.005358757179199712,0.1382001415851112,,0.008685365317017002,0.0052111024671176445,0.0,0.017645321709269624,0.19093114825758686,0.09457838743545942
231,rtxpro6000blackwellserveredition,512,64,0,unrolled_elementwise_kernel,0,0.21755067422776223,0.7326503083537473,0.0,0.008950604752301937,0.02280960565909204,0.0014436459277906352,0.0,,0.023675793215766423,0.008373146381185685,0.0,0.21755067422776223,0.28331586578153123,0.08014941735352633
232,rtxpro6000blackwellserveredition,512,64,0,unrolled_elementwise_kernel,0,0.2137833310841384,0.7366774892634018,0.0,0.008999803809720376,0.022934983902190644,0.0014515812596323189,0.0,,0.023805932657970034,0.008419171305867449,0.0,0.2137833310841384,0.280106135539132,0.0805899770582118
233,rtxpro6000blackwellserveredition,512,64,0,unrolled_elementwise_kernel,0,0.2111674946415892,0.7217882036073854,0.0,0.008817905147518795,0.022471435698515646,0.001422242765728838,0.0,,0.023324781357952948,0.00824900804122726,0.0,0.2111674946415892,0.2755349521715313,0.07937892436224077
234,rtxpro6000blackwellserveredition,512,64,0,vectorized_elementwise_kernel,0,0.05723140950829058,0.1021733864752383,0.0,0.0047915795036663515,0.003946006650078171,0.001127430471450906,0.0,,0.000563715235725453,0.0002818576178627265,0.0,0.05723140950829058,0.21485154306035717,0.22023649615748794
235,rtxpro6000blackwellserveredition,512,64,0,vectorized_elementwise_kernel,0,0.0587390407313071,0.1020592207426568,0.0,0.004786225524483215,0.0039415974907508824,0.0011261707116431094,0.0,,0.0005630853558215547,0.00028154267791077734,0.0,0.0587390407313071,0.2162235393873807,0.21999040995253366
236,rtxpro6000blackwellserveredition,512,64,0,Kernel2,0,0.25324387504409224,8.374125116805802,0.0,0.42595904525567324,0.24155285191809048,0.2313373722871659,0.0,,0.11676325707177909,0.06990169747451931,0.0,0.25324387504409224,0.40027670791742215,0.1646234676007005
237,rtxpro6000blackwellserveredition,512,64,0,softmax_warp_forward,0,0.19688417749673268,2.638556389515185,0.0,0.08752197882340818,0.06873502845726984,0.06261252468195563,1.784575238147763,,0.05709160388989798,0.013292879478037868,0.0,0.19688417749673268,0.2287009735267204,0.566306563495306
238,rtxpro6000blackwellserveredition,512,64,0,vectorized_elementwise_kernel,0,0.3832210002928911,0.9595670790387592,0.0,0.012496687540969886,0.03213433939106542,0.0,0.0,,0.04820150908659814,0.028563857236502597,0.0,0.3832210002928911,0.3230168394956694,1.349384231300297
239,rtxpro6000blackwellserveredition,512,64,0,reduce_kernel,0,0.11055073802910402,2.1099681867573032,0.0,0.01665008909277872,0.0603543302230291,0.0011482820063985323,0.0,,0.10721746824002235,0.06235821688849218,0.0,0.11055073802910402,0.3097912276973694,0.2692138193048184
240,rtxpro6000blackwellserveredition,512,64,0,vectorized_elementwise_kernel,0,0.0010056980216603263,0.0043421502327952,0.0,3.3616646963576365e-05,0.00011205548987858789,0.0,0.0,,0.00011205548987858789,3.3616646963576365e-05,0.0,0.0010056980216603263,0.056439111147840414,0.008426572838869809
241,rtxpro6000blackwellserveredition,512,64,0,elementwise_kernel,0,0.5089415404611997,8.745184843679265,0.0,0.19338945345372036,0.3274931192214653,0.017063775304740028,0.0,,0.318855693896312,0.16754383285054478,0.0,0.5089415404611997,0.3754284430277092,1.0852549984585946
242,rtxpro6000blackwellserveredition,512,64,0,vectorized_elementwise_kernel,0,0.36050528131854015,0.563830080114528,0.0,0.01691490240343584,0.0187943360038176,0.0,0.0,,0.011276601602290558,0.0093971680019088,0.0,0.36050528131854015,0.3600054258550597,1.4198900604759153
243,rtxpro6000blackwellserveredition,512,64,0,Kernel2,0,0.2494408767387166,9.238263009909964,0.0,0.45996008591477583,0.2658023909991815,0.2504688274673117,0.0,,0.1363550096190103,0.08009571354161006,0.0,0.2494408767387166,0.43093782632941746,0.7417398160139591
244,rtxpro6000blackwellserveredition,512,64,0,splitKreduce_kernel,0,0.1623468784047227,2.1518655859921827,0.0,0.05627956147979555,0.0655193929773401,0.016434808753592642,0.0,,0.04316824705072208,0.017399850636733667,0.0,0.1623468784047227,0.32949330451678394,1.2642210317704072
245,rtxpro6000blackwellserveredition,512,64,0,vectorized_elementwise_kernel,0,0.056131698692347055,0.0861597005950404,0.0,0.002584791017851213,0.0028719900198346813,0.0,0.0,,0.0017231940119008086,0.0014359950099173406,0.0,0.056131698692347055,0.200092652529595,0.2239882966406692
246,rtxpro6000blackwellserveredition,512,64,0,fmha_cutlassF_f16_aligned_64x64_rf_sm80,0,0.040187136222738916,0.8458486559055586,0.04916677154192513,0.014347310470089358,0.01713852405532087,0.008429157434986874,0.1612234375665238,,0.029193895941111814,0.017973337364544463,0.0,0.040187136222738916,0.09258192250321706,0.03455538173249926
247,rtxpro6000blackwellserveredition,512,64,0,flash_fwd_splitkv_kernel,0,0.06899754788355437,1.0566030212865638,0.08165747122999556,0.03157847520222484,0.02153576252348699,0.020962605224204182,0.5621925509486999,,0.025438216135125574,0.014518323589659246,0.0,0.06899754788355437,0.17650137620051534,0.12215975638322792
248,rtxpro6000blackwellserveredition,512,64,0,flash_fwd_splitkv_combine_kernel,0,0.22649159440191732,2.1441499775111956,0.0,0.039145729625903625,0.058405706724261174,0.007787427563234824,1.0638182296204717,,0.08580076440206941,0.058753359740477025,0.0,0.22649159440191732,0.21042618864739074,0.23120663843434464
249,rtxpro6000blackwellserveredition,512,64,0,cudnn_generated_fort_native_sdpa_sm80_flash_fprop_wmma_f16_knob_6_128x64x64_4x1x1_kernel0_0,0,0.01901773232205648,0.5166416543609036,0.04775546891424003,0.01648006721442341,0.009847525129807126,0.010943840177742218,0.3252874957781487,,0.00960632853235514,0.005301953000183266,0.0,0.01901773232205648,0.12391788303349535,0.059592319455056005
250,rtxpro6000blackwellserveredition,512,128,0,unrolled_elementwise_kernel,0,0.4281297396235622,1.4606894427186452,0.0,0.01784487595045439,0.045475651615674094,0.002878205798460385,0.0,,0.04720257509475033,0.016693593631070234,0.0,0.4281297396235622,0.3363000776890706,0.1340074630976915
251,rtxpro6000blackwellserveredition,512,128,0,unrolled_elementwise_kernel,0,0.4245958306270076,1.4449555569396126,0.0,0.017652659020740098,0.04498580847220865,0.0028472030678613064,0.0,,0.046694130312925436,0.01651377779359558,0.0,0.4245958306270076,0.32997901856020506,0.13277308681300107
252,rtxpro6000blackwellserveredition,512,128,0,unrolled_elementwise_kernel,0,0.4151853947194328,1.4818802724688729,0.0,0.01810375899370839,0.04613538582267624,0.002919961128017483,0.0,,0.047887362499486726,0.016935774542501402,0.0,0.4151853947194328,0.3275522712963258,0.13616599979012778
253,rtxpro6000blackwellserveredition,512,128,0,vectorized_elementwise_kernel,0,0.12451245835530356,0.1832662871000677,0.0,0.008594556912279038,0.007077870398347443,0.0020222486852421264,0.0,,0.0010111243426210632,0.0005055621713105316,0.0,0.12451245835530356,0.26909404394441183,0.38723692499708706
254,rtxpro6000blackwellserveredition,512,128,0,vectorized_elementwise_kernel,0,0.11623951401699381,0.2006907394631955,0.0,0.009411703643791238,0.007750814765475136,0.0022145185044214677,0.0,,0.0011072592522107338,0.0005536296261053669,0.0,0.11623951401699381,0.26576769884710955,0.4240543422079874
255,rtxpro6000blackwellserveredition,512,128,0,Kernel2,0,0.2806908328641253,10.24380314937734,0.0,0.5726379009085454,0.2982217675530073,0.31156895243684196,0.0,,0.10464793535238187,0.06746392384819336,0.0,0.2806908328641253,0.5538011800252183,0.21429088784737918
256,rtxpro6000blackwellserveredition,512,128,0,softmax_warp_forward,0,0.2380428107728748,3.183053338012106,0.0,0.10590227212913414,0.0829976313711729,0.07576804982893237,2.1588735854022283,,0.06844635494341608,0.015664531976489166,0.0,0.2380428107728748,0.2697119264847794,0.6846109307834021
257,rtxpro6000blackwellserveredition,512,128,0,vectorized_elementwise_kernel,0,0.3739927770316867,0.9988748139813436,0.0,0.013008602228594242,0.033450691444956625,0.0,0.0,,0.05017603716743494,0.029733947951072554,0.0,0.3739927770316867,0.3358917326049871,1.4043192624587129
258,rtxpro6000blackwellserveredition,512,128,0,reduce_kernel,0,0.10985688077642036,2.177866001516265,0.0,0.017185881372509305,0.0624550763051744,0.00118523319810409,0.0,,0.11085634256017315,0.06447020423281036,0.0,0.10985688077642036,0.31619694518875185,0.27787699733206783
259,rtxpro6000blackwellserveredition,512,128,0,vectorized_elementwise_kernel,0,0.0010732934212599314,0.0043606941099682,0.0,3.376021246427044e-05,0.00011253404154756815,0.0,0.0,,0.00011253404154756815,3.376021246427044e-05,0.0,0.0010732934212599314,0.06298574264027369,0.008462559924377125
260,rtxpro6000blackwellserveredition,512,128,0,elementwise_kernel,0,0.5049950905957166,8.846198688297076,0.0,0.1956232555460817,0.33224375929731603,0.017260875489360148,0.0,,0.32248675725067744,0.16966170762987445,0.0,0.5049950905957166,0.38060876613115063,1.0983187221782866
261,rtxpro6000blackwellserveredition,512,128,0,vectorized_elementwise_kernel,0,0.35712227268937574,0.5567900473779032,0.0,0.016703701421337095,0.018559668245930104,0.0,0.0,,0.011135800947558063,0.009279834122965052,0.0,0.35712227268937574,0.3644575556336931,1.4025019302779964
262,rtxpro6000blackwellserveredition,512,128,0,Kernel2,0,0.5000924104768462,17.835786986183624,0.0,0.8880186790224988,0.5131146204673469,0.48372243928147424,0.0,,0.2632479901730134,0.154635414438794,0.0,0.5000924104768462,0.42855517530953474,0.7937034971514169
263,rtxpro6000blackwellserveredition,512,128,0,splitKreduce_kernel,0,0.391125103956279,3.721320297157713,0.0,0.09732683854104789,0.11311701109099932,0.028484369867704716,0.0,,0.07431039423016446,0.029975749358790688,0.0,0.391125103956279,0.43051540474809386,2.169195395872499
264,rtxpro6000blackwellserveredition,512,128,0,vectorized_elementwise_kernel,0,0.11680788164621238,0.1652408902352961,0.0,0.004957226707058885,0.005508029674509872,0.0,0.0,,0.003304817804705923,0.002754014837254936,0.0,0.11680788164621238,0.2402832224555485,0.42188925417835693
265,rtxpro6000blackwellserveredition,512,128,0,fmha_cutlassF_f16_aligned_64x128_rf_sm80,0,0.04041623859630846,1.0017167648915368,0.0898327492843029,0.013388692911291942,0.016212586536464742,0.007586183499455473,0.1474743791751852,,0.029955444129707548,0.019542968211877863,0.0,0.04041623859630846,0.12508866967726637,0.056178366038022925
266,rtxpro6000blackwellserveredition,512,128,0,flash_fwd_splitkv_kernel,0,0.1358302150208037,1.7643271172745871,0.1720639017227788,0.04192377292952472,0.03293410618912563,0.024361235475314845,0.646919943000682,,0.03846797595316657,0.02310756553707286,0.0,0.1358302150208037,0.2679517453579753,0.2176738580937522
267,rtxpro6000blackwellserveredition,512,128,0,flash_fwd_splitkv_combine_kernel,0,0.4777534754569061,3.63778740869753,0.0,0.07776742678925837,0.11371325961629335,0.016129540371105436,2.0392347469183307,,0.15899118365803935,0.10691581045989891,0.0,0.4777534754569061,0.34245781409624615,0.7144306281249859
268,rtxpro6000blackwellserveredition,512,128,0,cudnn_generated_fort_native_sdpa_sm80_flash_fprop_wmma_f16_knob_3_64x64x128_4x1x1_kernel0_0,0,0.037692299006035476,0.8348908613327146,0.09548936734432946,0.020538606599207584,0.014337757064972504,0.012938987035514554,0.3310422403050484,,0.01648253777680803,0.009740393382215004,0.0,0.037692299006035476,0.20718527492205682,0.11162476245497255
269,rtxpro6000blackwellserveredition,1024,64,0,unrolled_elementwise_kernel,0,0.42169955294233663,1.489657133487818,0.0,0.018198766950984182,0.04637750287508873,0.002935284992094223,0.0,,0.04813867387034527,0.017024652954146496,0.0,0.42169955294233663,0.3250627832808002,0.1368805946703939
270,rtxpro6000blackwellserveredition,1024,64,0,unrolled_elementwise_kernel,0,0.43148413201611835,1.442614650222577,0.0,0.01762406075148764,0.04491292901185561,0.0028425904437883293,0.0,,0.046618483278128606,0.01648702457397231,0.0,0.43148413201611835,0.3186219099320776,0.13255798717947295
271,rtxpro6000blackwellserveredition,1024,64,0,unrolled_elementwise_kernel,0,0.42512371473167726,1.515607537907687,0.0,0.01851579652222199,0.047185416943727014,0.0029864187939067726,0.0,,0.04897726822007108,0.01732122900465928,0.0,0.42512371473167726,0.32771677346613565,0.13904579253255314
272,rtxpro6000blackwellserveredition,1024,64,0,vectorized_elementwise_kernel,0,0.1252808244965846,0.1919743151605923,0.0,0.009002933400634674,0.0074141804475814956,0.0021183372707375705,0.0,,0.0010591686353687852,0.0005295843176843926,0.0,0.1252808244965846,0.25428257357291506,0.4060256765646527
273,rtxpro6000blackwellserveredition,1024,64,0,vectorized_elementwise_kernel,0,0.11645896283488033,0.201585312077089,0.0,0.00945365601464969,0.007785363776770333,0.0022243896505058096,0.0,,0.0011121948252529048,0.0005560974126264524,0.0,0.11645896283488033,0.26746602049305856,0.42594455100564566
274,rtxpro6000blackwellserveredition,1024,64,0,Kernel2,0,0.6079756504995307,20.59001256728448,0.0,0.9673175456177397,0.5856009774456363,0.5299092971824617,0.0,,0.3503770406365774,0.20220376152130007,0.0,0.6079756504995307,0.6805810037295175,0.179671058069872
275,rtxpro6000blackwellserveredition,1024,64,0,softmax_warp_forward,0,0.30418742795088416,4.903564563452914,0.0,0.16334861262274536,0.12579494263254182,0.11538524136302296,3.4084577567528354,,0.10787845502455687,0.030123066555808996,0.0,0.30418742795088416,0.2812578888262881,1.072811810566361
276,rtxpro6000blackwellserveredition,1024,64,0,vectorized_elementwise_kernel,0,0.5650338849487786,2.313212503283425,0.0,0.03012555818229577,0.07736065143157342,0.0,0.0,,0.11630260047281324,0.06896243761491988,0.0,0.5650338849487786,0.5087916666666666,3.2402962962962962
277,rtxpro6000blackwellserveredition,1024,64,0,reduce_kernel,0,0.25212998923617325,4.167861710132507,0.0,0.03196080482381405,0.11854465638423152,0.001727611071557516,0.0,,0.22705263477559617,0.13886854971774482,0.0,0.25212998923617325,0.45492331195189695,0.68954626589689
278,rtxpro6000blackwellserveredition,1024,64,0,vectorized_elementwise_kernel,0,0.001033116573065642,0.0044053113844614,0.0,3.4105636524863e-05,0.00011368545508287669,0.0,0.0,,0.00011368545508287669,3.4105636524863e-05,0.0,0.001033116573065642,0.059146900792387616,0.008549146222232327
279,rtxpro6000blackwellserveredition,1024,64,0,elementwise_kernel,0,0.7329473493757915,18.086105439099832,0.0,0.39995290076708573,0.6751438106151332,0.03528996183238991,0.0,,0.6579145378674961,0.3481975927696934,0.0,0.7329473493757915,0.5673726570644542,2.2202779429122836
280,rtxpro6000blackwellserveredition,1024,64,0,vectorized_elementwise_kernel,0,0.6018003205838544,1.2666670102720838,0.0,0.03800001030816252,0.042185124290669555,0.0,0.0,,0.025333340205441677,0.021148226222934628,0.0,0.6018003205838544,0.5435679320795171,3.178794048066962
281,rtxpro6000blackwellserveredition,1024,64,0,Kernel2,0,0.7087709321498123,26.09828857535891,0.0,1.384195929052283,0.7554642005038648,0.7545276347266391,0.0,,0.3223482766617847,0.19650789314000514,0.0,0.7087709321498123,0.6139132080237127,2.092704762570409
282,rtxpro6000blackwellserveredition,1024,64,0,splitKreduce_kernel,0,0.4413222834537396,3.330618461831375,0.0,0.09314900413577178,0.10506235389936643,0.028066130038819134,0.0,,0.06710104610698003,0.027109931140986452,0.0,0.4413222834537396,0.508840212183074,2.2526353645508297
283,rtxpro6000blackwellserveredition,1024,64,0,vectorized_elementwise_kernel,0,0.11864722880558577,0.1609344255081064,0.0,0.004828032765243194,0.005364480850270215,0.0,0.0,,0.003218688510162129,0.0026822404251351075,0.0,0.11864722880558577,0.2332331160299489,0.4108940871267128
284,rtxpro6000blackwellserveredition,1024,64,0,fmha_cutlassF_f16_aligned_64x64_rf_sm80,0,0.0825920697975171,1.7472174763191708,0.1047794136015705,0.030002811901758908,0.035730837648946356,0.017760247303462158,0.3375780992223602,,0.05958613682470141,0.036097464072309245,0.0,0.0825920697975171,0.101944479029748,0.032819110379834565
285,rtxpro6000blackwellserveredition,1024,64,0,flash_fwd_splitkv_kernel,0,0.27469323328248096,4.271343653648429,0.3301023321763012,0.12765676127130396,0.08705821909398907,0.08474247588082297,2.27267718929973,,0.10300083298756689,0.05868942030235623,0.0,0.27469323328248096,0.2447918207924526,0.21436554113655265
286,rtxpro6000blackwellserveredition,1024,64,0,flash_fwd_splitkv_combine_kernel,0,0.4767211037651092,3.647381450953019,0.0,0.06725905244417954,0.0983545129984149,0.01516953753301562,1.706572972464257,,0.14210287365486687,0.09583438992020483,0.0,0.4767211037651092,0.3539294792529909,0.6964218957913422
287,rtxpro6000blackwellserveredition,1024,64,0,cudnn_generated_fort_native_sdpa_sm80_flash_fprop_wmma_f16_knob_6_128x64x64_4x1x1_kernel0_0,0,0.03992128841806669,1.1234993548623515,0.10916182908859759,0.0367448417616953,0.020898004122967797,0.024713446242658792,0.7342305643044101,,0.019237532040864893,0.010365509985631452,0.0,0.03992128841806669,0.11982870304533703,0.06411691722270793
288,rtxpro6000blackwellserveredition,1024,128,0,unrolled_elementwise_kernel,0,0.6180691682594258,3.0264170897524147,0.0,0.03697297725411817,0.093591342844464,0.005963383428083576,0.0,,0.09775988762749352,0.03526782230515052,0.0,0.6180691682594258,0.40320217383961526,0.25115627908168553
289,rtxpro6000blackwellserveredition,1024,128,0,unrolled_elementwise_kernel,0,0.6244140224729627,3.0429258181434915,0.0,0.03717466024135891,0.09407142397076991,0.005995912942154664,0.0,,0.09841611870033902,0.035482454342645346,0.0,0.6244140224729627,0.41804201091443527,0.25230614288307385
290,rtxpro6000blackwellserveredition,1024,128,0,unrolled_elementwise_kernel,0,0.6125929813084333,3.0572936644460187,0.0,0.03735018860998091,0.09452030940037794,0.006024223969351761,0.0,,0.0988419841346414,0.03567117149977291,0.0,0.6125929813084333,0.41044717508606876,0.2534974620603317
291,rtxpro6000blackwellserveredition,1024,128,0,vectorized_elementwise_kernel,0,0.23757023876077812,0.3786874074194983,0.0,0.0177591335893282,0.01462516883827028,0.004178619668077223,0.0,,0.0020893098340386113,0.0010446549170193057,0.0,0.23757023876077812,0.325474213652334,0.7928685979180354
292,rtxpro6000blackwellserveredition,1024,128,0,vectorized_elementwise_kernel,0,0.25129074135557683,0.3461872768714817,0.0,0.016234989536041904,0.01336999138262274,0.0038199975378922116,0.0,,0.0019099987689461058,0.0009549993844730529,0.0,0.25129074135557683,0.3211505434356849,0.7251728138534598
293,rtxpro6000blackwellserveredition,1024,128,0,Kernel2,0,0.6474950096327533,22.64868936175353,0.0,1.2751412846949515,0.7152754271469651,0.6786663633574035,0.0,,0.2820183716836454,0.16310714457239867,0.0,0.6474950096327533,0.73155741697556,0.23048551434646106
294,rtxpro6000blackwellserveredition,1024,128,0,softmax_warp_forward,0,0.30724395702032603,4.81213322845641,0.0,0.15998223006579412,0.12339031924594258,0.11288479373772348,3.3346392158203884,,0.1066554972517212,0.030382930569602916,0.0,0.30724395702032603,0.2705838280901079,1.0489489226130877
295,rtxpro6000blackwellserveredition,1024,128,0,vectorized_elementwise_kernel,0,0.6116586891552558,2.2853987146708357,0.0,0.029763332098038785,0.07649172196945396,0.0,0.0,,0.11480142380672105,0.06806784362209121,0.0,0.6116586891552558,0.5382823229350598,3.202115986891345
296,rtxpro6000blackwellserveredition,1024,128,0,reduce_kernel,0,0.2468807292727643,4.193657907245196,0.0,0.03215862022136213,0.11915868812385413,0.001738303795749304,0.0,,0.22860307598288857,0.13976285054661508,0.0,0.2468807292727643,0.45259281421878184,0.6938140829768452
297,rtxpro6000blackwellserveredition,1024,128,0,vectorized_elementwise_kernel,0,0.0008783023154190529,0.004485563719603,0.0,3.4726944925959255e-05,0.00011575648308653087,0.0,0.0,,0.00011575648308653087,3.4726944925959255e-05,0.0,0.0008783023154190529,0.06118923869854986,0.008160832057600426
298,rtxpro6000blackwellserveredition,1024,128,0,elementwise_kernel,0,0.7363142197598583,18.536705257820945,0.0,0.40991738456319493,0.6917149822620015,0.03616918099087013,0.0,,0.6749799661061101,0.3573538923887392,0.0,0.7363142197598583,0.5663295045722901,2.2754559228579185
299,rtxpro6000blackwellserveredition,1024,128,0,vectorized_elementwise_kernel,0,0.5788192782312896,1.301369572861022,0.0,0.03904108718583066,0.04337898576203407,0.0,0.0,,0.026100466408821524,0.021800693894323032,0.0,0.5788192782312896,0.5177558563219364,3.2660817846385863
300,rtxpro6000blackwellserveredition,1024,128,0,Kernel2,0,0.7346463977807473,36.18036554775726,0.0,2.145246109628838,1.1252085601720434,1.1632445136044078,0.0,,0.36009574174964304,0.21705291476549338,0.0,0.7346463977807473,0.6678592539842695,1.7238660857624073
301,rtxpro6000blackwellserveredition,1024,128,0,splitKreduce_kernel,0,0.6921095454490664,5.060691168139247,0.0,0.14153477738535777,0.15892849250451016,0.042616811915639076,0.0,,0.10207768308803734,0.04207438836722476,0.0,0.6921095454490664,0.5407304838016257,3.413086470349522
302,rtxpro6000blackwellserveredition,1024,128,0,vectorized_elementwise_kernel,0,0.23898719917659786,0.3112071026537699,0.0,0.009336213079613099,0.010373570088458997,0.0,0.0,,0.0062241420530753985,0.005186785044229499,0.0,0.23898719917659786,0.297105530814771,0.7873296566591431
303,rtxpro6000blackwellserveredition,1024,128,0,fmha_cutlassF_f16_aligned_64x128_rf_sm80,0,0.0827689677819272,2.043503496855309,0.1914810529215453,0.027721744234003018,0.03340440232065155,0.015975958954258702,0.3088309828766988,,0.05940549853185673,0.037741311868800885,0.0,0.0827689677819272,0.13344926231724222,0.056319653945680115
304,rtxpro6000blackwellserveredition,1024,128,0,flash_fwd_splitkv_kernel,0,0.5237180685519498,6.547198959463023,0.6385077842371557,0.1555739181320023,0.12220950914884589,0.09035828742520073,2.400639618469775,,0.14278276659345315,0.08579193279378211,0.0,0.5237180685519498,0.4050966704399935,0.37777922567437305
305,rtxpro6000blackwellserveredition,1024,128,0,flash_fwd_splitkv_combine_kernel,0,0.7383782396044266,6.063551103396155,0.0,0.11823153767900678,0.16536488266736782,0.030237913988648734,2.6958905014736265,,0.23171801073455586,0.1543577643821436,0.0,0.7383782396044266,0.47104634731890777,2.148400622763921
306,rtxpro6000blackwellserveredition,1024,128,0,cudnn_generated_fort_native_sdpa_sm80_flash_fprop_wmma_f16_knob_3_64x64x128_4x1x1_kernel0_0,0,0.07922037180270765,1.7857447475097556,0.21813712539198385,0.04518782980837361,0.029305435995072144,0.02906495126439632,0.7402602643917422,,0.03170945117473462,0.018524189310578542,0.0,0.07922037180270765,0.2232452285832329,0.1238221761038894
307,rtxpro6000blackwellserveredition,2048,64,0,unrolled_elementwise_kernel,0,0.6099916160702599,3.063966671815728,0.0,0.03743171106454682,0.09471718092426044,0.006037372752346262,0.0,,0.09898461295370208,0.035668845387836344,0.0,0.6099916160702599,0.4183538195226466,0.25427244352049583
308,rtxpro6000blackwellserveredition,2048,64,0,unrolled_elementwise_kernel,0,0.6142005975807504,3.055399098572603,0.0,0.03732704317468007,0.0944393947054957,0.006020490834625819,0.0,,0.09869724574303088,0.03550560952178254,0.0,0.6142005975807504,0.4071203695429013,0.25334037291766864
309,rtxpro6000blackwellserveredition,2048,64,0,unrolled_elementwise_kernel,0,0.6134975806622013,3.050173380006245,0.0,0.03726320188382013,0.094281394458883,0.006010193852229054,0.0,,0.09847444376360218,0.03545779599617789,0.0,0.6134975806622013,0.4018379146388132,0.2529070791162198
310,rtxpro6000blackwellserveredition,2048,64,0,vectorized_elementwise_kernel,0,0.25599212823574924,0.3468659650853989,0.0,0.016266817672970436,0.013396202789505061,0.0038274865112871603,0.0,,0.0019137432556435802,0.0009568716278217901,0.0,0.25599212823574924,0.3379011338555012,0.7262431388379617
311,rtxpro6000blackwellserveredition,2048,64,0,vectorized_elementwise_kernel,0,0.2431269065736985,0.3888572290570212,0.0,0.01823606315577755,0.015017934363581509,0.004290838389594717,0.0,,0.0021454191947973583,0.0010727095973986792,0.0,0.2431269065736985,0.3343965275217056,0.8145553283497033
312,rtxpro6000blackwellserveredition,2048,64,0,Kernel2,0,0.6097575326361948,32.26779970427056,0.0,2.04971900967336,1.1099422155557477,1.074801554651346,0.0,,0.28317810891793566,0.14817820954644953,0.0,0.6097575326361948,0.43947999919497194,0.19447869102429174
313,rtxpro6000blackwellserveredition,2048,64,0,softmax_warp_forward,0,0.40651214685849435,8.294613886988703,0.0,0.2754442075979008,0.20457419664199333,0.19536921889373612,5.921469427242487,,0.18386356074813026,0.05959839168963437,0.0,0.40651214685849435,0.36101180565206903,1.8579528396617087
314,rtxpro6000blackwellserveredition,2048,64,0,vectorized_elementwise_kernel,0,0.8493617136454829,3.611542631983871,0.0,0.04703404357932484,0.1207867933287511,0.0,0.0,,0.18144286180632907,0.10770159497769853,0.0,0.8493617136454829,0.6999692985657832,5.054419202068238
315,rtxpro6000blackwellserveredition,2048,64,0,reduce_kernel,0,0.5555224419160013,8.07566955502463,0.0,0.06007164721632357,0.22777572085810635,0.0022668546119367387,0.0,,0.47011111240245085,0.30026138560381294,0.0,0.5555224419160013,0.6025039514994945,1.7308940295277737
316,rtxpro6000blackwellserveredition,2048,64,0,vectorized_elementwise_kernel,0,0.0008956760269364142,0.0044568149012887,0.0,3.450437342933217e-05,0.0001150145780977739,0.0,0.0,,0.0001150145780977739,3.450437342933217e-05,0.0,0.0008956760269364142,0.06173039073327544,0.008108527755893059
317,rtxpro6000blackwellserveredition,2048,64,0,elementwise_kernel,0,0.8988132168311359,29.418955655336536,0.0,0.6505655234350844,1.102322676673702,0.05740284030309568,0.0,,1.0716294648527016,0.5630729649170803,0.0,0.8988132168311359,0.740470532680186,3.6009222620236683
318,rtxpro6000blackwellserveredition,2048,64,0,vectorized_elementwise_kernel,0,0.8596460135406383,1.9911130699607744,0.0,0.059733392098823244,0.06620353735301707,0.0,0.0,,0.03981456463238419,0.03334198882024363,0.0,0.8596460135406383,0.6978173260500314,4.992808384128619
319,rtxpro6000blackwellserveredition,2048,64,0,Kernel2,0,0.8074548746772405,38.27469022643093,0.0,2.11413766488263,1.1229471902032415,1.1408718525291808,0.0,,0.4104194056585029,0.26078220968964794,0.0,0.8074548746772405,0.7836180938960169,3.1065623030427894
320,rtxpro6000blackwellserveredition,2048,64,0,splitKreduce_kernel,0,0.6619815435751624,4.485612112427026,0.0,0.15767606213379845,0.1523557693584056,0.048312054817068475,0.0,,0.0788327213934707,0.03577724327065264,0.0,0.6619815435751624,0.6067775119069426,4.096689153133637
321,rtxpro6000blackwellserveredition,2048,64,0,vectorized_elementwise_kernel,0,0.23910939213235585,0.3183703418128454,0.0,0.009551110254385365,0.010612344727094849,0.0,0.0,,0.006367406836256909,0.005306172363547424,0.0,0.23910939213235585,0.29680527228333303,0.805841764136493
322,rtxpro6000blackwellserveredition,2048,64,0,fmha_cutlassF_f16_aligned_64x64_rf_sm80,0,0.16744777000675004,3.595183500321564,0.21918189623957846,0.06210895079942552,0.0738987652655214,0.03688792835811162,0.698551157992408,,0.1218870287532323,0.07320865884458962,0.0,0.16744777000675004,0.12565431688321896,0.03226307613447805
323,rtxpro6000blackwellserveredition,2048,64,0,flash_fwd_splitkv_kernel,0,0.6274691566757695,10.547091504258717,0.8151110717253527,0.3152187347687887,0.2149343022229892,0.20942793999787007,5.611848687171618,,0.2539378632656028,0.1447889143600734,0.0,0.6274691566757695,0.3946904337693492,0.24464152870638772
324,rtxpro6000blackwellserveredition,2048,64,0,flash_fwd_splitkv_combine_kernel,0,0.7291007205868097,5.64164539373768,0.0,0.12805376934759427,0.17256406113678224,0.032749539535334604,2.94490580670178,,0.24126151161663487,0.16398681616958025,0.0,0.7291007205868097,0.4909859396710505,2.032662293598733
325,rtxpro6000blackwellserveredition,2048,64,0,cudnn_generated_fort_native_sdpa_sm80_flash_fprop_wmma_f16_knob_6_128x64x64_4x1x1_kernel0_0,0,0.08209151414347002,2.3710173120789535,0.2364199171767308,0.07857816522130662,0.04352685894092907,0.05320257565170849,1.5800769611115737,,0.03872609000621615,0.020586094015030126,0.0,0.08209151414347002,0.12153325593594197,0.06726961213033743
326,rtxpro6000blackwellserveredition,2048,128,0,elementwise_kernel,0,0.9014167674852717,29.65305941671275,0.0,0.6557424521419405,1.1108455313790366,0.05785962813017121,0.0,,1.080373641450293,0.5673553134077906,0.0,0.9014167674852717,0.7443884275005099,3.6296875501211443
327,rtxpro6000blackwellserveredition,2048,128,0,vectorized_elementwise_kernel,0,0.8557260619559629,2.016915135850018,0.0,0.060507454075500545,0.06705118488429779,0.0,0.0,,0.040356768126569305,0.03380154772959583,0.0,0.8557260619559629,0.7036760578320215,5.057276828085806
328,rtxpro6000blackwellserveredition,2048,128,0,Kernel2,0,0.8129479029242422,26.21522165529413,0.0,1.578467605010324,0.8115167340864545,0.8421764469043688,0.0,,0.20103683406577721,0.12587350853741286,0.0,0.8129479029242422,0.7214085988397025,1.1944675001674574
329,rtxpro6000blackwellserveredition,2048,128,0,vectorized_elementwise_kernel,0,0.3592853789001722,0.5656573096292477,0.0,0.01696971928887743,0.018855243654308258,0.0,0.0,,0.011313146192584953,0.009427621827154129,0.0,0.3592853789001722,0.3588381652964085,1.4248377325832973
330,rtxpro6000blackwellserveredition,2048,128,0,fmha_cutlassF_f16_aligned_64x128_rf_sm80,0,0.16778232284644717,4.110774602474356,0.3941931493839111,0.05618320777130145,0.06760054098477518,0.032638077078347635,0.6289575347815702,,0.11768044765592608,0.07364181332435107,0.0,0.16778232284644717,0.14753833224681187,0.0561249383295495
331,rtxpro6000blackwellserveredition,2048,128,0,flash_fwd_splitkv_kernel,0,0.6442144808496664,9.367983052865965,1.009106077173938,0.22148104574691657,0.15550607428686225,0.13851106291298715,3.5230021737273707,,0.17859931119186903,0.10601630475970508,0.0,0.6442144808496664,0.465241007661577,0.2881657566363644
332,rtxpro6000blackwellserveredition,2048,128,0,flash_fwd_splitkv_combine_kernel,0,0.7868244303353208,9.632009901412284,0.0,0.18781194751464275,0.2587454639482975,0.04774949514386897,4.282448281630454,,0.36831045125992634,0.24964602669751382,0.0,0.7868244303353208,0.5506256819794515,3.4034027357899537
333,rtxpro6000blackwellserveredition,2048,128,0,cudnn_generated_fort_native_sdpa_sm80_flash_fprop_wmma_f16_knob_3_64x64x128_4x1x1_kernel0_0,0,0.16385172799789555,3.744621086863626,0.47353109030138846,0.09621490476155531,0.05987035852646992,0.06257111906795423,1.589612424717796,,0.06239386825070943,0.03617282744971637,0.0,0.16385172799789555,0.2733851688483382,0.13240116714582717
334,rtxpro6000blackwellserveredition,4096,64,0,unrolled_elementwise_kernel,0,0.5880880287365585,5.98309885099818,0.0,0.07309401551958368,0.1801825968822676,0.011789357341868336,0.0,,0.19333394736236154,0.07430633908218011,0.0,0.5880880287365585,0.4676417615533399,0.46968615441294986
335,rtxpro6000blackwellserveredition,4096,64,0,unrolled_elementwise_kernel,0,0.598874149197869,6.033018610552906,0.0,0.07370387268064633,0.18198894116854908,0.011887721400104249,0.0,,0.1948541490353416,0.07489380573094975,0.0,0.598874149197869,0.45715428381702655,0.47382321425876456
336,rtxpro6000blackwellserveredition,4096,64,0,unrolled_elementwise_kernel,0,0.6043844942394729,6.004674975937624,0.0,0.07335760561736604,0.18098026596291678,0.011831871873768718,0.0,,0.1947660143345901,0.07441600353107426,0.0,0.6043844942394729,0.4593306846424845,0.4715971524936479
337,rtxpro6000blackwellserveredition,4096,64,0,vectorized_elementwise_kernel,0,0.35707074595215016,0.6494756254177325,0.0,0.030458167260969532,0.025083196567857253,0.007166627590816359,0.0,,0.0035833137954081793,0.0017916568977040896,0.0,0.35707074595215016,0.38530601858494096,1.3539047272447327
338,rtxpro6000blackwellserveredition,4096,64,0,vectorized_elementwise_kernel,0,0.3877270051573112,0.652263681810594,0.0,0.030588917491807175,0.02519087322854708,0.007197392351013451,0.0,,0.0035986961755067257,0.0017993480877533628,0.0,0.3877270051573112,0.380587929080382,1.3593863941872624
339,rtxpro6000blackwellserveredition,4096,64,0,Kernel2,0,0.8698514570854244,42.93297603066496,0.0,2.7366382987064637,1.4708658003046515,1.4301781749868319,0.0,,0.36519580721590356,0.20084237602902094,0.0,0.8698514570854244,0.6784686547766362,0.8920757088775759
340,rtxpro6000blackwellserveredition,4096,64,0,cunn_SoftMaxForwardReg,0,0.9053803222856548,37.93024907009532,0.0,1.3914727577296682,1.0091426462569595,0.7318088755306528,15.99392598963336,,0.7278931464413322,0.378664226859394,0.0,0.9053803222856548,0.8622254221213123,4.728757769911683
341,rtxpro6000blackwellserveredition,4096,64,0,vectorized_elementwise_kernel,0,0.9564806522465457,4.352527870531275,0.0,0.05668408389529102,0.14570099896999136,0.0,0.0,,0.21862674740669127,0.12960328357264725,0.0,0.9564806522465457,0.8398745940387013,6.090024435521657
342,rtxpro6000blackwellserveredition,4096,64,0,reduce_kernel,0,0.865501902430556,15.297675833478,0.0,0.11089999538129039,0.42738194020841525,0.0026094116560303623,0.0,,0.9380423997540935,0.6189430799785309,0.0,0.865501902430556,0.7102195419992005,3.939645888313231
343,rtxpro6000blackwellserveredition,4096,64,0,vectorized_elementwise_kernel,0,0.0010290499958666968,0.0044183587080149,0.0,3.420664806205086e-05,0.00011402216020683621,0.0,0.0,,0.00011402216020683621,3.420664806205086e-05,0.0,0.0010290499958666968,0.05818746810942707,0.008038562294581953
344,rtxpro6000blackwellserveredition,4096,64,0,elementwise_kernel,0,0.9678160945746016,35.34257126802615,0.0,0.7815592995856189,1.317809675769678,0.0689611146693193,0.0,,1.287268265358306,0.6821111414318775,0.0,0.9678160945746016,0.85786381043147,5.179186025384795
345,rtxpro6000blackwellserveredition,4096,64,0,vectorized_elementwise_kernel,0,0.9541055111689125,2.393701048157333,0.0,0.07181103144472,0.0796923914937219,0.0,0.0,,0.04788400445750848,0.03999059116531364,0.0,0.9541055111689125,0.8376845325660977,6.016713587061002
346,rtxpro6000blackwellserveredition,4096,64,0,Kernel2,0,0.8694740979268679,47.09219679156248,0.0,2.8410471316160764,1.3982881171114732,1.5354546077972144,0.0,,0.32730799993955934,0.2346990825800802,0.0,0.8694740979268679,0.8843951232002084,4.157288922931978
347,rtxpro6000blackwellserveredition,4096,64,0,splitKreduce_kernel,0,0.7164719233057134,6.878355746420052,0.0,0.17989545798329368,0.20807258649453553,0.052573279845919044,0.0,,0.13759747125352892,0.056803788986079365,0.0,0.7164719233057134,0.5999519748404194,3.98651404109213
348,rtxpro6000blackwellserveredition,4096,64,0,vectorized_elementwise_kernel,0,0.3576925624944792,0.5653210847098312,0.0,0.016959632541294938,0.018844036156994374,0.0,0.0,,0.011306421694196624,0.009422018078497187,0.0,0.3576925624944792,0.35783564099166737,1.4236448488060536
349,rtxpro6000blackwellserveredition,4096,64,0,fmha_cutlassF_f16_aligned_64x64_rf_sm80,0,0.3373804751075996,7.25392961655901,0.4461552441234489,0.12568177943471792,0.14953911668994035,0.07474300530951677,1.4121853621532203,,0.2452709336379677,0.14666987306425777,0.0,0.3373804751075996,0.17944077728380237,0.03177163102412518
350,rtxpro6000blackwellserveredition,4096,64,0,flash_fwd_splitkv_kernel,0,0.858104149383027,16.722320949196305,1.2923514454322278,0.4997765355382443,0.3406226963171116,0.3324863098167993,8.897536806930866,,0.4026248793515294,0.22926852940972567,0.0,0.858104149383027,0.5839042470957708,0.18608943354339458
351,rtxpro6000blackwellserveredition,4096,64,0,flash_fwd_splitkv_combine_kernel,0,0.8514864884534795,7.062171759214656,0.0,0.1604071173449761,0.19031016913086243,0.05278295508026802,2.7680874232097645,,0.25846191488491604,0.17547474265783805,0.0,0.8514864884534795,0.6352126984693591,4.342664492084099
352,rtxpro6000blackwellserveredition,4096,64,0,cudnn_generated_fort_native_sdpa_sm80_flash_fprop_wmma_f16_knob_6_128x64x64_4x1x1_kernel0_0,0,0.16684136699343968,4.857712507954399,0.49081525830996264,0.16208976189579044,0.08853465403074758,0.11011093914448936,3.2698050198078867,,0.0773313263712986,0.040792170367251586,0.0,0.16684136699343968,0.1412324133622902,0.0687049431133219
353,rtxpro6000blackwellserveredition,4096,128,0,elementwise_kernel,0,0.9639644774360362,34.31186078105236,0.0,0.7587663522314019,1.2799934993745403,0.06694997225571192,0.0,,1.2494855090366015,0.6616553847840755,0.0,0.9639644774360362,0.8607008374024672,5.045316238061826
354,rtxpro6000blackwellserveredition,4096,128,0,vectorized_elementwise_kernel,0,0.9512918187255129,2.3996777776421623,0.0,0.07199033332926487,0.07989271460131085,0.0,0.0,,0.04799599663131171,0.04009007579548644,0.0,0.9512918187255129,0.8361197875346328,6.024026558933737
355,rtxpro6000blackwellserveredition,4096,128,0,Kernel2,0,0.9190927026649922,59.01781498534952,0.0,3.8377353983535643,1.8809690526022043,2.040518710757639,0.0,,0.31853400306962465,0.2347308497279196,0.0,0.9190927026649922,0.9096830490442304,2.8383147202455694
356,rtxpro6000blackwellserveredition,4096,128,0,vectorized_elementwise_kernel,0,0.45280624292535926,0.9211463354298008,0.0,0.027634390062894025,0.03070187932443271,0.0,0.0,,0.018418428923755052,0.015355437447057325,0.0,0.45280624292535926,0.443154043508572,2.3143621766280105
357,rtxpro6000blackwellserveredition,4096,128,0,fmha_cutlassF_f16_aligned_64x128_rf_sm80,0,0.3367618431289032,8.261442103074211,0.8017513575824036,0.11331974191842814,0.1362032431923037,0.06609436588040181,1.2710488980074963,,0.23466021546366203,0.14568710322581893,0.0,0.3367618431289032,0.22158081650110836,0.056137546973019
358,rtxpro6000blackwellserveredition,4096,128,0,flash_fwd_splitkv_kernel,0,0.7584240033157943,13.545770348040456,1.5829101868304363,0.321649398163161,0.2026668820335261,0.21258303519898966,5.234018516329277,,0.22253362567623322,0.1289212186581544,0.0,0.7584240033157943,0.6022261221822613,0.2220034797724194
359,rtxpro6000blackwellserveredition,4096,128,0,flash_fwd_splitkv_combine_kernel,0,0.8206248595950055,16.813911749573048,0.0,0.3101823513639515,0.4434063399044884,0.07194194902664615,7.569043023713648,,0.6502940956227459,0.4455392880349581,0.0,0.8206248595950055,0.590539813421389,3.7575386309999734
360,rtxpro6000blackwellserveredition,4096,128,0,cudnn_generated_fort_native_sdpa_sm80_flash_fprop_wmma_f16_knob_3_64x64x128_4x1x1_kernel0_0,0,0.3326992907926759,7.627236824310625,0.9817993469541293,0.1975403776388115,0.1202833552187637,0.12913201733614002,3.27785792714788,,0.12269243987953583,0.07081533825059619,0.0,0.3326992907926759,0.4149554111299864,0.13623433154264694
361,rtxpro6000blackwellserveredition,8192,64,0,elementwise_kernel,0,0.9933258104687253,26.91777907472105,0.0,0.5952549518962703,1.01003264740692,0.052522495755553254,0.0,,0.9804087508441099,0.5130622770136694,0.0,0.9933258104687253,0.8937533262462461,5.9265941500808985
362,rtxpro6000blackwellserveredition,8192,64,0,vectorized_elementwise_kernel,0,0.9805047574834422,1.8912767878692325,0.0,0.05673830363607698,0.06300047414669227,0.0,0.0,,0.03782608888042798,0.031564639834651805,0.0,0.9805047574834422,0.8834761228986976,6.252117811937588
363,rtxpro6000blackwellserveredition,8192,64,0,Kernel2,0,0.961037582275901,53.55504235716783,0.0,3.255923729259982,1.5926505437410452,1.7571155487968382,0.0,,0.3508066118324832,0.25694416718888524,0.0,0.961037582275901,0.8915881248427574,4.810291671367784
364,rtxpro6000blackwellserveredition,8192,64,0,vectorized_elementwise_kernel,0,0.45100556141428594,0.9138627807666392,0.0,0.027415883422999176,0.030459117878481826,0.0,0.0,,0.01827428080159331,0.015234021159850128,0.0,0.45100556141428594,0.432868912229608,2.296342020285255
365,rtxpro6000blackwellserveredition,8192,64,0,fmha_cutlassF_f16_aligned_64x64_rf_sm80,0,0.6773763256179989,14.6020316172143,0.9021698958111237,0.25335273840286743,0.3014827509347854,0.15075035564459255,2.8448206559132183,,0.4930855861971989,0.29420502981338176,0.0,0.6773763256179989,0.2997697455847238,0.031591940748038005
366,rtxpro6000blackwellserveredition,8192,64,0,flash_fwd_splitkv_kernel,0,0.8670277028433592,23.35220800498139,2.0604995759800198,0.7092399510949293,0.4238947079481792,0.5013996036748807,13.252267017754802,,0.48540978261069795,0.26936051891939683,0.0,0.8670277028433592,0.6741417299063347,0.14506997711336037
367,rtxpro6000blackwellserveredition,8192,64,0,flash_fwd_splitkv_combine_kernel,0,0.8135927494235754,15.93165698057617,0.0,0.3457483343239124,0.4708910817817472,0.08118231203472653,8.430575823240604,,0.6849199943571681,0.4787207422636544,0.0,0.8135927494235754,0.5831325435295913,3.6255065251025074
368,rtxpro6000blackwellserveredition,8192,64,0,cudnn_generated_fort_native_sdpa_sm80_flash_fprop_wmma_f16_knob_6_128x64x64_4x1x1_kernel0_0,0,0.3366317858727292,9.847402397170006,1.0016247760224013,0.3297203385241589,0.17873798932907525,0.2243702851122218,6.662113035097729,,0.1547366773291536,0.08132617424918363,0.0,0.3366317858727292,0.21156500695880556,0.06953754808731057
369,rtxpro6000blackwellserveredition,8192,128,0,elementwise_kernel,0,0.9924178779536401,26.845584656164306,0.0,0.5936584574371293,1.0071566551934432,0.05238162859739376,0.0,,0.977727690290637,0.5115723620355749,0.0,0.9924178779536401,0.8911286506125018,5.9093339144988635
370,rtxpro6000blackwellserveredition,8192,128,0,vectorized_elementwise_kernel,0,0.9807255344257457,1.8912004250122048,0.0,0.05673601275036615,0.06299540539240006,0.0,0.0,,0.037822132767400686,0.03156430323606962,0.0,0.9807255344257457,0.8839151913727256,6.254492073549794
371,rtxpro6000blackwellserveredition,8192,128,0,Kernel2,0,0.9229680647288138,67.95927279029173,0.0,4.533655851395664,2.1808602841482254,2.408507285313987,0.0,,0.29543261304622975,0.23977984819819242,0.0,0.9229680647288138,0.910279227253522,3.3735870255399307
372,rtxpro6000blackwellserveredition,8192,128,0,vectorized_elementwise_kernel,0,0.5842093010388425,1.2828155127973584,0.0,0.038484465383920745,0.04271980273370825,0.0,0.0,,0.02565631025594716,0.021417841032349123,0.0,0.5842093010388425,0.5079836030746648,3.219908695438843
373,rtxpro6000blackwellserveredition,8192,128,0,fmha_cutlassF_f16_aligned_64x128_rf_sm80,0,0.6758288511714602,16.481067957782276,1.6098053027346968,0.22638045390297498,0.2722309485786595,0.1321987488091623,2.539002907233813,,0.4664510092343963,0.28839284222533934,0.0,0.6758288511714602,0.4613632541099096,0.05588918355042825
374,rtxpro6000blackwellserveredition,8192,128,0,flash_fwd_splitkv_kernel,0,0.8525867291142077,16.101694987938156,1.9185758191486828,0.3827578666299355,0.23409122506441746,0.2564790767488775,6.263416999921581,,0.25382924740666973,0.1460113803118769,0.0,0.8525867291142077,0.6628379070599383,0.13336326030643014
375,rtxpro6000blackwellserveredition,8192,128,0,flash_fwd_splitkv_combine_kernel,0,0.8505870832316828,19.76864294212154,0.0,0.36469111069393767,0.5205826328559285,0.08528703503584582,8.899161074349674,,0.7647969313707753,0.523843875024815,0.0,0.8505870832316828,0.6815097342384419,4.4129437488977015
376,rtxpro6000blackwellserveredition,8192,128,0,cudnn_generated_fort_native_sdpa_sm80_flash_fprop_wmma_f16_knob_3_64x64x128_4x1x1_kernel0_0,0,0.6710933965148682,15.38694883140854,1.9985612855001909,0.40013309672619635,0.2408786587714367,0.2622856941538368,6.654145393312709,,0.24295000858731786,0.13987816104352455,0.0,0.6710933965148682,0.7598195400911301,0.13812254815844394
377,h10080gbhbm3,256,64,0,unrolled_elementwise_kernel,0,0.13873839825622272,0.5934467726058219,0.0,0.00990015468991703,0.00990015468991703,0.0,0.0,0.0,0.013500210940795948,,0.0,0.13873839825622272,0.36619163971312046,0.005893685838841231
378,h10080gbhbm3,256,64,0,unrolled_elementwise_kernel,0,0.13870185640796243,0.6040706777007381,0.0,0.01007738760903601,0.01007738760903601,0.0,0.0,0.0,0.013741892194140013,,0.0,0.13870185640796243,0.36644983225229255,0.005999194811004249
379,h10080gbhbm3,256,64,0,unrolled_elementwise_kernel,0,0.13526401776621022,0.5969220323639243,0.0,0.009958130587303382,0.009958130587303382,0.0,0.0,0.0,0.01357926898268643,,0.0,0.13526401776621022,0.3422528767539889,0.005928199615254045
380,h10080gbhbm3,256,64,0,vectorized_elementwise_kernel,0,0.03149937212222688,0.0803683549602344,0.0,0.0034290498116366685,0.002571787358727501,0.0008572624529091671,0.0,0.0,0.0006429468396818753,,0.0,0.03149937212222688,0.43098082879866056,0.012199916282963585
381,h10080gbhbm3,256,64,0,vectorized_elementwise_kernel,0,0.03291527483515035,0.0771602457553827,0.0,0.0032921704855629966,0.0024691278641722474,0.0008230426213907491,0.0,0.0,0.0006172819660430619,,0.0,0.03291527483515035,0.41712708292475914,0.011670487170501639
382,h10080gbhbm3,256,64,0,sm80_xmma_gemm_f32f32_f32f32_f32_tn_n_tilesize32x32x8_stage3_warpsize1x2x1_ffma_aligna4_alignc4_execute_kernel__5x_cublas,0,0.3182785246864537,5.264855443950779,0.00018937796735301384,0.22024657603155512,0.10967055631257425,0.11057601971898086,0.0,0.00018937796735301384,0.08957577855797555,,0.0,0.3182785246864537,0.46109514467441043,0.012147412993399883
383,h10080gbhbm3,256,64,0,softmax_warp_forward,0,0.20605615106835473,2.5501586712531465,0.0006089931155231394,0.07795111878696184,0.024378755655785674,0.053572363131176165,1.4615834772555345,0.0006089931155231394,0.043847504317666035,,0.0,0.20605615106835473,0.5080931259902085,0.03337948359286907
384,h10080gbhbm3,256,64,0,vectorized_elementwise_kernel,0,0.13121719570107473,0.4239903879451823,0.0,0.006167132915566289,0.006167132915566289,0.0,0.0,0.0,0.01927229036114465,,0.0,0.13121719570107473,0.4545980221812017,0.041577557417874444
385,h10080gbhbm3,256,64,0,reduce_kernel,0,0.06822031240198231,1.7312419090852065,0.0004866429808403336,0.015572575386890676,0.015572575386890676,0.0,0.0,0.0004866429808403336,0.07007658924100803,,0.0,0.06822031240198231,0.4063907534031742,0.012847374694184807
386,h10080gbhbm3,256,64,0,vectorized_elementwise_kernel,0,0.001098782333021111,0.0064045600467532,0.0,6.404560046753287e-05,6.404560046753287e-05,0.0,0.0,0.0,0.00014410260105194897,,0.0,0.001098782333021111,0.3104408338737181,0.0008454019261714341
387,h10080gbhbm3,256,64,0,elementwise_kernel,0,0.4414233609673099,3.7360170872099343,0.006950729464576621,0.06487347500271512,0.06487347500271512,0.0,0.0,0.006950729464576621,0.10426094196864931,,0.0,0.4414233609673099,0.5377485474061471,0.0324050609998914
388,h10080gbhbm3,256,64,0,vectorized_elementwise_kernel,0,0.1371556121272494,0.2361253308982908,0.0,0.007083759926948725,0.007083759926948725,0.0,0.0,0.0,0.004722506617965817,,0.0,0.1371556121272494,0.4729892452290692,0.042369739063062066
389,h10080gbhbm3,256,64,0,sm80_xmma_gemm_f32f32_f32f32_f32_nn_n_tilesize32x32x8_stage3_warpsize1x2x1_ffma_aligna4_alignc4_execute_kernel__5x_cublas,0,0.32474077067835355,5.00148752513707,0.00017962567692918677,0.20207888654533515,0.10261678124820199,0.09946210529713316,0.0,0.00017962567692918677,0.08927396143380585,,0.0,0.32474077067835355,0.5647311298314747,0.025822313719051408
390,h10080gbhbm3,256,64,0,sm80_xmma_gemm_f32f32_f32f32_f32_nn_n_tilesize32x32x8_stage3_warpsize1x2x1_ffma_aligna4_alignc4_execute_split_k_kernel__5x_cublas,0,0.06917305354836491,0.4166342114654112,0.0,0.01188313229223086,0.009100740340879244,0.002782391951351616,0.0,0.0,0.011767199294257876,,0.0,0.06917305354836491,0.5404180924312055,0.026397943638448457
391,h10080gbhbm3,256,64,0,vectorized_elementwise_kernel,0,0.030971627205957523,0.0633218232727488,0.0,0.0018996546981824656,0.0018996546981824656,0.0,0.0,0.0,0.0012664364654549772,,0.0,0.030971627205957523,0.4148440205400164,0.012015315966004097
392,h10080gbhbm3,256,64,0,fmha_cutlassF_f16_aligned_64x64_rf_sm80,0,0.024931747807025974,0.7042290737046816,0.010495015764302854,0.016921803677098907,0.008948051465548498,0.00797375221155041,0.1429740917109617,0.010495015764302854,0.020814516738602108,,0.0,0.024931747807025974,0.1607202704208896,0.004853432339048454
393,h10080gbhbm3,256,64,0,flash_fwd_kernel,0,0.01154357198778242,0.3576324949369089,0.011291336325243415,0.012107311801872331,0.004467649512803831,0.0076396622890685,0.1992156343841774,0.011291336325243415,0.007336428159240186,,0.0,0.01154357198778242,0.23133276913407358,0.007762793723604847
394,h10080gbhbm3,256,64,0,cudnn_generated_fort_native_sdpa_sm90_flash_fprop_wgmma_f16_knob_32_64x256x64_4x1x1_kernel0_0,0,0.010856804052986816,0.2943319007687756,0.009656255230668041,0.008849995638654256,0.002152383062890606,0.006697612575763649,0.2517793111902702,0.009656255230668041,0.007013515456845074,,0.0,0.010856804052986816,0.2128855960073648,0.0075618662787819355
395,h10080gbhbm3,256,128,0,unrolled_elementwise_kernel,0,0.2670654340828047,1.1152054095390365,0.0,0.018604374604632264,0.018604374604632264,0.0,0.0,0.0,0.025369601733589455,,0.0,0.2670654340828047,0.416325569948914,0.008328364569104914
396,h10080gbhbm3,256,128,0,unrolled_elementwise_kernel,0,0.2632719616554382,1.159541747452769,0.0,0.01934401398594193,0.01934401398594193,0.0,0.0,0.0,0.02637820088992081,,0.0,0.2632719616554382,0.40913014619636984,0.008659468760894316
397,h10080gbhbm3,256,128,0,unrolled_elementwise_kernel,0,0.27542483155330266,1.1336676802291512,0.0,0.018912370779178258,0.018912370779178258,0.0,0.0,0.0,0.02578959651706126,,0.0,0.27542483155330266,0.42728198472436524,0.008466240981616517
398,h10080gbhbm3,256,128,0,vectorized_elementwise_kernel,0,0.06491007836800514,0.1573259827138076,0.0,0.006712575262455793,0.0050344314468418454,0.0016781438156139483,0.0,0.0,0.0012586078617104614,,0.0,0.06491007836800514,0.4630236415065275,0.02301679127103006
399,h10080gbhbm3,256,128,0,vectorized_elementwise_kernel,0,0.06412303869272203,0.1561239624261663,0.0,0.0066612890635164325,0.004995966797637324,0.0016653222658791081,0.0,0.0,0.001248991699409331,,0.0,0.06412303869272203,0.4548088619864172,0.022840935702948144
400,h10080gbhbm3,256,128,0,sm80_xmma_gemm_f32f32_f32f32_f32_tn_n_tilesize32x32x8_stage3_warpsize1x2x1_ffma_aligna4_alignc4_execute_kernel__5x_cublas,0,0.3523787588878653,7.272547421633241,0.00015118229277395883,0.330635674296648,0.15649020858431956,0.17414546571232845,0.0,0.00015118229277395883,0.10658351640564098,,0.0,0.3523787588878653,0.5330431932534903,0.01767982425058465
401,h10080gbhbm3,256,128,0,softmax_warp_forward,0,0.12588850208004035,1.5078214503900336,0.0003768038445074606,0.04586755621927214,0.014355949414083875,0.031511606805188254,0.8544581297507415,0.0003768038445074606,0.026467699460145377,,0.0,0.12588850208004035,0.3114437544070119,0.01943809126687825
402,h10080gbhbm3,256,128,0,vectorized_elementwise_kernel,0,0.15498591353344232,0.4081017471856051,0.0,0.005936025413608803,0.005936025413608803,0.0,0.0,0.0,0.018550079417527506,,0.0,0.15498591353344232,0.43245234948349626,0.040019477583388405
403,h10080gbhbm3,256,128,0,reduce_kernel,0,0.06901744662552786,1.673591535060477,0.00047043776439153654,0.01505400846052917,0.01505400846052917,0.0,0.0,0.00047043776439153654,0.06774303807238126,,0.0,0.06901744662552786,0.41215888667962824,0.012395300032710126
404,h10080gbhbm3,256,128,0,vectorized_elementwise_kernel,0,0.0011273756826447327,0.0063180423545764,0.0,6.318042354576435e-05,6.318042354576435e-05,0.0,0.0,0.0,0.0001421559529779698,,0.0,0.0011273756826447327,0.31380511998357313,0.0008339815908040895
405,h10080gbhbm3,256,128,0,elementwise_kernel,0,0.42820732592614374,3.7342005459278176,0.006947349852888963,0.06484193196029697,0.06484193196029697,0.0,0.0,0.006947349852888963,0.10421024779333443,,0.0,0.42820732592614374,0.5319495548223248,0.0323893048805585
406,h10080gbhbm3,256,128,0,vectorized_elementwise_kernel,0,0.13937170158948256,0.2398276238953252,0.0,0.007194828716859757,0.007194828716859757,0.0,0.0,0.0,0.004796552477906505,,0.0,0.13937170158948256,0.4707804546732037,0.043034069262717425
407,h10080gbhbm3,256,128,0,sm80_xmma_gemm_f32f32_f32f32_f32_nn_n_tilesize32x32x8_stage3_warpsize1x2x1_ffma_aligna4_alignc4_execute_kernel__5x_cublas,0,0.6613886177134944,9.700465786288373,0.0003485568249740965,0.39212642809585857,0.19909674766528196,0.19302968043057658,0.0,0.0003485568249740965,0.173232742012126,,0.0,0.6613886177134944,0.5486048876925401,0.029654561124749304
408,h10080gbhbm3,256,128,0,sm80_xmma_gemm_f32f32_f32f32_f32_nn_n_tilesize32x32x8_stage3_warpsize1x2x1_ffma_aligna4_alignc4_execute_split_k_kernel__5x_cublas,0,0.144993814105864,0.776401446807218,0.0,0.02214431952632761,0.016959308125041143,0.005185011401286464,0.0,0.0,0.021928277384607335,,0.0,0.144993814105864,0.5697747760672566,0.047410448000513104
409,h10080gbhbm3,256,128,0,vectorized_elementwise_kernel,0,0.06290105231281702,0.1162843515784692,0.0,0.0034885305473540767,0.0034885305473540767,0.0,0.0,0.0,0.0023256870315693846,,0.0,0.06290105231281702,0.4193390869861458,0.02126550079491256
410,h10080gbhbm3,256,128,0,fmha_cutlassF_f16_aligned_64x128_rf_sm80,0,0.024584177258400373,1.0004334598272704,0.02330371061524982,0.021153124039916708,0.01202664337812774,0.009126480661788968,0.1604405857788195,0.02330371061524982,0.02691077910403605,,0.0,0.024584177258400373,0.26521863585676414,0.008974431915159928
411,h10080gbhbm3,256,128,0,flash_fwd_splitkv_kernel,0,0.04237796557089008,0.824064908946613,0.030909980467448053,0.022900753757783776,0.010039203454230565,0.012861550303553213,0.309904752082487,0.030909980467448053,0.015978206048928224,,0.0,0.04237796557089008,0.35403539630453673,0.016220193363460166
412,h10080gbhbm3,256,128,0,flash_fwd_splitkv_combine_kernel,0,0.304735939173788,3.2139951835176426,0.0022680960396916803,0.10402313200222298,0.09670336751049075,0.007319764491732241,1.783548249393912,0.0022680960396916803,0.10556956112019458,,0.0,0.304735939173788,0.35123947904669084,0.023878798617878973
413,h10080gbhbm3,256,128,0,cudnn_generated_fort_native_sdpa_sm90_flash_fprop_wgmma_f16_knob_7_64x128x128_4x1x1_kernel0_0,0,0.01121253980607073,0.33396684528664,0.01697839668971006,0.010779375144431398,0.004431129409497083,0.006348245734934314,0.2246653077593469,0.01697839668971006,0.008147226243560821,,0.0,0.01121253980607073,0.25762040785872614,0.01173648251641725
414,h10080gbhbm3,512,64,0,unrolled_elementwise_kernel,0,0.2663571575353702,1.1659693069631782,0.0,0.019451241519006575,0.019451241519006575,0.0,0.0,0.0,0.026524420253190784,,0.0,0.2663571575353702,0.4424098454641687,0.00870746983624279
415,h10080gbhbm3,512,64,0,unrolled_elementwise_kernel,0,0.2604251344616722,1.1201544857608323,0.0,0.018686937392787345,0.018686937392787345,0.0,0.0,0.0,0.025482187353800926,,0.0,0.2604251344616722,0.4619843423903486,0.011168364926158062
416,h10080gbhbm3,512,64,0,unrolled_elementwise_kernel,0,0.2645094268496273,1.172949206365751,0.0,0.019567683442689304,0.019567683442689304,0.0,0.0,0.0,0.026683204694576326,,0.0,0.2645094268496273,0.4107995320016052,0.008759595791141385
417,h10080gbhbm3,512,64,0,vectorized_elementwise_kernel,0,0.06275484023610457,0.1474885465925536,0.0,0.006292844654615623,0.0047196334909617174,0.0015732111636539057,0.0,0.0,0.0011799083727404294,,0.0,0.06275484023610457,0.4458892176654406,0.0215775743664906
418,h10080gbhbm3,512,64,0,vectorized_elementwise_kernel,0,0.0776261265005165,0.1424822787665784,0.0,0.006079243894040679,0.004559432920530509,0.0015198109735101697,0.0,0.0,0.0011398582301326273,,0.0,0.0776261265005165,0.47037273957801506,0.020805974756889615
419,h10080gbhbm3,512,64,0,sm80_xmma_gemm_f32f32_f32f32_f32_tn_n_tilesize32x32x8_stage3_warpsize1x2x1_ffma_aligna4_alignc4_execute_kernel__5x_cublas,0,0.6583501815737869,19.69598490987689,0.0007080409668078139,0.8234516443974875,0.4102571903496229,0.41319445404786465,0.0,0.0007080409668078139,0.33490337730009595,,0.0,0.6583501815737869,0.5969562190059216,0.02070024145303282
420,h10080gbhbm3,512,64,0,softmax_warp_forward,0,0.27330906678686545,3.793207067915147,0.0005140576821857279,0.11059421855200156,0.026212216996599095,0.08438200155540247,2.323843110351364,0.0005140576821857279,0.07285822686008088,,0.0,0.27330906678686545,0.31359521926355566,0.05183969337971192
421,h10080gbhbm3,512,64,0,vectorized_elementwise_kernel,0,0.3375954851053127,1.5916303754970311,0.0,0.02315098727995682,0.02315098727995682,0.0,0.0,0.0,0.07234683524986506,,0.0,0.3375954851053127,0.508110899785503,0.15361720046008065
422,h10080gbhbm3,512,64,0,reduce_kernel,0,0.1524647971218222,3.361984068364664,0.000813259949330093,0.030903878074543537,0.030903878074543537,0.0,0.0,0.000813259949330093,0.14638679087941675,,0.0,0.1524647971218222,0.5107945962688523,0.026816611469824406
423,h10080gbhbm3,512,64,0,vectorized_elementwise_kernel,0,0.0011194874176759918,0.006351701660573,0.0,6.351701660573002e-05,6.351701660573002e-05,0.0,0.0,0.0,0.00014291328736289256,,0.0,0.0011194874176759918,0.30308722474305383,0.0008384246191956364
424,h10080gbhbm3,512,64,0,elementwise_kernel,0,0.46723130393301016,13.932179638984248,0.026168956734332272,0.24424359618710118,0.24424359618710118,0.0,0.0,0.026168956734332272,0.3925343510149841,,0.0,0.46723130393301016,0.5585657120222163,0.11688630303856343
425,h10080gbhbm3,512,64,0,vectorized_elementwise_kernel,0,0.3367533593411357,0.8877329865626356,0.0,0.026631989596879062,0.026631989596879062,0.0,0.0,0.0,0.01775465973125271,,0.0,0.3367533593411357,0.5285459471174686,0.15700390117035112
426,h10080gbhbm3,512,64,0,Kernel2,0,0.6790803742936535,28.769963610339232,0.0,1.3212733816974693,0.5926933943790679,0.7285799873184013,0.0,0.0,0.45892467503403517,,0.0,0.6790803742936535,0.5646325017250704,0.07269773036683388
427,h10080gbhbm3,512,64,0,splitKreduce_kernel,0,0.20980432914479236,4.1888366976012,0.0025957631264750093,0.10123476193252537,0.07640010241096709,0.024834659521558267,0.0,0.0025957631264750093,0.08566018317367531,,0.0,0.20980432914479236,0.4698072062845859,0.13812704536755144
428,h10080gbhbm3,512,64,0,vectorized_elementwise_kernel,0,0.06606465027441309,0.1160513527235802,0.0,0.0034815405817074058,0.0034815405817074058,0.0,0.0,0.0,0.002321027054471604,,0.0,0.06606465027441309,0.3973333121781389,0.021182998476825997
429,h10080gbhbm3,512,64,0,fmha_cutlassF_f16_aligned_64x64_rf_sm80,0,0.0529710257990673,1.537139251814876,0.024173508068963255,0.03730228725442787,0.019234862140994673,0.0180674251134332,0.3182510797409286,0.024173508068963255,0.045440042610529356,,0.0,0.0529710257990673,0.13790123040116678,0.004664436548414332
430,h10080gbhbm3,512,64,0,flash_fwd_splitkv_kernel,0,0.09118672943389616,1.9706205103141743,0.05665649235082025,0.06322215357376687,0.025966406314838212,0.037255747258928655,1.0401777892533404,0.05665649235082025,0.04315631253285136,,0.0,0.09118672943389616,0.3335227377516299,0.015747904429054896
431,h10080gbhbm3,512,64,0,flash_fwd_splitkv_combine_kernel,0,0.3003674922777273,3.0768803714710025,0.0021713349854807396,0.09958531819773028,0.09257782801731518,0.007007490180415113,1.7074588749462178,0.0021713349854807396,0.10106577386964898,,0.0,0.3003674922777273,0.35861251231785385,0.023002580002436584
432,h10080gbhbm3,512,64,0,cudnn_generated_fort_native_sdpa_sm90_flash_fprop_wgmma_f16_knob_32_64x256x64_4x1x1_kernel0_0,0,0.0234237188104528,0.816279690669015,0.030697025195205462,0.026717503618385614,0.00623158604731771,0.0204859175710679,0.7899088026305311,0.030697025195205462,0.017881616727480523,,0.0,0.0234237188104528,0.22060179959061887,0.010758198161063829
433,h10080gbhbm3,512,128,0,unrolled_elementwise_kernel,0,0.5347229940951719,2.345258770406391,0.0,0.03912469607502605,0.03912469607502605,0.0,0.0,0.0,0.05335185828412643,,0.0,0.5347229940951719,0.5995148054880167,0.014625911774921847
434,h10080gbhbm3,512,128,0,unrolled_elementwise_kernel,0,0.5352994045031431,2.3295450624823175,0.0,0.03886255270112682,0.03886255270112682,0.0,0.0,0.0,0.052994390046991115,,0.0,0.5352994045031431,0.6088332177531206,0.014527915208975922
435,h10080gbhbm3,512,128,0,unrolled_elementwise_kernel,0,0.5401974012728026,2.391197333984963,0.0,0.03989106452903824,0.03989106452903824,0.0,0.0,0.0,0.05439690617596124,,0.0,0.5401974012728026,0.5969343306099465,0.014912401857144373
436,h10080gbhbm3,512,128,0,vectorized_elementwise_kernel,0,0.15553227472050526,0.2873520211922116,0.0,0.012260352904201029,0.009195264678150772,0.003065088226050257,0.0,0.0,0.002298816169537693,,0.0,0.15553227472050526,0.4720861457413533,0.04124938264214197
437,h10080gbhbm3,512,128,0,vectorized_elementwise_kernel,0,0.13313176412559213,0.3074784524865718,0.0,0.013119080639427065,0.009839310479570299,0.0032797701598567663,0.0,0.0,0.0024598276198925747,,0.0,0.13313176412559213,0.49936470467655514,0.04409625356723048
438,h10080gbhbm3,512,128,0,sm80_xmma_gemm_f32f32_f32f32_f32_tn_n_tilesize32x32x8_stage3_warpsize1x2x1_ffma_aligna4_alignc4_execute_kernel__5x_cublas,0,0.7307125650738172,26.70895335500112,0.0005550652960601205,1.2139278024834834,0.5747365066011574,0.6391912958823263,0.0,0.0005550652960601205,0.39132103372238497,,0.0,0.7307125650738172,0.718090602484351,0.030881578120019865
439,h10080gbhbm3,512,128,0,softmax_warp_forward,0,0.3683690388606441,4.888021414775853,0.0006637214029411154,0.14287213236361684,0.033841251017238456,0.10903088134637838,3.002485295032705,0.0006637214029411154,0.09340414655066183,,0.0,0.3683690388606441,0.4044741715988243,0.06693239924306478
440,h10080gbhbm3,512,128,0,vectorized_elementwise_kernel,0,0.33638696569595955,1.5761164624692865,0.0,0.02292533036318962,0.02292533036318962,0.0,0.0,0.0,0.07164165738496757,,0.0,0.33638696569595955,0.5004985531743411,0.15211986544801223
441,h10080gbhbm3,512,128,0,reduce_kernel,0,0.15270709241247582,3.324450539093719,0.0008042423785468345,0.030561210384779713,0.030561210384779713,0.0,0.0,0.0008042423785468345,0.14476362813843022,,0.0,0.15270709241247582,0.5191291091759029,0.02653999849204554
442,h10080gbhbm3,512,128,0,vectorized_elementwise_kernel,0,0.0011357915059445702,0.0063429892129539,0.0,6.34298921295397e-05,6.34298921295397e-05,0.0,0.0,0.0,0.0001427172572914643,,0.0,0.0011357915059445702,0.30039841900993863,0.000837274576109924
443,h10080gbhbm3,512,128,0,elementwise_kernel,0,0.47746410815100176,14.489567701879876,0.02723724196326253,0.2542142583237836,0.2542142583237836,0.0,0.0,0.02723724196326253,0.4085586294489379,,0.0,0.47746410815100176,0.574603566021718,0.12165790751129898
444,h10080gbhbm3,512,128,0,vectorized_elementwise_kernel,0,0.3440429506218674,0.8910339706701317,0.0,0.02673101912010395,0.02673101912010395,0.0,0.0,0.0,0.017820679413402634,,0.0,0.3440429506218674,0.528240439948023,0.15758771115648784
445,h10080gbhbm3,512,128,0,Kernel2,0,0.6862148741610441,27.77591310369724,0.0,1.3198195913080102,0.6064903242094732,0.7133292670985371,0.0,0.0,0.35396534576956246,,0.0,0.6862148741610441,0.5780842725195279,0.08149253625693255
446,h10080gbhbm3,512,128,0,splitKreduce_kernel,0,0.44400356397614166,7.569063579118423,0.004727346592063229,0.18436651709046592,0.1384687828929145,0.04589773419755138,0.0,0.004727346592063229,0.15600243753808654,,0.0,0.44400356397614166,0.5367573126142596,0.2505789152955515
447,h10080gbhbm3,512,128,0,vectorized_elementwise_kernel,0,0.13757723476262923,0.2384574781879715,0.0,0.007153724345639146,0.007153724345639146,0.0,0.0,0.0,0.004769149563759431,,0.0,0.13757723476262923,0.4834678796534915,0.04278821374235415
448,h10080gbhbm3,512,128,0,fmha_cutlassF_f16_aligned_64x128_rf_sm80,0,0.052968371950181996,2.1608212253638617,0.05439642757836461,0.046346858568126266,0.02551700095867728,0.02082985760944899,0.3598567379241939,0.05439642757836461,0.05749698078910345,,0.0,0.052968371950181996,0.255288568084762,0.009444340691492675
449,h10080gbhbm3,512,128,0,flash_fwd_splitkv_kernel,0,0.17212624790572958,3.184141497960706,0.11943446497845285,0.08848725334992145,0.03892578962651216,0.0495614637234093,1.197454922310009,0.11943446497845285,0.061738909630788784,,0.0,0.17212624790572958,0.40674610213600393,0.027985163028093292
450,h10080gbhbm3,512,128,0,flash_fwd_splitkv_combine_kernel,0,0.6285016589802966,5.306654274754212,0.0043319626732687445,0.17327850693074978,0.1581166375743092,0.015161869356440608,2.882421317213434,0.0043319626732687445,0.1697796140023404,,0.0,0.6285016589802966,0.4786428903354798,0.07245676172773459
451,h10080gbhbm3,512,128,0,cudnn_generated_fort_native_sdpa_sm90_flash_fprop_wgmma_f16_knob_7_64x128x128_4x1x1_kernel0_0,0,0.024709201086577978,0.8629549658316114,0.05071935486367471,0.02972765898168141,0.01181847027775843,0.017909188703922982,0.6624720422867668,0.05071935486367471,0.019584716708071166,,0.0,0.024709201086577978,0.3211512966961529,0.016590281163660004
452,h10080gbhbm3,1024,64,0,unrolled_elementwise_kernel,0,0.5185973633208405,2.3099594764958544,0.0,0.03853581685907776,0.03853581685907776,0.0,0.0,0.0,0.05254884117146967,,0.0,0.5185973633208405,0.5884746638293942,0.014405772161772428
453,h10080gbhbm3,1024,64,0,unrolled_elementwise_kernel,0,0.5320025980095673,2.320338703469511,0.0,0.03870896794413592,0.03870896794413592,0.0,0.0,0.0,0.05278495628745807,,0.0,0.5320025980095673,0.5980620601253643,0.014470500907241435
454,h10080gbhbm3,1024,64,0,unrolled_elementwise_kernel,0,0.528783892983702,2.3619705943056637,0.0,0.03940349048320349,0.03940349048320349,0.0,0.0,0.0,0.05373203247709567,,0.0,0.528783892983702,0.5982240618757936,0.014730132965791305
455,h10080gbhbm3,1024,64,0,vectorized_elementwise_kernel,0,0.13901729313615352,0.2946647267905486,0.0,0.012572361676396743,0.009429271257297556,0.0031430904190991858,0.0,0.0,0.002357317814324389,,0.0,0.13901729313615352,0.487822519751745,0.04225860513084956
456,h10080gbhbm3,1024,64,0,vectorized_elementwise_kernel,0,0.13436796114953914,0.3067141647630154,0.0,0.013086471029888656,0.009814853272416492,0.003271617757472164,0.0,0.0,0.002453713318104123,,0.0,0.13436796114953914,0.4974618604131056,0.04402881835173086
457,h10080gbhbm3,1024,64,0,sm80_xmma_gemm_f32f32_f32f32_f32_tn_n_tilesize64x64x8_stage3_warpsize1x4x1_ffma_aligna4_alignc4_execute_kernel__5x_cublas,0,0.7589809817857336,43.25381043744839,0.0009731000554020833,2.1923944248208933,0.995314105104309,1.1970803197165847,0.0,0.0009731000554020833,0.5605056319116,,0.0,0.7589809817857336,0.6935857359116684,0.027759579666390134
458,h10080gbhbm3,1024,64,0,softmax_warp_forward,0,0.30068947534758583,7.373778915039228,0.0005343624617282549,0.2165612321702409,0.052793199820576245,0.16376803234966467,4.691950289513863,0.0005343624617282549,0.14203602108276803,,0.0,0.30068947534758583,0.3050124724298047,0.10372733309276694
459,h10080gbhbm3,1024,64,0,vectorized_elementwise_kernel,0,0.4872017325971351,4.776706453330392,0.0,0.06950752071883266,0.06950752071883266,0.0,0.0,0.0,0.21721100224635206,,0.0,0.4872017325971351,0.6398369538702378,0.4593656335709786
460,h10080gbhbm3,1024,64,0,reduce_kernel,0,0.3410583160383065,6.29473052331804,0.0011912628316689778,0.05956314158344889,0.05956314158344889,0.0,0.0,0.0011912628316689778,0.30019823358058245,,0.0,0.3410583160383065,0.6542274416234678,0.06682984485662966
461,h10080gbhbm3,1024,64,0,vectorized_elementwise_kernel,0,0.0011662929555120104,0.0062830596929939,0.0,6.283059692993995e-05,6.283059692993995e-05,0.0,0.0,0.0,0.0001413688430923649,,0.0,0.0011662929555120104,0.2992772517896903,0.000777528637008007
462,h10080gbhbm3,1024,64,0,elementwise_kernel,0,0.6498050986034557,36.06362509481786,0.06995102915622425,0.6528762721247597,0.6528762721247597,0.0,0.0,0.06995102915622425,1.0492654373433639,,0.0,0.6498050986034557,0.7291672181401326,0.3089868116010093
463,h10080gbhbm3,1024,64,0,vectorized_elementwise_kernel,0,0.535618275880369,2.2471300967888928,0.0,0.06746125424789595,0.06746125424789595,0.0,0.0,0.0,0.044974169498597304,,0.0,0.535618275880369,0.7121504921794795,0.39857479316383837
464,h10080gbhbm3,1024,64,0,Kernel2,0,0.7682147642228291,36.12166797321729,0.0,1.8649935934559456,0.8387478454822462,1.0262457479736993,0.0,0.0,0.3815460552640796,,0.0,0.7682147642228291,0.7506700410380237,0.19902916547987123
465,h10080gbhbm3,1024,64,0,splitKreduce_kernel,0,0.462065032702558,7.629297302329912,0.004766892442334102,0.18590880525102996,0.1398552242627377,0.04605358098829225,0.0,0.004766892442334102,0.15730745059702533,,0.0,0.462065032702558,0.5364180224844634,0.25267509252147197
466,h10080gbhbm3,1024,64,0,vectorized_elementwise_kernel,0,0.13381006464342587,0.2338490394833397,0.0,0.007015471184500193,0.007015471184500193,0.0,0.0,0.0,0.004676980789666795,,0.0,0.13381006464342587,0.46835669286303694,0.04196128702229178
467,h10080gbhbm3,1024,64,0,fmha_cutlassF_f16_aligned_64x64_rf_sm80,0,0.11532502485582762,3.479367407371762,0.056316387831686736,0.08488727012118988,0.043206388871463795,0.04168088124972609,0.7271350017315296,0.056316387831686736,0.10292181649911361,,0.0,0.11532502485582762,0.1347460677522168,0.0048916784321880605
468,h10080gbhbm3,1024,64,0,flash_fwd_splitkv_kernel,0,0.3630887683769501,7.881615269797543,0.226612647606314,0.2528737486961082,0.10432632737625275,0.14854742131985546,4.160466577147171,0.226612647606314,0.17261510266887198,,0.0,0.3630887683769501,0.36328355972544796,0.027431693359228675
469,h10080gbhbm3,1024,64,0,flash_fwd_splitkv_combine_kernel,0,0.6275789022456337,5.415398857064712,0.004376079884496738,0.17571643843902285,0.16040015884328424,0.015316279595738582,2.9117762308382136,0.004376079884496738,0.17319177696719779,,0.0,0.6275789022456337,0.504268880391533,0.07378480942750672
470,h10080gbhbm3,1024,64,0,cudnn_generated_fort_native_sdpa_sm90_flash_fprop_wgmma_f16_knob_32_64x256x64_4x1x1_kernel0_0,0,0.050805995314532226,2.105245666409926,0.087558259389473,0.07418724101835109,0.01663895511530299,0.05754828590304809,2.2381224995307187,0.087558259389473,0.04420866430767772,,0.0,0.050805995314532226,0.25821767184223593,0.014443585672114788
471,h10080gbhbm3,1024,128,0,unrolled_elementwise_kernel,0,0.5708977067594938,4.719640295187219,0.0,0.07873523146473464,0.07873523146473464,0.0,0.0,0.0,0.10736622472463814,,0.0,0.5708977067594938,0.6861123780465429,0.026527006694661574
472,h10080gbhbm3,1024,128,0,unrolled_elementwise_kernel,0,0.5676359556747134,4.7049887723442545,0.0,0.07849080795569562,0.07849080795569562,0.0,0.0,0.0,0.10703291993958493,,0.0,0.5676359556747134,0.68725064413122,0.026444656977260735
473,h10080gbhbm3,1024,128,0,unrolled_elementwise_kernel,0,0.5506240877584548,4.41933984801974,0.0,0.0737254799290497,0.0737254799290497,0.0,0.0,0.0,0.10053474535779502,,0.0,0.5506240877584548,0.6508816016834333,0.024839150952658345
474,h10080gbhbm3,1024,128,0,vectorized_elementwise_kernel,0,0.2838728311332663,0.5868203810053578,0.0,0.025037669589561933,0.01877825219217145,0.006259417397390483,0.0,0.0,0.004694563048042863,,0.0,0.2838728311332663,0.5259659613615455,0.08343118766943675
475,h10080gbhbm3,1024,128,0,vectorized_elementwise_kernel,0,0.2800179619279945,0.5825490160383026,0.0,0.02485542468430091,0.01864156851322568,0.006213856171075227,0.0,0.0,0.00466039212830642,,0.0,0.2800179619279945,0.5064278367406383,0.08282390635524567
476,h10080gbhbm3,1024,128,0,sm80_xmma_gemm_f32f32_f32f32_f32_tn_n_tilesize64x64x8_stage3_warpsize1x4x1_ffma_aligna4_alignc4_execute_kernel__5x_cublas,0,0.8237362916649108,53.096556192322275,0.0006742235893978341,2.8998356580000846,1.262014875057941,1.6378207829421434,0.0,0.0006742235893978341,0.54477266023345,,0.0,0.8237362916649108,0.7878034499968396,0.03703304749062408
477,h10080gbhbm3,1024,128,0,softmax_warp_forward,0,0.30211508270724174,7.315432793797229,0.000551428742445544,0.2144765598010332,0.052174113861080486,0.1623024459399527,4.641521830215561,0.000551428742445544,0.14162386809824482,,0.0,0.30211508270724174,0.30289192562216005,0.10255726257575665
478,h10080gbhbm3,1024,128,0,vectorized_elementwise_kernel,0,0.489363520045797,4.810766992842084,0.0,0.06999421129417092,0.06999421129417092,0.0,0.0,0.0,0.21873191029428413,,0.0,0.489363520045797,0.656663366463528,0.4625821045683782
479,h10080gbhbm3,1024,128,0,reduce_kernel,0,0.3456572468071774,6.325918681812018,0.0011971623511146236,0.05985811755573118,0.05985811755573118,0.0,0.0,0.0011971623511146236,0.30168491248088514,,0.0,0.3456572468071774,0.6478155294403733,0.06716080789753039
480,h10080gbhbm3,1024,128,0,vectorized_elementwise_kernel,0,0.001471519995801013,0.0059985528491251,0.0,5.9985528491251476e-05,5.9985528491251476e-05,0.0,0.0,0.0,0.00013496743910531583,,0.0,0.001471519995801013,0.28438004956304286,0.0007918089760845196
481,h10080gbhbm3,1024,128,0,elementwise_kernel,0,0.650803419001435,36.66340385542657,0.07117175949992109,0.6642697553325968,0.6642697553325968,0.0,0.0,0.07117175949992109,1.0675763924988162,,0.0,0.650803419001435,0.7458222863522301,0.31437900641605765
482,h10080gbhbm3,1024,128,0,vectorized_elementwise_kernel,0,0.49258326736147956,2.5055191916883626,0.0,0.07521607482432442,0.07521607482432442,0.0,0.0,0.0,0.05014404988288296,,0.0,0.49258326736147956,0.6794785026973647,0.44177936291592873
483,h10080gbhbm3,1024,128,0,sm80_xmma_gemm_f32f32_f32f32_f32_nn_n_tilesize64x64x8_stage3_warpsize1x4x1_ffma_aligna4_alignc4_execute_kernel__5x_cublas,0,0.8127504935303478,53.972503111009985,0.0014205905161710092,2.9910533317980597,1.3245529093666026,1.6665004224314572,0.0,0.0014205905161710092,0.5206464241766748,,0.0,0.8127504935303478,0.8367507737640237,0.1703043864894073
484,h10080gbhbm3,1024,128,0,sm80_xmma_gemm_f32f32_f32f32_f32_nn_n_tilesize64x64x8_stage3_warpsize1x4x1_ffma_aligna4_alignc4_execute_split_k_kernel__5x_cublas,0,0.3251966946087859,2.536064893764115,0.0,0.07971429117434467,0.05669211321785523,0.023022177956489434,0.0,0.0,0.06877875664501218,,0.0,0.3251966946087859,0.7353725984372347,0.2443012802714099
485,h10080gbhbm3,1024,128,0,vectorized_elementwise_kernel,0,0.28115760659401556,0.4676952307875,0.0,0.014030856923625,0.014030856923625,0.0,0.0,0.0,0.009353904615750001,,0.0,0.28115760659401556,0.4956169557790505,0.08307801923762022
486,h10080gbhbm3,1024,128,0,fmha_cutlassF_f16_aligned_64x128_rf_sm80,0,0.1130751763274503,4.73660664984717,0.12424751866599237,0.10240002502544017,0.05539888323973282,0.04700114178570735,0.8046058185096306,0.12424751866599237,0.12528337282265636,,0.0,0.1130751763274503,0.34097885610988066,0.010197866865606278
487,h10080gbhbm3,1024,128,0,flash_fwd_splitkv_kernel,0,0.6830395832763166,11.955704293129717,0.4483976025616465,0.33221124460621987,0.14596390158460823,0.1862473430216116,4.495653046516508,0.4483976025616465,0.23178886486585112,,0.0,0.6830395832763166,0.4881148396234161,0.049386956402747755
488,h10080gbhbm3,1024,128,0,flash_fwd_splitkv_combine_kernel,0,0.736010561371953,9.381241708874416,0.007929573764048185,0.3051518731268198,0.2707088551891498,0.03444301793766996,4.730400900621848,0.007929573764048185,0.29640199862855976,,0.0,0.736010561371953,0.6195743461626374,0.23407025106756588
489,h10080gbhbm3,1024,128,0,cudnn_generated_fort_native_sdpa_sm90_flash_fprop_wgmma_f16_knob_7_64x128x128_4x1x1_kernel0_0,0,0.053486766005986015,2.059874225435971,0.13137969123687676,0.07380084157095917,0.028828015211625625,0.04497282635933355,1.7047926243261715,0.13137969123687676,0.04464455755379097,,0.0,0.053486766005986015,0.37012445647706926,0.020911574908435555
490,h10080gbhbm3,2048,64,0,unrolled_elementwise_kernel,0,0.5642700829997879,4.657507316156245,0.0,0.07769870025056864,0.07769870025056864,0.0,0.0,0.0,0.10595277306895723,,0.0,0.5642700829997879,0.6702110433002633,0.02617778475238885
491,h10080gbhbm3,2048,64,0,unrolled_elementwise_kernel,0,0.5648486004386648,4.518480968609206,0.0,0.07537939814930997,0.07537939814930997,0.0,0.0,0.0,0.10279008838542267,,0.0,0.5648486004386648,0.6523791538890088,0.02537429545123745
492,h10080gbhbm3,2048,64,0,unrolled_elementwise_kernel,0,0.5670489248987224,4.809330899701731,0.0,0.08023149178649333,0.08023149178649333,0.0,0.0,0.0,0.10940657970885453,,0.0,0.5670489248987224,0.6743118016293459,0.027031117838222853
493,h10080gbhbm3,2048,64,0,vectorized_elementwise_kernel,0,0.27735596382732214,0.5777998465219157,0.0,0.02465279345160174,0.018489595088701304,0.006163198362900435,0.0,0.0,0.004622398772175326,,0.0,0.27735596382732214,0.5314614273461834,0.08214869317925338
494,h10080gbhbm3,2048,64,0,vectorized_elementwise_kernel,0,0.2857267536463418,0.5680305316410758,0.0,0.024235969350019232,0.018176977012514424,0.006058992337504808,0.0,0.0,0.004544244253128606,,0.0,0.2857267536463418,0.509627451850537,0.08075974083606995
495,h10080gbhbm3,2048,64,0,sm80_xmma_gemm_f32f32_f32f32_f32_tn_n_tilesize128x128x8_stage3_warpsize2x2x1_ffma_aligna4_alignc4_execute_kernel__5x_cublas,0,0.9102931633645897,56.72873332829575,0.0003988511218077304,3.4955312315229485,1.6998902380408931,1.795640993482056,0.0,0.0003988511218077304,0.5743456154031317,,0.0,0.9102931633645897,0.6708409838223803,0.02457608435701226
496,h10080gbhbm3,2048,64,0,softmax_warp_forward,0,0.3863764645554754,14.301904756513414,0.0006080766638904594,0.41679975714672884,0.11485454867526323,0.30194520847146555,9.285953358302686,0.0006080766638904594,0.28143877826123564,,0.0,0.3863764645554754,0.4111140044678775,0.22414111529940228
497,h10080gbhbm3,2048,64,0,vectorized_elementwise_kernel,0,0.7323439339322505,10.149285063028165,0.0,0.14994514564717268,0.14994514564717268,0.0,0.0,0.0,0.46857858014741466,,0.0,0.7323439339322505,0.8330392228642552,0.9902872903780088
498,h10080gbhbm3,2048,64,0,reduce_kernel,0,0.7733116251532963,12.39223372704344,0.0016340977474505122,0.12092323331133789,0.12092323331133789,0.0,0.0,0.0016340977474505122,0.6471027079904028,,0.0,0.7733116251532963,0.7810995211806356,0.17525698341406745
499,h10080gbhbm3,2048,64,0,vectorized_elementwise_kernel,0,0.0011957260157780857,0.0062829610024464,0.0,6.282961002446427e-05,6.282961002446427e-05,0.0,0.0,0.0,0.00014136662255504463,,0.0,0.0011957260157780857,0.30308886070282776,0.0008293508523229286
500,h10080gbhbm3,2048,64,0,elementwise_kernel,0,0.8498170398521584,61.56350344124708,0.1207094924390798,1.1266219294314115,1.1266219294314115,0.0,0.0,0.1207094924390798,1.810642386586197,,0.0,0.8498170398521584,0.9377031133923145,0.5374349969608969
501,h10080gbhbm3,2048,64,0,vectorized_elementwise_kernel,0,0.7468228761137395,4.900633986699838,0.0,0.15146653080259098,0.15146653080259098,0.0,0.0,0.0,0.10097768720172734,,0.0,0.7468228761137395,0.8655406092517683,0.9066506971593862
502,h10080gbhbm3,2048,64,0,sm80_xmma_gemm_f32f32_f32f32_f32_nn_n_tilesize64x32x8_stage3_warpsize1x2x1_ffma_aligna4_alignc4_execute_kernel__5x_cublas,0,0.8785366284808376,61.86667734494106,0.00040953381933479555,3.4056832415881595,1.4453824261999262,1.9603008153882333,0.0,0.00040953381933479555,0.6560731785743424,,0.0,0.8785366284808376,0.9472838489300129,0.3693977453243556
503,h10080gbhbm3,2048,64,0,sm80_xmma_gemm_f32f32_f32f32_f32_nn_n_tilesize64x32x8_stage3_warpsize1x2x1_ffma_aligna4_alignc4_execute_split_k_kernel__5x_cublas,0,0.6657149601652405,2.6625258188256127,0.0,0.08369666568309236,0.05952434346414872,0.02417232221894364,0.0,0.0,0.07221481262909413,,0.0,0.6657149601652405,0.7923320448509885,0.25649052817940393
504,h10080gbhbm3,2048,64,0,vectorized_elementwise_kernel,0,0.27700470218499246,0.4588663372548082,0.0,0.013765990117644246,0.013765990117644246,0.0,0.0,0.0,0.009177326745096165,,0.0,0.27700470218499246,0.49888718938393606,0.08154915187400295
505,h10080gbhbm3,2048,64,0,fmha_cutlassF_f16_aligned_64x64_rf_sm80,0,0.23593024910506913,7.13281396806475,0.11721613031923962,0.1744863404758261,0.08826835976271406,0.08621798071311204,1.4957415677295245,0.11721613031923962,0.2111530470128374,,0.0,0.23593024910506913,0.14823169059688476,0.004813326860177943
506,h10080gbhbm3,2048,64,0,flash_fwd_splitkv_kernel,0,0.7629470243534054,26.25636650304238,0.7556041079977979,0.8431676048881677,0.3618575728839094,0.4813100320042583,13.87241917027207,0.7556041079977979,0.5755578166389476,,0.0,0.7629470243534054,0.4655658297135182,0.04234708142494372
507,h10080gbhbm3,2048,64,0,flash_fwd_splitkv_combine_kernel,0,0.7232959899486964,9.314404250863785,0.007504973301225001,0.3066317663071929,0.2676693539943461,0.03896241231284682,4.663804837189823,0.007504973301225001,0.2948382368338394,,0.0,0.7232959899486964,0.6260740236624437,0.2312038529996859
508,h10080gbhbm3,2048,64,0,cudnn_generated_fort_native_sdpa_sm90_flash_fprop_wgmma_f16_knob_32_64x256x64_4x1x1_kernel0_0,0,0.10955391221374047,4.979775595955537,0.21941877594750236,0.18338020624079285,0.04057059394669882,0.14280961229409403,5.589929021025847,0.21941877594750236,0.10265920048212132,,0.0,0.10955391221374047,0.2852721035054239,0.017528625954198476
509,h10080gbhbm3,2048,128,0,unrolled_elementwise_kernel,0,0.574217352803292,9.378917576788846,0.0,0.15646345910093237,0.15646345910093237,0.0,0.0,0.0,0.21335926241036232,,0.0,0.574217352803292,0.7143506155261924,0.049826888684388726
510,h10080gbhbm3,2048,128,0,unrolled_elementwise_kernel,0,0.5616608116005055,9.176032507508529,0.0,0.15307883614421808,0.15307883614421808,0.0,0.0,0.0,0.20874386746938825,,0.0,0.5616608116005055,0.7089589732003315,0.04874903170569289
511,h10080gbhbm3,2048,128,0,unrolled_elementwise_kernel,0,0.5689444366680552,9.109505989412494,0.0,0.15196900987076767,0.15196900987076767,0.0,0.0,0.0,0.20723046800559225,,0.0,0.5689444366680552,0.6882195432092728,0.04839559972544662
512,h10080gbhbm3,2048,128,0,vectorized_elementwise_kernel,0,0.34226773269485655,1.0945316174269957,0.0,0.04670001567688515,0.035025011757663864,0.011675003919221287,0.0,0.0,0.008756252939415966,,0.0,0.34226773269485655,0.559765915601351,0.15486254222070206
513,h10080gbhbm3,2048,128,0,vectorized_elementwise_kernel,0,0.33791247797194324,1.069039340090924,0.0,0.04561234517721276,0.03420925888290957,0.01140308629430319,0.0,0.0,0.008552314720727393,,0.0,0.33791247797194324,0.5663843502662854,0.15125570363111462
514,h10080gbhbm3,2048,128,0,sm80_xmma_gemm_f32f32_f32f32_f32_tn_n_tilesize128x128x8_stage3_warpsize2x2x1_ffma_aligna4_alignc4_execute_kernel__5x_cublas,0,0.88409720083013,66.98355193133786,0.00025919411386367047,4.394895394672397,2.094246422222655,2.3006489724497414,0.0,0.00025919411386367047,0.4769171695091537,,0.0,0.88409720083013,0.6993488823645996,0.02972642618144044
515,h10080gbhbm3,2048,128,0,softmax_warp_forward,0,0.3679549734376974,14.525539518569548,0.0005446024077539062,0.42444309410214603,0.11669893449970821,0.30774415960243784,9.46787555726688,0.0005446024077539062,0.28393976403771065,,0.0,0.3679549734376974,0.3993682383447745,0.2301830061427205
516,h10080gbhbm3,2048,128,0,vectorized_elementwise_kernel,0,0.7352037604305008,9.867737579612168,0.0,0.14579009305419302,0.14579009305419302,0.0,0.0,0.0,0.4555940407943532,,0.0,0.7352037604305008,0.8242980058862395,0.9640498928864598
517,h10080gbhbm3,2048,128,0,reduce_kernel,0,0.7716778818942206,12.209540673542543,0.0016099616376328534,0.11913716118483114,0.11913716118483114,0.0,0.0,0.0016099616376328534,0.63754480850261,,0.0,0.7716778818942206,0.7791304202565877,0.17266838563612352
518,h10080gbhbm3,2048,128,0,vectorized_elementwise_kernel,0,0.001195852806032282,0.0062836272238149,0.0,6.283627223814947e-05,6.283627223814947e-05,0.0,0.0,0.0,0.0001413816125358363,,0.0,0.001195852806032282,0.3080555119192554,0.0008294387935435731
519,h10080gbhbm3,2048,128,0,elementwise_kernel,0,0.8484388195480337,61.46295398580879,0.12049170381574223,1.1245892356135943,1.1245892356135943,0.0,0.0,0.12049170381574223,1.8073755572361332,,0.0,0.8484388195480337,0.9365962570646572,0.5349606609981896
520,h10080gbhbm3,2048,128,0,vectorized_elementwise_kernel,0,0.7469590806027815,4.885896457308439,0.0,0.15087544099470396,0.15087544099470396,0.0,0.0,0.0,0.10058362732980265,,0.0,0.7469590806027815,0.8561653310632168,0.9070698306416627
521,h10080gbhbm3,2048,128,0,Kernel2,0,0.902750896600329,66.32017021595551,0.0,4.120912124285098,1.882241825708732,2.2386702985763662,0.0,0.0,0.44183335024687687,,0.0,0.902750896600329,0.9945417500480027,0.2249741733840204
522,h10080gbhbm3,2048,128,0,splitKreduce_kernel,0,0.5616801743981475,22.15647181854101,0.01610312922014228,0.4347844889438416,0.341206673205942,0.09357781573789956,0.0,0.01610312922014228,0.4991970058244107,,0.0,0.5616801743981475,0.6092309438768991,0.42600482386219557
523,h10080gbhbm3,2048,128,0,vectorized_elementwise_kernel,0,0.3390742578828309,0.8863856700983336,0.0,0.02659157010295,0.02659157010295,0.0,0.0,0.0,0.01772771340196667,,0.0,0.3390742578828309,0.5306883627256359,0.15676561562254746
524,h10080gbhbm3,2048,128,0,fmha_cutlassF_f16_aligned_64x128_rf_sm80,0,0.233077334970362,9.786391711391646,0.2623088283099893,0.2124204797189434,0.11395010339622161,0.09847037632272179,1.6773164837454737,0.2623088283099893,0.258099558309953,,0.0,0.233077334970362,0.3854935157379518,0.010454369264286447
525,h10080gbhbm3,2048,128,0,flash_fwd_splitkv_kernel,0,0.8006850625213221,23.2858400692556,1.0338804236581236,0.6502138601912417,0.24398598323430756,0.4062278769569342,9.625319048379664,1.0338804236581236,0.4112636320671312,,0.0,0.8006850625213221,0.6878999402492966,0.05512288333625842
526,h10080gbhbm3,2048,128,0,flash_fwd_splitkv_combine_kernel,0,0.7508138037770333,16.44538740465417,0.014046333602315072,0.5405416655235732,0.4797918402986359,0.06074982522493715,8.37936452827761,0.014046333602315072,0.5250422629279151,,0.0,0.7508138037770333,0.6497905300769199,0.41350483836026464
527,h10080gbhbm3,2048,128,0,cudnn_generated_fort_native_sdpa_sm90_flash_fprop_wgmma_f16_knob_7_64x128x128_4x1x1_kernel0_0,0,0.11299523747162303,4.664209009634683,0.3106801639537578,0.1707328202025541,0.06598978755579837,0.10474303264675573,4.018135177111894,0.3106801639537578,0.09829551615982705,,0.0,0.11299523747162303,0.45110056804276494,0.024381158710058196
528,h10080gbhbm3,4096,64,0,unrolled_elementwise_kernel,0,0.577218958815753,9.2858383058021,0.0,0.15491066747120094,0.15491066747120094,0.0,0.0,0.0,0.21124181927891034,,0.0,0.577218958815753,0.707619996802492,0.049309699279529245
529,h10080gbhbm3,4096,64,0,unrolled_elementwise_kernel,0,0.5754072351588341,9.195198804297313,0.0,0.1533985772091305,0.1533985772091305,0.0,0.0,0.0,0.20917987801245067,,0.0,0.5754072351588341,0.7059471058173047,0.04885085549599361
530,h10080gbhbm3,4096,64,0,unrolled_elementwise_kernel,0,0.596259489891666,9.215388552418323,0.0,0.1537353919645142,0.1537353919645142,0.0,0.0,0.0,0.20963917086070116,,0.0,0.596259489891666,0.7172820097244733,0.0489581165230743
531,h10080gbhbm3,4096,64,0,vectorized_elementwise_kernel,0,0.35579501562230914,1.0496879638513708,0.0,0.04478668645765849,0.033590014843243865,0.011196671614414622,0.0,0.0,0.008397503710810966,,0.0,0.35579501562230914,0.5486987559557491,0.14851772578542083
532,h10080gbhbm3,4096,64,0,vectorized_elementwise_kernel,0,0.3446024207224482,1.0640538233892332,0.0,0.04539962979794061,0.03404972234845546,0.011349907449485153,0.0,0.0,0.008512430587113866,,0.0,0.3446024207224482,0.5571614424579644,0.15055031533678412
533,h10080gbhbm3,4096,64,0,sm80_xmma_gemm_f32f32_f32f32_f32_tn_n_tilesize64x128x8_stage3_warpsize1x4x1_ffma_aligna4_alignc4_execute_kernel__5x_cublas,0,0.9348404144802127,64.87294845924593,0.0017020682456230752,3.7802935735288496,1.8481746606252112,1.932118912903639,0.0,0.0017020682456230752,0.7208259020213724,,0.0,0.9348404144802127,0.9102283975293416,0.25055483435584863
534,h10080gbhbm3,4096,64,0,cunn_SoftMaxForwardReg,0,0.9554465420830641,70.37667813909731,0.09259010144697019,2.3163111002816783,1.2171621414301395,1.0991489588515386,29.589578588405967,0.09259010144697019,1.2311940126772052,,0.0,0.9554465420830641,1.034654799130938,0.8504133797645276
535,h10080gbhbm3,4096,64,0,vectorized_elementwise_kernel,0,0.9077085235558446,12.1785670904876,0.0,0.1809186030541885,0.1809186030541885,0.0,0.0,0.0,0.565370634544339,,0.0,0.9077085235558446,0.993163040620141,1.3745177406431228
536,h10080gbhbm3,4096,64,0,reduce_kernel,0,0.8807018374958725,23.337771196679977,0.0019211719148680695,0.23438297361390448,0.23438297361390448,0.0,0.0,0.0019211719148680695,1.3140815897697595,,0.0,0.8807018374958725,0.9087548170008705,0.4099368114549875
537,h10080gbhbm3,4096,64,0,vectorized_elementwise_kernel,0,0.00128895907845232,0.0061931967733444,0.0,6.19319677334448e-05,6.19319677334448e-05,0.0,0.0,0.0,0.0001393469274002508,,0.0,0.00128895907845232,0.30282061405546,0.0008175019740814714
538,h10080gbhbm3,4096,64,0,elementwise_kernel,0,0.9597502125055856,64.73057050186264,0.12723349275701365,1.1875125990654607,1.1875125990654607,0.0,0.0,0.12723349275701365,1.9085023913552046,,0.0,0.9597502125055856,1.039351358854712,0.9334563552193863
539,h10080gbhbm3,4096,64,0,vectorized_elementwise_kernel,0,0.9126487958252599,6.022211512642489,0.0,0.18787476671891568,0.18787476671891568,0.0,0.0,0.0,0.12524984447927712,,0.0,0.9126487958252599,1.0024011746632295,1.386464329932635
540,h10080gbhbm3,4096,64,0,sm80_xmma_gemm_f32f32_f32f32_f32_nn_n_tilesize256x64x8_stage3_warpsize2x2x1_ffma_aligna4_alignc4_execute_kernel__5x_cublas,0,0.9367255191860495,70.25065031473991,7.227287754179618e-05,4.831875500934325,2.3045648227013626,2.5273106782329617,0.0,7.227287754179618e-05,0.36353257403523476,,0.0,0.9367255191860495,1.0158848268175287,0.5140785024608069
541,h10080gbhbm3,4096,64,0,sm80_xmma_gemm_f32f32_f32f32_f32_nn_n_tilesize256x64x8_stage3_warpsize2x2x1_ffma_aligna4_alignc4_execute_split_k_kernel__5x_cublas,0,0.3578704650496953,4.011616017015011,0.00026176939752137104,0.1533968669475234,0.11177553274162542,0.04162133420589799,0.0,0.00026176939752137104,0.09502229130025767,,0.0,0.3578704650496953,0.819768037547548,0.4440942369831077
542,h10080gbhbm3,4096,64,0,vectorized_elementwise_kernel,0,0.34167682646301073,0.8833271991166729,0.0,0.026499815973500183,0.026499815973500183,0.0,0.0,0.0,0.017666543982333457,,0.0,0.34167682646301073,0.5296044724190283,0.1562246963562753
543,h10080gbhbm3,4096,64,0,fmha_cutlassF_f16_aligned_64x64_rf_sm80,0,0.4783807563503386,14.429349317686194,0.23907468273743132,0.35344994703859295,0.17831957271547327,0.17513037432311973,3.0283676264357764,0.23907468273743132,0.42746726826584297,,0.0,0.4783807563503386,0.17917845067236163,0.004765688737406098
544,h10080gbhbm3,4096,64,0,flash_fwd_splitkv_kernel,0,0.8805743686758182,38.51383093942923,1.3236298026754278,1.263308131980584,0.43463244848084986,0.8286756834997341,22.879147956401436,1.3236298026754278,0.7725482539703913,,0.0,0.8805743686758182,0.762291318829652,0.035607794690885104
545,h10080gbhbm3,4096,64,0,flash_fwd_splitkv_combine_kernel,0,0.6910504649547585,19.53896709142824,0.016051550170740645,0.644531476086663,0.5886404414176297,0.05589103466903324,10.680454536685122,0.016051550170740645,0.6352709663727741,,0.0,0.6910504649547585,0.5769154664981768,0.2662830629135879
546,h10080gbhbm3,4096,64,0,cudnn_generated_fort_native_sdpa_sm90_flash_fprop_wgmma_f16_knob_32_64x256x64_4x1x1_kernel0_0,0,0.22725417057262795,10.994176498723547,0.49632281506582016,0.4119412720137058,0.09001464720679495,0.32192662480691087,12.623151674678176,0.49632281506582016,0.22276557913503145,,0.0,0.22725417057262795,0.38800692198261977,0.019512379836222976
547,h10080gbhbm3,4096,128,0,unrolled_elementwise_kernel,0,0.5903335374086903,18.07586990615329,0.0,0.30229542843244966,0.30229542843244966,0.0,0.0,0.0,0.4122210387715222,,0.0,0.5903335374086903,0.7081437389400942,0.09347836661438984
548,h10080gbhbm3,4096,128,0,unrolled_elementwise_kernel,0,0.5974194224655686,17.67204669148537,0.0,0.29517771361092504,0.29517771361092504,0.0,0.0,0.0,0.4025150640148977,,0.0,0.5974194224655686,0.701062383611138,0.09127736622548771
549,h10080gbhbm3,4096,128,0,unrolled_elementwise_kernel,0,0.6033871599638885,18.382411807791236,0.0,0.30698894510024355,0.30698894510024355,0.0,0.0,0.0,0.4186212887730594,,0.0,0.6033871599638885,0.7195531197301855,0.09492973580663294
550,h10080gbhbm3,4096,128,0,vectorized_elementwise_kernel,0,0.3990223001892026,1.7634416502874777,0.0,0.07524017707893238,0.056430132809199285,0.018810044269733095,0.0,0.0,0.014107533202299821,,0.0,0.3990223001892026,0.5743811881188119,0.24886845827439885
551,h10080gbhbm3,4096,128,0,vectorized_elementwise_kernel,0,0.3913692636795695,1.858466184627,0.0,0.079294557210752,0.059470917908064004,0.019823639302688,0.0,0.0,0.014867729477016001,,0.0,0.3913692636795695,0.6280332563812179,0.2623108865464472
552,h10080gbhbm3,4096,128,0,sm80_xmma_gemm_f32f32_f32f32_f32_tn_n_tilesize64x64x8_stage3_warpsize1x4x1_ffma_aligna4_alignc4_execute_kernel__5x_cublas,0,0.9579208130101229,78.72214928674723,0.0010039461751513519,4.317972499325965,1.8849761023554503,2.4329963969705144,0.0,0.0010039461751513519,0.8111885095222925,,0.0,0.9579208130101229,1.0373913453761123,0.15566837422485846
553,h10080gbhbm3,4096,128,0,cunn_SoftMaxForwardReg,0,0.9523626691776498,70.61332640794694,0.09290675103509438,2.324072149831673,1.2211718766688937,1.102900273162779,29.687555482431723,0.09290675103509438,1.2354725684954713,,0.0,0.9523626691776498,1.032017644315154,0.8524442544356591
554,h10080gbhbm3,4096,128,0,vectorized_elementwise_kernel,0,0.9135101120453075,12.337582373402787,0.0,0.18328864339526998,0.18328864339526998,0.0,0.0,0.0,0.5727770106102187,,0.0,0.9135101120453075,1.0065395130136867,1.394263699767519
555,h10080gbhbm3,4096,128,0,reduce_kernel,0,0.8737046218430584,23.200789850231043,0.0019097022291204413,0.23298367195269382,0.23298367195269382,0.0,0.0,0.0019097022291204413,1.3062363247183817,,0.0,0.8737046218430584,0.8959069267268328,0.4049538496398561
556,h10080gbhbm3,4096,128,0,vectorized_elementwise_kernel,0,0.0015664863949460105,0.005890430627294,0.0,5.8904306272940464e-05,5.8904306272940464e-05,0.0,0.0,0.0,0.00013253468911411605,,0.0,0.0015664863949460105,0.2866407794512328,0.0007289407901276383
557,h10080gbhbm3,4096,128,0,elementwise_kernel,0,0.9590602870336884,65.53378680305485,0.12881920966144075,1.2023126235067803,1.2023126235067803,0.0,0.0,0.12881920966144075,1.9322881449216112,,0.0,0.9590602870336884,1.039485907941912,0.9406078499205889
558,h10080gbhbm3,4096,128,0,vectorized_elementwise_kernel,0,0.9160628757786446,5.989766655282555,0.0,0.18686332666549657,0.18686332666549657,0.0,0.0,0.0,0.12457555111033106,,0.0,0.9160628757786446,1.0049372379568666,1.3854821530290715
559,h10080gbhbm3,4096,128,0,sm80_xmma_gemm_f32f32_f32f32_f32_nn_n_tilesize128x128x8_stage3_warpsize2x2x1_ffma_aligna4_alignc4_execute_kernel__5x_cublas,0,0.9454977087465067,83.11560838536882,8.778551940137133e-05,5.775058179338615,2.731737654346918,3.0433205249916973,0.0,8.778551940137133e-05,0.37589759407667206,,0.0,0.9454977087465067,0.9377557631965038,0.3277154487254554
560,h10080gbhbm3,4096,128,0,sm80_xmma_gemm_f32f32_f32f32_f32_nn_n_tilesize128x128x8_stage3_warpsize2x2x1_ffma_aligna4_alignc4_execute_split_k_kernel__5x_cublas,0,0.38227735533295387,5.674482999927608,0.0,0.209670161831775,0.15189276888333092,0.05777739294844407,0.0,0.0,0.16370261335392486,,0.0,0.38227735533295387,0.8693569667436483,0.6166833925481585
561,h10080gbhbm3,4096,128,0,vectorized_elementwise_kernel,0,0.392779142945688,1.4992715941229724,0.0,0.04497814782368917,0.04497814782368917,0.0,0.0,0.0,0.02998543188245945,,0.0,0.392779142945688,0.5854877025078148,0.26451601882874287
562,h10080gbhbm3,4096,128,0,fmha_cutlassF_f16_aligned_64x128_rf_sm80,0,0.47669825829677714,20.081834687238707,0.5443095419994438,0.43675196116969023,0.23330590353961136,0.2034460576300788,3.4549860474013308,0.5443095419994438,0.5289143810199498,,0.0,0.47669825829677714,0.36873815411200983,0.010685758252978657
563,h10080gbhbm3,4096,128,0,flash_fwd_splitkv_kernel,0,0.9047037438068051,31.91824982773895,1.6514633330052173,0.8966929815926764,0.26258805000492175,0.6341049315877547,14.4879351642222,1.6514633330052173,0.5045241985759753,,0.0,0.9047037438068051,0.828753144994586,0.043311349542277784
564,h10080gbhbm3,4096,128,0,flash_fwd_splitkv_combine_kernel,0,0.7275426661656812,31.552086835287835,0.02632546917950442,1.0530187671801767,0.9620622144877093,0.09095655269246741,17.516562184824096,0.02632546917950442,1.0317558882275002,,0.0,0.7275426661656812,0.6395189797694149,0.4321775070698281
565,h10080gbhbm3,4096,128,0,cudnn_generated_fort_native_sdpa_sm90_flash_fprop_wgmma_f16_knob_7_64x128x128_4x1x1_kernel0_0,0,0.23287111532826132,9.888468137504864,0.6736293543632649,0.3660834697010019,0.14076917628681748,0.2253142934141844,8.697893671603314,0.6736293543632649,0.2053233740634878,,0.0,0.23287111532826132,0.5679801714530661,0.02623706983154223
566,h10080gbhbm3,8192,64,0,elementwise_kernel,0,0.9900864224468364,65.3399955478838,0.12851116340152954,1.1994375250809424,1.1994375250809424,0.0,0.0,0.12851116340152954,1.927667451022943,,0.0,0.9900864224468364,1.0692385529078126,1.082747142799891
567,h10080gbhbm3,8192,64,0,vectorized_elementwise_kernel,0,0.9754059269833323,5.6587919575165495,0.0,0.17699657319409248,0.17699657319409248,0.0,0.0,0.0,0.11799771546272833,,0.0,0.9754059269833323,1.0572516522233877,1.489278414213645
568,h10080gbhbm3,8192,64,0,sm80_xmma_gemm_f32f32_f32f32_f32_nn_n_tilesize128x64x8_stage3_warpsize2x2x1_ffma_aligna4_alignc4_execute_kernel__5x_cublas,0,0.9410396000651892,79.49440208806215,8.660949537789482e-05,5.199420412350127,2.3644929294366537,2.834927482913474,0.0089084052388691,8.660949537789482e-05,0.4902475581632059,,0.0,0.9410396000651892,1.0750587610627682,0.5933438205574983
569,h10080gbhbm3,8192,64,0,vectorized_elementwise_kernel,0,0.40004343917761853,1.542718539238383,0.0,0.04628155617715149,0.04628155617715149,0.0,0.0,0.0,0.030854370784767667,,0.0,0.40004343917761853,0.5887864776099916,0.27218134977828445
570,h10080gbhbm3,8192,64,0,fmha_cutlassF_f16_aligned_64x64_rf_sm80,0,0.9626461081094516,29.14413639781985,0.48489932478558867,0.7143454882717551,0.35991338573118953,0.3544321025405657,6.117629853482924,0.48489932478558867,0.8637521539403308,,0.0,0.9626461081094516,0.3247950866460613,0.004760478366953397
571,h10080gbhbm3,8192,64,0,flash_fwd_splitkv_kernel,0,0.9430128483319251,45.83379609830827,1.6577739377617011,1.5142297100779079,0.48001579922442567,1.0342139108534822,28.20967857958754,1.6577739377617011,0.8926993934056944,,0.0,0.9430128483319251,0.891002426008327,0.021834074943025562
572,h10080gbhbm3,8192,64,0,flash_fwd_splitkv_combine_kernel,0,0.687293666558237,36.13276338586402,0.025986190222419086,1.1918211788373116,1.1081562124389508,0.0836649663983611,20.43459503853865,0.025986190222419086,1.209539035807143,,0.0,0.687293666558237,0.5647123962709448,0.2547509464519299
573,h10080gbhbm3,8192,64,0,cudnn_generated_fort_native_sdpa_sm90_flash_fprop_wgmma_f16_knob_32_64x256x64_4x1x1_kernel0_0,0,0.4662494287614528,23.38480547542348,1.0696196979372168,0.8846852985639471,0.191970706683287,0.6927145918806601,27.18116218482423,1.0696196979372168,0.4701789251738707,,0.0,0.4662494287614528,0.5221661053312877,0.020852094099309822
574,h10080gbhbm3,8192,128,0,unrolled_elementwise_kernel,0,0.6113959336744933,33.604744412251655,0.0,0.565121412803532,0.565121412803532,0.0,0.0,0.0,0.7706201083684527,,0.0,0.6113959336744933,0.7413338162251656,0.17214403973509934
575,h10080gbhbm3,8192,128,0,unrolled_elementwise_kernel,0,0.5924015198754671,32.01749860558454,0.0,0.5389965292887061,0.5389965292887061,0.0,0.0,0.0,0.7349952672118719,,0.0,0.5924015198754671,0.7129684002278917,0.16418602773279262
576,h10080gbhbm3,8192,128,0,unrolled_elementwise_kernel,0,0.5992255522503334,32.30892606090593,0.0,0.5437244691699199,0.5437244691699199,0.0,0.0,0.0,0.7414424579589817,,0.0,0.5992255522503334,0.7137105460052736,0.16562622563069068
577,h10080gbhbm3,8192,128,0,vectorized_elementwise_kernel,0,0.4897559579161654,2.8730328164847685,0.0,0.12262165150797913,0.09196623863098435,0.030655412876994782,0.0,0.0,0.02299155965774609,,0.0,0.4897559579161654,0.7165388890032314,0.405145409265853
578,h10080gbhbm3,8192,128,0,vectorized_elementwise_kernel,0,0.4877468276712796,2.8704450713083713,0.0,0.12267398437748606,0.09200548828311454,0.030668496094371514,0.0,0.0,0.023001372070778636,,0.0,0.4877468276712796,0.7082600345544701,0.40531831854878714
579,h10080gbhbm3,8192,128,0,sm80_xmma_gemm_f32f32_f32f32_f32_tn_n_tilesize64x64x8_stage3_warpsize1x4x1_ffma_aligna4_alignc4_execute_kernel__5x_cublas,0,0.9896626027723647,82.60519218160661,0.0010538442263025632,4.532584017327324,1.9784898937744124,2.554094123552912,0.0,0.0010538442263025632,0.8515061348524711,,0.0,0.9896626027723647,1.070306219126562,0.2117701452150582
580,h10080gbhbm3,8192,128,0,cunn_SoftMaxForwardReg,0,0.9636113733158229,54.82701931844524,0.08192471472362126,1.8172861260666513,0.9223525412966393,0.8949335847700118,23.806804372758695,0.08192471472362126,1.098776744939701,,0.0,0.9636113733158229,1.0375768623950585,0.7602669502854855
581,h10080gbhbm3,8192,128,0,vectorized_elementwise_kernel,0,0.9773776909551398,12.50685054686373,0.0,0.1860662205778051,0.1860662205778051,0.0,0.0,0.0,0.5814569393056409,,0.0,0.9773776909551398,1.0591529893803548,1.5065675284477915
582,h10080gbhbm3,8192,128,0,reduce_kernel,0,0.9643728840700371,66.24977717997137,0.015034989340198065,0.6474442284622791,0.6474442284622791,0.0,0.0,0.015034989340198065,3.0088772417071374,,0.0,0.9643728840700371,1.017985958151359,0.41162151268015157
583,h10080gbhbm3,8192,128,0,vectorized_elementwise_kernel,0,0.0010843903805369936,0.0064023048297387,0.0,6.402304829738707e-05,6.402304829738707e-05,0.0,0.0,0.0,0.00014405185866912088,,0.0,0.0010843903805369936,0.3154648673522469,0.0008451042375255093
584,h10080gbhbm3,8192,128,0,elementwise_kernel,0,0.9902300765178318,65.35260534221241,0.12853809111948503,1.1996888504485268,1.1996888504485268,0.0,0.0,0.12853809111948503,1.928071366792275,,0.0,0.9902300765178318,1.0685972832069341,1.0832010909602492
585,h10080gbhbm3,8192,128,0,vectorized_elementwise_kernel,0,0.9765741885190863,5.700577608979955,0.0,0.17830047834306403,0.17830047834306403,0.0,0.0,0.0,0.1188669855620427,,0.0,0.9765741885190863,1.063846847088546,1.5037611390754402
586,h10080gbhbm3,8192,128,0,sm80_xmma_gemm_f32f32_f32f32_f32_nn_n_tilesize128x128x8_stage3_warpsize2x2x1_ffma_aligna4_alignc4_execute_kernel__5x_cublas,0,0.9627542368827986,88.68394174540428,2.360370758002873e-05,6.193471246754058,2.9205161513094473,3.2729550954446105,0.0,2.360370758002873e-05,0.382049610890345,,0.0,0.9627542368827986,1.063477156324889,0.3600392088931578
587,h10080gbhbm3,8192,128,0,sm80_xmma_gemm_f32f32_f32f32_f32_nn_n_tilesize128x128x8_stage3_warpsize2x2x1_ffma_aligna4_alignc4_execute_split_k_kernel__5x_cublas,0,0.7444409907895623,10.545734055408708,0.0,0.3731375625005579,0.2941886350227116,0.07894892747784633,0.0,0.0,0.3195353959498097,,0.0,0.7444409907895623,0.8360916020188461,0.7081485064385414
588,h10080gbhbm3,8192,128,0,vectorized_elementwise_kernel,0,0.493513774373402,2.5203304206754216,0.0,0.075703093715025,0.075703093715025,0.0,0.0,0.0,0.05046872914335,,0.0,0.493513774373402,0.6529148483946154,0.4446669610128246
589,h10080gbhbm3,8192,128,0,fmha_cutlassF_f16_aligned_64x128_rf_sm80,0,0.9547280920520645,40.27274304545254,1.0982254693254592,0.8766124844444063,0.4675545549586464,0.40905792948576,6.931885433850425,1.0982254693254592,1.0603152495581658,,0.0,0.9547280920520645,0.7860416821177981,0.01069839943406474
590,h10080gbhbm3,8192,128,0,flash_fwd_splitkv_kernel,0,0.9492141204599435,35.62249801307888,1.922618752486278,1.0026156385035863,0.2691313783644058,0.7334842601391803,16.608559617221548,1.922618752486278,0.5430052392987978,,0.0,0.9492141204599435,0.9908568452650848,0.02499553262664669
591,h10080gbhbm3,8192,128,0,flash_fwd_splitkv_combine_kernel,0,0.789255950396693,46.24909253209473,0.03337703995081153,1.5307924231985834,1.4234200798571754,0.10737234334140794,26.24649050677452,0.03337703995081153,1.5535494958923186,,0.0,0.789255950396693,0.6492681734337844,0.32380292019467966
592,h10080gbhbm3,8192,128,0,cudnn_generated_fort_native_sdpa_sm90_flash_fprop_wgmma_f16_knob_7_64x128x128_4x1x1_kernel0_0,0,0.4734398724383966,20.62671406456985,1.421294611001748,0.7680696810849785,0.2946216759335825,0.473448005151396,18.336556909209865,1.421294611001748,0.4249842365148817,,0.0,0.4734398724383966,0.7104022905786164,0.0275815878427462
593,l4,256,64,0,unrolled_elementwise_kernel,0,0.3788794139763769,1.6451221820376802,0.0,0.026190999913037697,0.026190999913037697,0.0,0.0,,0.043215149856512196,,0.0,0.3788794139763769,0.25053413611476294,0.2270705127877216
594,l4,256,64,0,unrolled_elementwise_kernel,0,0.3846469099850832,1.6372828029304107,0.0,0.026066193877499075,0.026066193877499075,0.0,0.0,,0.04300921989787347,,0.0,0.3846469099850832,0.2584570883586274,0.2279570111443161
595,l4,256,64,0,unrolled_elementwise_kernel,0,0.37835228491739964,1.64281116866399,0.0,0.02615420766032223,0.02615420766032223,0.0,0.0,,0.04315444263953168,,0.0,0.37835228491739964,0.25404615468442976,0.22912175669094786
596,l4,256,64,0,vectorized_elementwise_kernel,0,0.12461964179957932,0.2614005350542202,0.0,0.011109522739804359,0.008495517389262157,0.002614005350542202,0.0,,0.002614005350542202,,0.0,0.12461964179957932,0.27139195784916376,0.4674712901886305
597,l4,256,64,0,vectorized_elementwise_kernel,0,0.12049478144468936,0.2576567327918516,0.0,0.010950411143653693,0.008373843815735178,0.0025765673279185162,0.0,,0.0025765673279185162,,0.0,0.12049478144468936,0.24953031324751485,0.4599977857624526
598,l4,256,64,0,ampere_sgemm_64x32_sliced1x4_tn,0,0.4472576782683499,13.880834470916078,0.0,0.4982645635501881,0.14787247116186222,0.3503920923883259,0.0,,0.3664710356486878,,0.0,0.4472576782683499,0.3013438699513192,0.3444434480216024
599,l4,256,64,0,softmax_warp_forward,0,0.6182638147707152,6.51300812506555,0.0,0.19426124831113387,0.060058855827899146,0.13420239248323473,3.7904633816806608,,0.12634877938935538,,0.0,0.6182638147707152,0.46797375137011515,1.1350167498503927
600,l4,256,64,0,vectorized_elementwise_kernel,0,0.47810814040838634,1.2838899132691388,0.0,0.021853445332240665,0.021853445332240665,0.0,0.0,,0.05463361333060164,,0.0,0.47810814040838634,0.3522345716952355,1.5104372965467003
601,l4,256,64,0,reduce_kernel,0,0.20241764230545164,3.9748863059778623,0.0,0.04089226316877454,0.04089226316877454,0.0,0.0,,0.17679890252381936,,0.0,0.20241764230545164,0.22960672204160637,0.38693552327438785
602,l4,256,64,0,vectorized_elementwise_kernel,0,0.006410019353327663,0.0215721805160065,0.0,0.0002958470470766614,0.0002958470470766614,0.0,0.0,,0.00044377057061499207,,0.0,0.006410019353327663,0.061844359799317086,0.03336497253142347
603,l4,256,64,0,elementwise_kernel,0,0.6073396940115168,9.143826935825611,0.0,0.1863488060729745,0.1863488060729745,0.0,0.0,,0.3127997816224929,,0.0,0.6073396940115168,0.3877045664296577,1.2414587964106365
604,l4,256,64,0,vectorized_elementwise_kernel,0,0.48835422631592207,0.7791837043132184,0.0,0.02579366745312723,0.02579366745312723,0.0,0.0,,0.012896833726563615,,0.0,0.48835422631592207,0.3782490477110079,1.4570735270657185
605,l4,256,64,0,ampere_sgemm_64x32_sliced1x4_nn,0,0.44302500712357024,14.22000298511513,0.0,0.5184330859306095,0.1665999538664025,0.3518331320642071,0.0,,0.3690687797663469,,0.0,0.44302500712357024,0.3661816137261021,0.8105944449721163
606,l4,256,64,0,splitKreduce_kernel,0,0.308004548756989,5.3321540259658216,0.0,0.10917016773541398,0.0851865306251382,0.02398363711027577,0.0,,0.1698202609217551,,0.0,0.308004548756989,0.3567230391382633,1.4021964599719916
607,l4,256,64,0,vectorized_elementwise_kernel,0,0.11794988565375362,0.2296825035392886,0.0,0.007603282875783346,0.007603282875783346,0.0,0.0,,0.003801641437891673,,0.0,0.11794988565375362,0.22415576829787445,0.45783379038831523
608,l4,256,64,0,fmha_cutlassF_f16_aligned_64x64_rf_sm80,0,0.06361236831990712,1.4164679535952684,0.04283835476035464,0.03344785481395488,0.01673765429677797,0.01671020051717691,0.2897027409330624,,0.04183171617498254,,0.0,0.06361236831990712,0.12398448251368546,0.12748663698172272
609,l4,256,64,0,flash_fwd_kernel,0,0.031430871185837414,0.6298909201338151,0.05349991101851958,0.021407801308435934,0.007647509253257621,0.013760292055178315,0.353966696436006,,0.013113747720359779,,0.0,0.031430871185837414,0.15787579981289399,0.18194236503523067
610,l4,256,64,0,cudnn_generated_fort_native_sdpa_sm80_flash_fprop_wmma_f16_knob_6_128x64x64_4x1x1_kernel0_0,0,0.030975310669931585,0.7172244654719929,0.06258857865402467,0.023134547871629232,0.007395720719860337,0.015738827151768896,0.4400759436611109,,0.014378870242538384,,0.0,0.030975310669931585,0.1419384192920329,0.1590843975505495
611,l4,256,128,0,unrolled_elementwise_kernel,0,0.6759433724620888,3.240465514635498,0.0,0.051589500730515395,0.051589500730515395,0.0,0.0,,0.0851226762053504,,0.0,0.6759433724620888,0.35250411439703094,0.34636169748266077
612,l4,256,128,0,unrolled_elementwise_kernel,0,0.6819639379915535,3.253167437978909,0.0,0.05179172040563438,0.05179172040563438,0.0,0.0,,0.08545633866929672,,0.0,0.6819639379915535,0.3411311736590547,0.35006617268964585
613,l4,256,128,0,unrolled_elementwise_kernel,0,0.6757764384450448,3.260357159150239,0.0,0.05190618362826251,0.05190618362826251,0.0,0.0,,0.08564520298663315,,0.0,0.6757764384450448,0.3417625967960773,0.3500558430784152
614,l4,256,128,0,vectorized_elementwise_kernel,0,0.2541891025017981,0.4976381626265964,0.0,0.021149621911630348,0.016173240285364383,0.004976381626265965,0.0,,0.004976381626265965,,0.0,0.2541891025017981,0.33758075280731425,0.8591256341970726
615,l4,256,128,0,vectorized_elementwise_kernel,0,0.24957651570149478,0.4765361776586436,0.0,0.020252787550492354,0.015487425773905921,0.004765361776586437,0.0,,0.004765361776586437,,0.0,0.24957651570149478,0.3207017119313986,0.8212554990909824
616,l4,256,128,0,ampere_sgemm_64x32_sliced1x4_tn,0,0.46793759689513703,16.75613537371202,0.0,0.74111728661977,0.21984781531127728,0.521269471308493,0.0,,0.3368101329902235,,0.0,0.46793759689513703,0.3662791080901507,0.5297250551049895
617,l4,256,128,0,softmax_warp_forward,0,0.3519176755944948,3.667505396723308,0.0,0.10884446831584602,0.03369402717006435,0.07515044114578166,2.1101102607874593,,0.07244438210511552,,0.0,0.3519176755944948,0.2658186997460433,0.6084926692370236
618,l4,256,128,0,vectorized_elementwise_kernel,0,0.49983486302322355,1.30718954248366,0.0,0.022250034765679324,0.022250034765679324,0.0,0.0,,0.0556250869141983,,0.0,0.49983486302322355,0.35292415577342046,1.5123070504797664
619,l4,256,128,0,reduce_kernel,0,0.2013086935982526,3.955196654833234,0.0,0.040710754393103864,0.040710754393103864,0.0,0.0,,0.17601414399371376,,0.0,0.2013086935982526,0.2252474263450592,0.38485632277990595
620,l4,256,128,0,vectorized_elementwise_kernel,0,0.006384593724366744,0.0214248111555931,0.0,0.00029382598156241967,0.00029382598156241967,0.0,0.0,,0.00044073897234362953,,0.0,0.006384593724366744,0.07201389143946166,0.033137041253983986
621,l4,256,128,0,elementwise_kernel,0,0.6133436490238019,9.137756727412214,0.0,0.18641059482091657,0.18641059482091657,0.0,0.0,,0.31290349844939563,,0.0,0.6133436490238019,0.3908733770666597,1.2539371913148822
622,l4,256,128,0,vectorized_elementwise_kernel,0,0.47369966550060005,0.7898611784933057,0.0,0.026147128667364603,0.026147128667364603,0.0,0.0,,0.013073564333682302,,0.0,0.47369966550060005,0.3825787236819333,1.494812280298581
623,l4,256,128,0,ampere_sgemm_64x32_sliced1x4_nn,0,0.6818679237341638,23.940401532051013,0.0,0.9847456302273423,0.3202876503941363,0.6644579798332061,0.0,,0.5368191301942722,,0.0,0.6818679237341638,0.41103734624873983,0.850228184206887
624,l4,256,128,0,splitKreduce_kernel,0,0.5576411584114993,8.198576744054439,0.0,0.15935939334776394,0.123495041240468,0.03586435210729595,0.0,,0.25352630759871536,,0.0,0.5576411584114993,0.42168496432428354,1.8933171106678175
625,l4,256,128,0,vectorized_elementwise_kernel,0,0.25194473686662133,0.432267260413076,0.0,0.014309536896432865,0.014309536896432865,0.0,0.0,,0.0071547684482164324,,0.0,0.25194473686662133,0.29920999431717615,0.8227486856528883
626,l4,256,128,0,fmha_cutlassF_f16_aligned_64x128_rf_sm80,0,0.06391182683787094,1.8805980585553064,0.08812475375601911,0.03869577085627689,0.021833520915778844,0.01686224994049804,0.2990561711935219,,0.04949621675117962,,0.0,0.06391182683787094,0.17258492643944315,0.2286703968007444
627,l4,256,128,0,flash_fwd_splitkv_kernel,0,0.11827360637087599,1.5434205536594616,0.15532802427000378,0.04171406901782328,0.01850587789154342,0.02320819112627986,0.583996966249526,,0.032006067500948046,,0.0,0.11827360637087599,0.2082679575906965,0.394071545948679
628,l4,256,128,0,flash_fwd_splitkv_combine_kernel,0,0.7225284690004218,8.182201602699283,0.0,0.24968367777309153,0.23061999156474064,0.019063686208350906,4.66975959510755,,0.3071784057359764,,0.0,0.7225284690004218,0.24195715591171094,0.8004048924504429
629,l4,256,128,0,cudnn_generated_fort_native_sdpa_sm80_flash_fprop_wmma_f16_knob_3_64x64x128_4x1x1_kernel0_0,0,0.061625727013401674,1.1808972939023954,0.12323453033947036,0.03300495111874976,0.014693521424447959,0.018311429694301794,0.4512983288798964,,0.022745435775546777,,0.0,0.061625727013401674,0.2766515951828918,0.29127295588496155
630,l4,512,64,0,unrolled_elementwise_kernel,0,0.6778162753126937,3.2676617319826455,0.0,0.05202247533504709,0.05202247533504709,0.0,0.0,,0.0858370843028277,,0.0,0.6778162753126937,0.3484275986682788,0.3492686032845961
631,l4,512,64,0,unrolled_elementwise_kernel,0,0.6738310277809535,3.1971210004920945,0.0,0.05089943881380449,0.05089943881380449,0.0,0.0,,0.0839840740427774,,0.0,0.6738310277809535,0.34074974773959765,0.3409599647415346
632,l4,512,64,0,unrolled_elementwise_kernel,0,0.6820597114722211,3.258094581999433,0.0,0.05187016249949346,0.05187016249949346,0.0,0.0,,0.08558576812416421,,0.0,0.6820597114722211,0.33560666308708514,0.3502046440004863
633,l4,512,64,0,vectorized_elementwise_kernel,0,0.2566292091368006,0.4951356787807284,0.0,0.021043266348180954,0.016091909560373673,0.004951356787807284,0.0,,0.004951356787807284,,0.0,0.2566292091368006,0.33428226279584033,0.8555531916265335
634,l4,512,64,0,vectorized_elementwise_kernel,0,0.2420716677090615,0.4709171847982046,0.0,0.020013980353923697,0.015304808505941651,0.004709171847982046,0.0,,0.004709171847982046,,0.0,0.2420716677090615,0.32970104730019745,0.8193959015488761
635,l4,512,64,0,ampere_sgemm_32x128_tn,0,0.6371074736299124,25.03709537385132,0.0,1.1477213145029648,0.3509445256992929,0.7967767888036715,0.0,,0.4782172143762352,,0.0,0.6371074736299124,0.61111400043446,0.40482038197090536
636,l4,512,64,0,softmax_warp_forward,0,0.4259009878226025,8.061880558041763,0.0,0.24127751820861698,0.07370897415895486,0.16756854404966212,5.048323657653367,,0.16038363318361348,,0.0,0.4259009878226025,0.4229682611694571,1.491478011435641
637,l4,512,64,0,vectorized_elementwise_kernel,0,0.6725618275085495,3.099064767703729,0.0,0.05338226707815498,0.05338226707815498,0.0,0.0,,0.13345566769538744,,0.0,0.6725618275085495,0.6085445946979176,3.743222954374844
638,l4,512,64,0,reduce_kernel,0,0.4221490210633757,7.958726515001755,0.0,0.07849244163294616,0.07849244163294616,0.0,0.0,,0.38213425531829054,,0.0,0.4221490210633757,0.34750350652826134,0.9125714585409346
639,l4,512,64,0,vectorized_elementwise_kernel,0,0.0062709080226855795,0.0209829618349899,0.0,0.00028776633373700554,0.00028776633373700554,0.0,0.0,,0.0004316495006055083,,0.0,0.0062709080226855795,0.07107928362169916,0.03338089471349264
640,l4,512,64,0,elementwise_kernel,0,0.7320649666112364,23.101041276695774,0.0,0.49925560905109745,0.49925560905109745,0.0,0.0,,0.8380362009071992,,0.0,0.7320649666112364,0.5780714470205498,3.2290953836152734
641,l4,512,64,0,vectorized_elementwise_kernel,0,0.6524811449893502,1.9244134730744635,0.0,0.06494474305918914,0.06494474305918914,0.0,0.0,,0.03247237152959457,,0.0,0.6524811449893502,0.6238396747125282,3.7766044596658683
642,l4,512,64,0,ampere_sgemm_64x32_sliced1x4_nn,0,0.7111331879143901,27.523054661684988,0.0,1.344327581366218,0.43149903893916164,0.9128285424270566,0.0,,0.4503207135606764,,0.0,0.7111331879143901,0.6414973111893397,1.8919551648921236
643,l4,512,64,0,splitKreduce_kernel,0,0.5421889981888561,8.23182641429028,0.0,0.16000568201995807,0.12395326538584465,0.03605241663411343,0.0,,0.2545544941226606,,0.0,0.5421889981888561,0.4185375901132853,1.8993477514589772
644,l4,512,64,0,vectorized_elementwise_kernel,0,0.2533133148798404,0.4538385547589472,0.0,0.015023621123054802,0.015023621123054802,0.0,0.0,,0.007511810561527401,,0.0,0.2533133148798404,0.29997073849835515,0.868344434772119
645,l4,512,64,0,fmha_cutlassF_f16_aligned_64x64_rf_sm80,0,0.1316865777497285,3.1467278832264385,0.10038923499469225,0.07520078306544387,0.03667402449989967,0.038526758565544196,0.6583754455676075,,0.09290706918763088,,0.0,0.1316865777497285,0.15142226763212058,0.12479824678305422
646,l4,512,64,0,flash_fwd_splitkv_kernel,0,0.2343345356742206,3.960873210714692,0.3044299255137046,0.12575572118388384,0.049079198883286226,0.07667652230059761,2.095928686398064,,0.09037763413688105,,0.0,0.2343345356742206,0.2634063331544919,0.41329558308113595
647,l4,512,64,0,flash_fwd_splitkv_combine_kernel,0,0.7302159027536093,8.134615303978835,0.0,0.24823155979151906,0.22921165514262834,0.01901990464889072,4.642601064208951,,0.3053919081543229,,0.0,0.7302159027536093,0.25866329541372624,0.8019109357463231
648,l4,512,64,0,cudnn_generated_fort_native_sdpa_sm80_flash_fprop_wmma_f16_knob_6_128x64x64_4x1x1_kernel0_0,0,0.06423390703768152,1.6125507131792762,0.15653995487915423,0.05461318250056431,0.016204331266787452,0.03840885123377686,1.0700973478067184,,0.029599656995582264,,0.0,0.06423390703768152,0.16072878088124587,0.17769985600661806
649,l4,512,128,0,unrolled_elementwise_kernel,0,0.6883995524915336,6.4767779390420905,0.0,0.10320915981293341,0.10320915981293341,0.0,0.0,,0.17029511369134012,,0.0,0.6883995524915336,0.44471552807342907,0.5947159060366608
650,l4,512,128,0,unrolled_elementwise_kernel,0,0.692154798012878,6.475276856880864,0.0,0.10318523967391853,0.10318523967391853,0.0,0.0,,0.1702556454619656,,0.0,0.692154798012878,0.4065198661816423,0.5860061736481289
651,l4,512,128,0,unrolled_elementwise_kernel,0,0.6822659237735774,6.416439505137345,0.0,0.10224765100000999,0.10224765100000999,0.0,0.0,,0.16870862415001647,,0.0,0.6822659237735774,0.4130815917616085,0.5841562738186769
652,l4,512,128,0,vectorized_elementwise_kernel,0,0.4721164771549186,0.8492780307365663,0.0,0.03609431630630406,0.027601535998938397,0.008492780307365663,0.0,,0.008492780307365663,,0.0,0.4721164771549186,0.4016754027297433,1.4617092273283956
653,l4,512,128,0,vectorized_elementwise_kernel,0,0.4753536183521007,0.85857781280656,0.0,0.036489557044278795,0.027903778916213196,0.0085857781280656,0.0,,0.0085857781280656,,0.0,0.4753536183521007,0.3997012305723013,1.4563178973787103
654,l4,512,128,0,ampere_sgemm_32x128_tn,0,0.6563198398861947,28.334566588257136,0.0,1.4539119892856995,0.4398392308858001,1.0140727583998994,0.0,,0.4138057200274684,,0.0,0.6563198398861947,0.703649581307678,0.5240869249038766
655,l4,512,128,0,softmax_warp_forward,0,0.568598573295345,10.495537531329663,0.0,0.31498093442728303,0.0959250016066494,0.21905593282063368,6.589672457745122,,0.20770495490670723,,0.0,0.568598573295345,0.5461229988289311,1.9430246424312532
656,l4,512,128,0,vectorized_elementwise_kernel,0,0.6731254287372698,3.135718431745026,0.0,0.05403408791092819,0.05403408791092819,0.0,0.0,,0.13508521977732044,,0.0,0.6731254287372698,0.610995461980898,3.7860728545547286
657,l4,512,128,0,reduce_kernel,0,0.42262575997752666,7.916557979011577,0.0,0.07807853602744948,0.07807853602744948,0.0,0.0,,0.38011918855468824,,0.0,0.42262575997752666,0.36081977245821373,0.9077592953026866
658,l4,512,128,0,vectorized_elementwise_kernel,0,0.00647094430992736,0.0211864406779661,0.0,0.00029055690072639226,0.00029055690072639226,0.0,0.0,,0.00043583535108958837,,0.0,0.00647094430992736,0.06433716707021792,0.0337046004842615
659,l4,512,128,0,elementwise_kernel,0,0.7103673351457127,23.251152436862217,0.0,0.5020728541472406,0.5020728541472406,0.0,0.0,,0.842765148032868,,0.0,0.7103673351457127,0.5820422684218437,3.2456240961816
660,l4,512,128,0,vectorized_elementwise_kernel,0,0.6758297709842691,1.932154487499072,0.0,0.06517242476637002,0.06517242476637002,0.0,0.0,,0.03258621238318501,,0.0,0.6758297709842691,0.6281287678692026,3.778770167492283
661,l4,512,128,0,Kernel2,0,0.68369411743545,33.28617808675006,0.0,1.9538496128353402,0.9122138983569109,1.0416357144784294,0.0,,0.3447699045803243,,0.0,0.68369411743545,0.6823927015789363,1.7663989639635589
662,l4,512,128,0,splitKreduce_kernel,0,0.6586207372683307,10.63667839180368,0.0,0.24036645943436277,0.1774822138071255,0.0628842456272373,0.0,,0.3464104856554052,,0.0,0.6586207372683307,0.7013973509705168,3.7237010009515883
663,l4,512,128,0,vectorized_elementwise_kernel,0,0.4848285758744099,0.8022268711423088,0.0,0.026556475734366085,0.026556475734366085,0.0,0.0,,0.013278237867183042,,0.0,0.4848285758744099,0.3785090221707383,1.5436182045563258
664,l4,512,128,0,fmha_cutlassF_f16_aligned_64x128_rf_sm80,0,0.131986773011778,4.076644632186407,0.20644055730382382,0.0852280781334165,0.04656693662448773,0.03866114150892877,0.6778083330970809,,0.10628526068097413,,0.0,0.131986773011778,0.19317586712531146,0.24110561955372437
665,l4,512,128,0,flash_fwd_splitkv_kernel,0,0.44956846537224693,5.757036611375717,0.5793813749433645,0.15559558409123558,0.06909195389596756,0.08650363019526804,2.1783381772772987,,0.1193842481572753,,0.0,0.44956846537224693,0.3950614794104754,0.6500064463132614
666,l4,512,128,0,flash_fwd_splitkv_combine_kernel,0,0.79275884244373,12.691961414790995,0.0,0.3786495176848875,0.34186173633440514,0.036787781350482315,7.120257234726688,,0.47783922829582,,0.0,0.79275884244373,0.42638625401929264,2.2720085744908896
667,l4,512,128,0,cudnn_generated_fort_native_sdpa_sm80_flash_fprop_wmma_f16_knob_3_64x64x128_4x1x1_kernel0_0,0,0.1278837480190453,2.5769126550012724,0.30750281820495884,0.07391028430731983,0.029670624861435815,0.04423965944588402,1.0735572022292266,,0.044894210275040376,,0.0,0.1278837480190453,0.3757472690880355,0.3439887482947074
668,l4,1024,64,0,unrolled_elementwise_kernel,0,0.6797866911872439,6.493237474043722,0.0,0.1034714468319448,0.1034714468319448,0.0,0.0,,0.1707278872727089,,0.0,0.6797866911872439,0.41659719731149386,0.5864594543161099
669,l4,1024,64,0,unrolled_elementwise_kernel,0,0.6822830573274244,6.51664655356002,0.0,0.10384447667048648,0.10384447667048648,0.0,0.0,,0.17134338650630268,,0.0,0.6822830573274244,0.43391259925564607,0.5885737272121883
670,l4,1024,64,0,unrolled_elementwise_kernel,0,0.6807332633935519,6.45119190438663,0.0,0.10280143962172283,0.10280143962172283,0.0,0.0,,0.16962237537584268,,0.0,0.6807332633935519,0.4222455354827267,0.585379239262654
671,l4,1024,64,0,vectorized_elementwise_kernel,0,0.493340636030115,0.8902335124232781,0.0,0.037834924277989325,0.02893258915375654,0.008902335124232783,0.0,,0.008902335124232783,,0.0,0.493340636030115,0.41997425219805384,1.5120291644207977
672,l4,1024,64,0,vectorized_elementwise_kernel,0,0.48307188032213066,0.8763596840312545,0.0,0.037245286571328313,0.02848168973101577,0.008763596840312545,0.0,,0.008763596840312545,,0.0,0.48307188032213066,0.40399803446672433,1.4964069823501387
673,l4,1024,64,0,ampere_sgemm_128x32_tn,0,0.8297374763451062,49.10744201484896,0.0,2.2573923826284097,0.6368862905473323,1.6205060920810774,0.0,,0.9384424772479847,,0.0,0.8297374763451062,0.8846785874457794,0.3971412675996063
674,l4,1024,64,0,softmax_warp_forward,0,0.5435001586073717,14.004764250083944,0.0,0.4194024119450828,0.09838943953163522,0.32101297241344773,9.129570164747609,,0.2811746962807962,,0.0,0.5435001586073717,0.54575583059867,2.669533348050118
675,l4,1024,64,0,vectorized_elementwise_kernel,0,0.8616451226784618,4.822460519372428,0.0,0.08786343413889115,0.08786343413889115,0.0,0.0,,0.21965858534722787,,0.0,0.8616451226784618,0.8666170253994541,6.126741287662653
676,l4,1024,64,0,reduce_kernel,0,0.7597272751691474,15.134206104523626,0.0,0.1405825173176388,0.1405825173176388,0.0,0.0,,0.7976529786935591,,0.0,0.7597272751691474,0.4961782062875738,2.4709701359644805
677,l4,1024,64,0,vectorized_elementwise_kernel,0,0.006250598143363001,0.0209350177050435,0.0,0.00028710881424059715,0.00028710881424059715,0.0,0.0,,0.0004306632213608958,,0.0,0.006250598143363001,0.05654847353813762,0.03145436564902543
678,l4,1024,64,0,elementwise_kernel,0,0.8743013238482753,38.662391537921486,0.0,0.8897129270118577,0.8897129270118577,0.0,0.0,,1.4934466989127608,,0.0,0.8743013238482753,0.8236369592734674,5.6598644733116386
679,l4,1024,64,0,vectorized_elementwise_kernel,0,0.8566235420975715,2.8566708923148445,0.0,0.1057889945181362,0.1057889945181362,0.0,0.0,,0.0528944972590681,,0.0,0.8566235420975715,0.8709295852049225,6.1357616820519
680,l4,1024,64,0,ampere_sgemm_32x128_nn,0,0.9001642878938211,43.051940638116,0.0,2.2240660546454274,0.6972879362571054,1.5267781183883218,0.0,,0.616768681433043,,0.0,0.9001642878938211,0.9269786536879905,3.3526639359445607
681,l4,1024,64,0,splitKreduce_kernel,0,0.6680159751119046,10.111937359709112,0.0,0.22850842073482888,0.1684573581339179,0.06005106260091099,0.0,,0.32932095929431227,,0.0,0.6680159751119046,0.718848176273174,4.09501931802768
682,l4,1024,64,0,vectorized_elementwise_kernel,0,0.4728471983499485,0.797524922653833,0.0,0.026400825025782056,0.026400825025782056,0.0,0.0,,0.013200412512891028,,0.0,0.4728471983499485,0.37663322161109203,1.4933654176693023
683,l4,1024,64,0,fmha_cutlassF_f16_aligned_64x64_rf_sm80,0,0.2685384550035509,6.682032639850548,0.21941023622607428,0.16075484205491197,0.07728790520993013,0.08346693684498183,1.4137908955431877,,0.19741305100201587,,0.0,0.2685384550035509,0.2008404815222612,0.12317497463590864
684,l4,1024,64,0,flash_fwd_splitkv_kernel,0,0.5885884586996468,9.501275266389754,0.7315173577150128,0.30217953350922894,0.11814910570897975,0.1840304278002492,5.036325558487149,,0.21716921557164443,,0.0,0.5885884586996468,0.3526964419509622,0.4255576034851701
685,l4,1024,64,0,flash_fwd_splitkv_combine_kernel,0,0.7804506475463503,12.70883569409623,0.0,0.381418374027882,0.3448236214688363,0.03659475255904569,7.072387857108637,,0.4754443397582281,,0.0,0.7804506475463503,0.4389062774468629,2.2735291143013794
686,l4,1024,64,0,cudnn_generated_fort_native_sdpa_sm80_flash_fprop_wmma_f16_knob_6_128x64x64_4x1x1_kernel0_0,0,0.1316964148262081,3.4869302868809555,0.3587212727336172,0.12142750113407233,0.03451685098050217,0.08691065015357016,2.417164826037069,,0.060538593695584196,,0.0,0.1316964148262081,0.255133259484642,0.1922291927662949
687,l4,1024,128,0,unrolled_elementwise_kernel,0,0.6775763465962091,12.55341697719736,0.0,0.2000420010060706,0.2000420010060706,0.0,0.0,,0.3300693016600165,,0.0,0.6775763465962091,0.49747403833161585,1.0212560905528667
688,l4,1024,128,0,unrolled_elementwise_kernel,0,0.6813001609085676,12.64829914231305,0.0,0.20155397326063745,0.20155397326063745,0.0,0.0,,0.3325640558800518,,0.0,0.6813001609085676,0.48514445685567276,1.0293555620072072
689,l4,1024,128,0,unrolled_elementwise_kernel,0,0.6884785702989087,12.703621698560807,0.0,0.20243555274395067,0.20243555274395067,0.0,0.0,,0.33401866202751856,,0.0,0.6884785702989087,0.4993177602272128,1.0418841267330907
690,l4,1024,128,0,vectorized_elementwise_kernel,0,0.5782589564526204,1.443358598762278,0.0,0.06177255436325441,0.047237835689547494,0.014534718673706922,0.0,,0.014534718673706922,,0.0,0.5782589564526204,0.5301679985427431,2.495013153163383
691,l4,1024,128,0,vectorized_elementwise_kernel,0,0.5514686723145937,1.441207332446003,0.0,0.061296206311312045,0.046873569532179804,0.014422636779132246,0.0,,0.014422636779132246,,0.0,0.5514686723145937,0.5025085270553548,2.4741394892452293
692,l4,1024,128,0,ampere_sgemm_128x32_tn,0,0.8446650310465692,51.455544615552704,0.0,2.6445394417453123,0.8173852096403912,1.8271542321049212,0.0,,0.7514051971497498,,0.0,0.8446650310465692,0.937762342785744,0.4725534918543884
693,l4,1024,128,0,softmax_warp_forward,0,0.5374916005303016,13.757763834153607,0.0,0.41124348473566646,0.09653397017961245,0.31470951455605406,8.942665673864484,,0.277589306794036,,0.0,0.5374916005303016,0.5275241919861492,2.615510718026019
694,l4,1024,128,0,vectorized_elementwise_kernel,0,0.859326403841553,4.806934404798524,0.0,0.08749444615332036,0.08749444615332036,0.0,0.0,,0.21873611538330084,,0.0,0.859326403841553,0.8643326982011234,6.107123734007771
695,l4,1024,128,0,reduce_kernel,0,0.755686510693234,15.118187591495502,0.0,0.14044168289112371,0.14044168289112371,0.0,0.0,,0.7968538964039845,,0.0,0.755686510693234,0.4915236529228371,2.4680335958067854
696,l4,1024,128,0,vectorized_elementwise_kernel,0,0.006402900532252549,0.0213633478197177,0.0,0.0002929830558132721,0.0002929830558132721,0.0,0.0,,0.0004394745837199082,,0.0,0.006402900532252549,0.05720392434526426,0.03304197796116346
697,l4,1024,128,0,elementwise_kernel,0,0.8772803363569119,38.73381963639195,0.0,0.892965313193444,0.892965313193444,0.0,0.0,,1.4989060614318523,,0.0,0.8772803363569119,0.8332099732679306,5.674683692139992
698,l4,1024,128,0,vectorized_elementwise_kernel,0,0.864581004866138,2.852945475179256,0.0,0.10564506422270747,0.10564506422270747,0.0,0.0,,0.05282253211135374,,0.0,0.864581004866138,0.876959494701125,6.129408325738947
699,l4,1024,128,0,Kernel2,0,0.8406005771732188,54.197812367420326,0.0,3.332723110705677,1.5745142436218007,1.7582088670838767,0.0,,0.4801384967077505,,0.0,0.8406005771732188,0.8423355416347439,2.745444439436958
700,l4,1024,128,0,splitKreduce_kernel,0,0.7850639506331004,12.427348237354002,0.0,0.2973629705549505,0.21934319817222894,0.07801977238272158,0.0,,0.42855251638801695,,0.0,0.7850639506331004,0.8378634367504393,5.424049993238386
701,l4,1024,128,0,vectorized_elementwise_kernel,0,0.5787058331591052,1.292947243710363,0.0,0.042818314865147394,0.042818314865147394,0.0,0.0,,0.021409157432573697,,0.0,0.5787058331591052,0.48335017538969033,2.4522034055799473
702,l4,1024,128,0,fmha_cutlassF_f16_aligned_64x128_rf_sm80,0,0.2656924142569269,8.330557272322466,0.43965930026910144,0.17572476681087504,0.09439348185766386,0.08133128495321122,1.418212525587281,,0.2161046619376144,,0.0,0.2656924142569269,0.310444736504465,0.24130857051970653
703,l4,1024,128,0,flash_fwd_splitkv_kernel,0,0.5716345980172488,8.153492322697712,0.9712535348380111,0.22455495544228432,0.08453415165277123,0.1400208037895131,3.3908509639120026,,0.150809875038324,,0.0,0.5716345980172488,0.3929617550518968,0.5160994716306768
704,l4,1024,128,0,flash_fwd_splitkv_combine_kernel,0,0.848643846885779,19.517280854775407,0.0,0.583594338500575,0.527811917694168,0.05578242080640685,10.974110930499942,,0.7364706815208342,,0.0,0.848643846885779,0.5802915080812486,3.451915579695781
705,l4,1024,128,0,cudnn_generated_fort_native_sdpa_sm80_flash_fprop_wmma_f16_knob_3_64x64x128_4x1x1_kernel0_0,0,0.2633148690407114,5.503478078993887,0.7074743276613547,0.16033033316690734,0.060209561849757794,0.10012077131714954,2.409488982147436,,0.08964335352935622,,0.0,0.2633148690407114,0.5950577374606988,0.381568992582797
706,l4,2048,64,0,unrolled_elementwise_kernel,0,0.6851368873594273,12.672619076965551,0.0,0.2019415178153241,0.2019415178153241,0.0,0.0,,0.3332035043952848,,0.0,0.6851368873594273,0.5050871579459418,1.033241138353276
707,l4,2048,64,0,unrolled_elementwise_kernel,0,0.6638253516736158,12.51997038537973,0.0,0.19950902076920082,0.19950902076920082,0.0,0.0,,0.32918988426918133,,0.0,0.6638253516736158,0.4784035706399616,1.0196651469690476
708,l4,2048,64,0,unrolled_elementwise_kernel,0,0.6701199935691631,12.522593186236058,0.0,0.19955081579062756,0.19955081579062756,0.0,0.0,,0.3292588460545354,,0.0,0.6701199935691631,0.5019686318069839,1.0300511706234177
709,l4,2048,64,0,vectorized_elementwise_kernel,0,0.5753751349093061,1.4155902934930191,0.0,0.06060648260975524,0.04634613376040107,0.014260348849354175,0.0,,0.014260348849354175,,0.0,0.5753751349093061,0.5199329225127366,2.4403764694959906
710,l4,2048,64,0,vectorized_elementwise_kernel,0,0.5574184337894773,1.4257112016435112,0.0,0.06061492391796371,0.04635258887844284,0.014262335039520874,0.0,,0.014262335039520874,,0.0,0.5574184337894773,0.505893601216384,2.4482560906252537
711,l4,2048,64,0,ampere_sgemm_128x32_tn,0,0.9598504837145518,62.08594802522819,0.0,2.8642284985496347,0.7429553553602606,2.121273143189374,0.0,,1.1907162034690242,,0.0,0.9598504837145518,0.9900456432249668,0.252437224493724
712,l4,2048,64,0,softmax_warp_forward,0,0.6690325364228665,19.73967600706383,0.0,0.5881115630058732,0.1334772633015372,0.454634299704336,13.167317751883015,,0.40408611716858206,,0.0,0.6690325364228665,0.6773303471488266,3.8556222992227114
713,l4,2048,64,0,vectorized_elementwise_kernel,0,0.9599320275184027,5.414858607102586,0.0,0.1037894816860723,0.1037894816860723,0.0,0.0,,0.25947370421518073,,0.0,0.9599320275184027,0.9830918188076203,7.202339655470951
714,l4,2048,64,0,reduce_kernel,0,0.8639043361824152,22.52113313024572,0.0,0.19565441823412394,0.19565441823412394,0.0,0.0,,1.303310882753116,,0.0,0.8639043361824152,0.7477661133376786,4.932199864094635
715,l4,2048,64,0,vectorized_elementwise_kernel,0,0.006265469372137793,0.0209247545825212,0.0,0.00028696806284600576,0.00028696806284600576,0.0,0.0,,0.0004304520942690086,,0.0,0.006265469372137793,0.05719980948509161,0.03328829529013667
716,l4,2048,64,0,elementwise_kernel,0,0.9609910727804631,47.59596411356255,0.0,1.1158312967727382,1.1158312967727382,0.0,0.0,,1.8730025338685246,,0.0,0.9609910727804631,0.9690158512215209,7.05386674904121
717,l4,2048,64,0,vectorized_elementwise_kernel,0,0.9548462376546366,3.0686741808789053,0.0,0.12410569890884851,0.12410569890884851,0.0,0.0,,0.062052849454424255,,0.0,0.9548462376546366,0.9811210730392708,7.18153328477038
718,l4,2048,64,0,ampere_sgemm_64x64_nn,0,0.9484226568726708,54.98169839552344,0.0,3.5325990598161723,1.2974801946647798,2.2351188651513922,0.0,,0.34908425697474227,,0.0,0.9484226568726708,0.9749108773723458,5.3869451316406485
719,l4,2048,64,0,splitKreduce_kernel,0,0.7957996835156496,12.54732174040522,0.0,0.3002375788516016,0.22137304191477347,0.07886453693682818,0.0,,0.43269533422730827,,0.0,0.7957996835156496,0.8311612762281735,5.441305950681908
720,l4,2048,64,0,vectorized_elementwise_kernel,0,0.5658564931058726,1.330939638721896,0.0,0.04407650257543366,0.04407650257543366,0.0,0.0,,0.02203825128771683,,0.0,0.5658564931058726,0.4840649525804554,2.52814324863337
721,l4,2048,64,0,fmha_cutlassF_f16_aligned_64x64_rf_sm80,0,0.5433021806173126,13.740703494976955,0.45807357871512355,0.3316588029484957,0.1584682098790376,0.1731905930694581,2.9198381284867696,,0.4062400957232309,,0.0,0.5433021806173126,0.29200990571474356,0.12134961076761117
722,l4,2048,64,0,flash_fwd_splitkv_kernel,0,0.7509897395263212,16.900535585642963,1.5092777510296818,0.5486607840046865,0.18118512537180453,0.367475658632882,9.884369060393364,,0.35419756791437534,,0.0,0.7509897395263212,0.4453270716400373,0.4116260899249397
723,l4,2048,64,0,flash_fwd_splitkv_combine_kernel,0,0.8216306371819873,21.569968267609823,0.0,0.6466355953679525,0.5895172930508269,0.05711830231712557,12.199341112176205,,0.8060027104749944,,0.0,0.8216306371819873,0.5296368679690169,2.929641504791076
724,l4,2048,64,0,cudnn_generated_fort_native_sdpa_sm80_flash_fprop_wmma_f16_knob_6_128x64x64_4x1x1_kernel0_0,0,0.2674803492131957,7.279232730530098,0.7718079754334803,0.2572536226710349,0.07142625811774941,0.1858273645532855,5.162973273163418,,0.12240863184594107,,0.0,0.2674803492131957,0.3779861074819587,0.20024971839822014
725,l4,2048,128,0,elementwise_kernel,0,0.9620395140208582,47.75714311860002,0.0,1.119477294842191,1.119477294842191,0.0,0.0,,1.8791226020565348,,0.0,0.9620395140208582,0.9710874388281026,7.064130009283181
726,l4,2048,128,0,vectorized_elementwise_kernel,0,0.9578745095404717,3.081006390312937,0.0,0.1246044476780849,0.1246044476780849,0.0,0.0,,0.06230222383904245,,0.0,0.9578745095404717,0.985834346838782,7.208825641360402
727,l4,2048,128,0,ampere_sgemm_128x64_nn,0,0.9409743233946579,57.4055831094354,0.0,3.839726060999407,1.486392279082558,2.3533337819168483,0.0,,0.25460520112331914,,0.0,0.9409743233946579,0.9866655455829489,3.010290640860062
728,l4,2048,128,0,vectorized_elementwise_kernel,0,0.6645155222055589,1.9018686216824912,0.0,0.06421035580103568,0.06421035580103568,0.0,0.0,,0.03210517790051784,,0.0,0.6645155222055589,0.6283717229883315,3.741981108248724
729,l4,2048,128,0,fmha_cutlassF_f16_aligned_64x128_rf_sm80,0,0.5364251049675555,16.964583674137085,0.9148381045858552,0.35944446262064456,0.19149310213206827,0.16795136048857626,2.91935220022902,,0.4389888216369486,,0.0,0.5364251049675555,0.5017956177181598,0.24599581947398075
730,l4,2048,128,0,flash_fwd_splitkv_kernel,0,0.7451868842514844,13.418786543106878,1.812138025310199,0.37555631499882697,0.12107263537232331,0.2544836796265037,6.02239474353884,,0.2222036921904413,,0.0,0.7451868842514844,0.5722822816076137,0.46853175757015403
731,l4,2048,128,0,flash_fwd_splitkv_combine_kernel,0,0.8741205879566708,29.920309174111495,0.0,0.8948262828927653,0.8139252081685997,0.08090107472416572,17.124441033235442,,1.1294212265272625,,0.0,0.8741205879566708,0.6591941212066141,4.10087984703692
732,l4,2048,128,0,cudnn_generated_fort_native_sdpa_sm80_flash_fprop_wmma_f16_knob_3_64x64x128_4x1x1_kernel0_0,0,0.533989612620774,11.32098914702942,1.5138230103188037,0.3326733245027376,0.12022218452576451,0.2124511399769731,5.091042960727911,,0.17721634117379553,,0.0,0.533989612620774,0.8062680236188359,0.40287343253918123
733,l4,4096,64,0,elementwise_kernel,0,0.9904514439852266,31.810906937051687,0.0,0.7490016586130631,0.7490016586130631,0.0,0.0,,1.2572527841004988,,0.0,0.9904514439852266,1.0182637705327433,7.167086030935063
734,l4,4096,64,0,vectorized_elementwise_kernel,0,0.9862607399175861,2.539257034206502,0.0,0.1051406948255075,0.1051406948255075,0.0,0.0,,0.05257034741275375,,0.0,0.9862607399175861,1.0184528794374257,7.415156311095056
735,l4,4096,64,0,ampere_sgemm_64x64_nn,0,0.9606953819589751,58.847152302703165,0.0,3.7513473236948673,1.4130209484073326,2.338326375287535,0.0,,0.3875069174866481,,0.0,0.9606953819589751,1.001393508939255,5.7864909940925005
736,l4,4096,64,0,vectorized_elementwise_kernel,0,0.6680918562893536,1.952925798884541,0.0,0.06596131858221814,0.06596131858221814,0.0,0.0,,0.03298065929110907,,0.0,0.6680918562893536,0.6176872921039306,3.8394554755731622
737,l4,4096,64,0,fmha_cutlassF_f16_aligned_64x64_rf_sm80,0,0.8262067041503536,22.738944154311476,0.7642947518495312,0.5497622503113492,0.2620160193242859,0.2877462309870632,4.8383421472629475,,0.6727629667174124,,0.0,0.8262067041503536,0.49851403217744095,0.09851605332388694
738,l4,4096,64,0,flash_fwd_splitkv_kernel,0,0.9365215299041512,22.17057484012174,1.9277792434497485,0.7200933209175087,0.2478915006448446,0.47220182027266405,12.754594115597705,,0.4767676693395008,,0.0,0.9365215299041512,0.7816852873396277,0.2549025195360796
739,l4,4096,64,0,flash_fwd_splitkv_combine_kernel,0,0.9369995929581766,17.53559071944642,0.0,0.5314338048234456,0.4545537804009362,0.07688002442250941,9.065635494047012,,0.6491828635392286,,0.0,0.9369995929581766,0.8528027373562633,5.8606343068416935
740,l4,4096,64,0,cudnn_generated_fort_native_sdpa_sm80_flash_fprop_wmma_f16_knob_6_128x64x64_4x1x1_kernel0_0,0,0.5400229945909543,14.8470000215348,1.5986458613833614,0.5287025512637782,0.14500847194215868,0.38369407932161964,10.655037113224065,,0.245421997243927,,0.0,0.5400229945909543,0.5316244708490295,0.20427897079925803
741,l4,4096,128,0,elementwise_kernel,0,0.9879626465819951,31.477549438228568,0.0,0.7411424772549009,0.7411424772549009,0.0,0.0,,1.2440605868207266,,0.0,0.9879626465819951,1.0179216818098715,7.153437499410991
742,l4,4096,128,0,vectorized_elementwise_kernel,0,0.9841096110600873,2.5106951998895983,0.0,0.10395559806669491,0.10395559806669491,0.0,0.0,,0.051977799033347455,,0.0,0.9841096110600873,1.0154170680726362,7.387911855302797
743,l4,4096,128,0,ampere_sgemm_128x64_nn,0,0.9775298048783616,70.60607321269187,0.0,4.751307324207033,1.957197897234401,2.794109426972632,0.0,,0.2983007198288243,,0.0,0.9775298048783616,1.0170294044411554,3.763075972083833
744,l4,4096,128,0,vectorized_elementwise_kernel,0,0.787890453922552,2.5257653673904747,0.0,0.08680050294562254,0.08680050294562254,0.0,0.0,,0.04340025147281127,,0.0,0.787890453922552,0.7640788277787981,5.102712986639918
745,l4,4096,128,0,fmha_cutlassF_f16_aligned_64x128_rf_sm80,0,0.5642364638329206,17.67654264431576,0.9639675997981192,0.37536663277472915,0.19919208638582936,0.17617454638889987,3.056433753060157,,0.4569172302810058,,0.0,0.5642364638329206,0.6097070915738085,0.12820360780593218
746,l4,4096,128,0,flash_fwd_splitkv_kernel,0,0.9443958273757198,18.00467312266035,2.467954805690595,0.5055586741088293,0.15994912639319897,0.3456095477156303,8.160488989153318,,0.29456089004687247,,0.0,0.9443958273757198,0.8661335816113624,0.31532731668300473
747,l4,4096,128,0,flash_fwd_splitkv_combine_kernel,0,0.9478220334112092,27.319821380874934,0.0,0.8352464254198375,0.7473213893274818,0.08792503609235584,14.973847833951496,,1.021337597922703,,0.0,0.9478220334112092,0.8784825883262499,5.973567209545286
748,l4,4096,128,0,cudnn_generated_fort_native_sdpa_sm80_flash_fprop_wmma_f16_knob_3_64x64x128_4x1x1_kernel0_0,0,0.5980513275464808,13.02129307702394,1.7769835454522536,0.38440392645075383,0.13628431455413081,0.24811961189662296,5.938101142182061,,0.19945512329630707,,0.0,0.5980513275464808,0.6881343867150238,0.23739609858790037
749,l4,8192,64,0,elementwise_kernel,0,0.9972082283984746,24.461350728873015,0.0,0.5765608382341119,0.5765608382341119,0.0,0.0,,0.9677985498929734,,0.0,0.9972082283984746,1.01516405833592,6.987184236947771
750,l4,8192,64,0,vectorized_elementwise_kernel,0,0.9959473051451817,2.037681851311678,0.0,0.08488026099402356,0.08488026099402356,0.0,0.0,,0.04244013049701178,,0.0,0.9959473051451817,1.010114324295961,7.1382792925450484
751,l4,8192,64,0,ampere_sgemm_64x64_nn,0,0.953551427160747,63.97725442727899,0.0,4.231631612989408,1.6735982958794509,2.558033317109957,0.0,,0.3207679450209754,,0.0,0.953551427160747,1.0187903249132209,6.708696814668009
752,l4,8192,64,0,vectorized_elementwise_kernel,0,0.7850715270505185,2.522223280053879,0.0,0.0866575693144193,0.0866575693144193,0.0,0.0,,0.04332878465720965,,0.0,0.7850715270505185,0.7671793330253868,5.090492796754103
753,l4,8192,64,0,fmha_cutlassF_f16_aligned_64x64_rf_sm80,0,0.8271968138022507,36.92849814097975,1.246433118305277,0.8935394741891111,0.4270715071709843,0.46646796701812676,7.860778103177882,,1.0930387900044292,,0.0,0.8271968138022507,0.8214620858443353,0.0792138897483168
754,l4,8192,64,0,flash_fwd_kernel,0,0.5907679826069209,17.29943046788706,1.696870615205533,0.6135801910985278,0.1942184861948604,0.4193617049036674,10.945923653841234,,0.3244291505207112,,0.0,0.5907679826069209,0.5319795379713866,0.11135219842399495
755,l4,8192,64,0,cudnn_generated_fort_native_sdpa_sm80_flash_fprop_wmma_f16_knob_6_128x64x64_4x1x1_kernel0_0,0,0.5931441880401244,16.71274359228677,1.8136604373452274,0.5974596432776812,0.16331944125016318,0.4341402020275181,12.065978251381212,,0.2738229857988335,,0.0,0.5931441880401244,0.46808115747601,0.11519988123129205
756,l4,8192,128,0,elementwise_kernel,0,0.9971173345877152,24.783656590532424,0.0,0.5841639494340658,0.5841639494340658,0.0,0.0,,0.9805609151214676,,0.0,0.9971173345877152,1.0151161238654565,7.077505577222628
757,l4,8192,128,0,vectorized_elementwise_kernel,0,0.996545357802046,2.021325626616204,0.0,0.08419973185981948,0.08419973185981948,0.0,0.0,,0.04209986592990973,,0.0,0.996545357802046,1.0041258157152824,7.076833616838304
758,l4,8192,128,0,ampere_sgemm_128x64_nn,0,0.9864124630035013,72.99896483645296,0.0,4.978748413716228,2.1307448832049505,2.8480035305112765,0.0,,0.26511485815545094,,0.0,0.9864124630035013,1.0256336313804133,3.9131435719257053
759,l4,8192,128,0,vectorized_elementwise_kernel,0,0.8619229299335707,2.848099227495824,0.0,0.10553119860528429,0.10553119860528429,0.0,0.0,,0.052765599302642144,,0.0,0.8619229299335707,0.8764293903701064,6.1138359405528195
760,l4,8192,128,0,fmha_cutlassF_f16_aligned_64x128_rf_sm80,0,0.7453946180851011,23.56535006617696,1.2931110601385631,0.5009500316934149,0.26543265827592755,0.23551737341748738,4.079018419793463,,0.609061437900638,,0.0,0.7453946180851011,0.8574394457883829,0.08546760324612918
761,l4,8192,128,0,flash_fwd_kernel,0,0.6005050379997083,14.709911361021536,1.7399520733742768,0.5516667044773217,0.21930982806955,0.33235687640777173,6.121665181248076,,0.21434124872389038,,0.0,0.6005050379997083,0.37809450395121347,0.11055016231574058
762,l4,8192,128,0,cudnn_generated_fort_native_sdpa_sm80_flash_fprop_wmma_f16_knob_3_64x64x128_4x1x1_kernel0_0,0,0.7309048698898668,17.525027439947845,2.4166983538840197,0.5186409606659209,0.1842726055960388,0.33436835506988216,8.05000687641726,,0.26543265916835285,,0.0,0.7309048698898668,0.8588222845927332,0.16147673920569644
763,rtx2060,256,64,0,fmha_cutlassF_f16_aligned_64x64_rf_sm75,0,0.12802762718002278,2.0893142364300195,0.05745165855800536,0.04522306253728497,,,0.8383323623933058,0.05745165855800536,0.05844184244180045,,0.007165712346333433,0.12802762718002278,0.09552934600628749,0.0800019593744697
764,rtx2060,256,128,0,fmha_cutlassF_f16_aligned_32x128_rf_sm75,0,0.25332307307801083,3.582703577277481,0.14394721668650756,0.05857991927722202,,,1.1610750467521251,0.14394721668650756,0.10104378366646277,,0.0022449789423606044,0.25332307307801083,0.20444463079523556,0.16580835684641845
765,rtx2060,512,64,0,fmha_cutlassF_f16_aligned_64x64_rf_sm75,0,0.2605973139599175,4.485106290216781,0.13016018342915012,0.09728324306542294,,,1.7681016390908604,0.13016018342915012,0.12412679916529432,,0.00811717587280449,0.2605973139599175,0.09989851052993506,0.07575172063914833
766,rtx2060,512,128,0,fmha_cutlassF_f16_aligned_32x128_rf_sm75,0,0.5179693147034237,7.648869571776064,0.330142238480443,0.1257028642543322,,,2.3692166512674495,0.330142238480443,0.21567954544026044,,0.002574497639834317,0.5179693147034237,0.28337858817465855,0.17245865781683103
767,rtx2060,1024,64,0,fmha_cutlassF_f16_aligned_64x64_rf_sm75,0,0.5269423588665084,9.286241414642102,0.2773806337658279,0.2016587141085718,,,3.62460336187597,0.2773806337658279,0.2556373950238576,,0.008648835833123501,0.5269423588665084,0.1273191221938397,0.07306429245987693
768,rtx2060,1024,128,0,fmha_cutlassF_f16_aligned_32x128_rf_sm75,0,0.8865554102017523,13.57032662910632,0.608994794480725,0.22365375450032168,,,4.093533724688315,0.608994794480725,0.38267544812114285,,0.002371988758533745,0.8865554102017523,0.4266076217511832,0.1596980810402468
769,rtx2060,2048,64,0,fmha_cutlassF_f16_aligned_64x64_rf_sm75,0,0.8961633513969092,16.6997543093447,0.5072819317737988,0.36279814116478615,,,6.4807204998336285,0.5072819317737988,0.45860520858406567,,0.007895254871828603,0.8961633513969092,0.1954596923481709,0.06813897942361843
770,rtx2060,2048,128,0,fmha_cutlassF_f16_aligned_32x128_rf_sm75,0,0.6359449239135644,14.728806073001238,0.6792055842937811,0.243072650351519,,,4.377801255655008,0.6792055842937811,0.4155228414792858,,0.0013131368020213843,0.6359449239135644,0.49044375191652745,0.08957926885273809
771,rtx2060,4096,64,0,fmha_cutlassF_f16_aligned_64x64_rf_sm75,0,0.8268303114759136,26.98826328263389,0.8398735021365138,0.5863958953655432,,,10.440146652412446,0.8398735021365138,0.7404616015898304,,0.00643186852670306,0.8268303114759136,0.38932771683290546,0.055525115015678764
772,rtx2060,4096,128,0,fmha_cutlassF_f16_aligned_32x128_rf_sm75,0,0.7967239149275798,18.640983936934475,0.8690808816408447,0.30779133643258133,,,5.496210179884894,0.8690808816408447,0.5260677274125214,,0.000839529113531248,0.7967239149275798,0.6130988459959062,0.1131227562298297
773,rtx2060,8192,64,0,fmha_cutlassF_f16_aligned_64x64_rf_sm75,0,0.9418711754008517,30.25687466254502,0.9468517879068343,0.6574407403015504,,,11.684668915487254,0.9468517879068343,0.8298060405363901,,0.0036204757415391558,0.9418711754008517,0.5333403244711064,0.05871091761321177
774,rtx2060,8192,128,0,fmha_cutlassF_f16_aligned_32x128_rf_sm75,0,0.9282622822079714,21.791850590006938,1.0214003043535,0.3597600086210455,,,6.394439419667046,1.0214003043535,0.6151899640647737,,0.0004933883209557881,0.9282622822079714,0.7417219364576132,0.1226624376927477
775,t4,256,64,0,unrolled_elementwise_kernel,0,0.6032003891050584,3.1750972762645913,0.0,0.04482490272373541,,,0.0,0.004980544747081712,0.08217898832684825,,0.0,0.6032003891050584,0.3354024805447471,0.2573929961089494
776,t4,256,64,0,unrolled_elementwise_kernel,0,0.6145798951113067,2.9926284519749147,0.0,0.04224887226317527,,,0.0,0.004694319140352808,0.07745626581582132,,0.0,0.6145798951113067,0.3316394359482158,0.2451681519785822
777,t4,256,64,0,unrolled_elementwise_kernel,0,0.5949632085233587,3.1272755145058055,0.0,0.04414977196949373,,,0.0,0.004905530218832637,0.08094124861073851,,0.0,0.5949632085233587,0.34977053232667765,0.25706128080328056
778,t4,256,64,0,vectorized_elementwise_kernel,0,0.19365145228215766,0.4647302904564315,0.0,0.017261410788381743,,,0.0,0.0,0.0053112033195020746,,0.0,0.19365145228215766,0.3173366182572614,0.504356846473029
779,t4,256,64,0,vectorized_elementwise_kernel,0,0.19324471653807446,0.469641060046964,0.0,0.01744381080174438,,,0.0,0.0,0.005367326400536733,,0.0,0.19324471653807446,0.31485868835961084,0.5126216034887621
780,t4,256,64,0,volta_sgemm_128x32_tn,0,0.35079610266159694,13.984790874524716,0.0,0.6387832699619772,,,0.0,0.0,0.2670722433460076,,0.0,0.35079610266159694,0.49801865494296577,0.31478136882129276
781,t4,256,64,0,softmax_warp_forward,0,0.6756526863547412,12.13307240704501,0.0,0.3558085749866572,,,6.831524639743818,0.0,0.2191780821917808,,0.0,0.6756526863547412,0.5558883539405799,1.0730964241238214
782,t4,256,64,0,vectorized_elementwise_kernel,0,0.5311779299741421,2.4040813474037317,0.0,0.03130896638479278,,,0.0,0.0,0.11181773708854566,,0.0,0.5311779299741421,0.47731104549584175,1.5937521839401774
783,t4,256,64,0,reduce_kernel,0,0.32692161743723624,6.338605385385994,0.0,0.069943231838742,,,0.0,0.0,0.2700585895995872,,0.0,0.32692161743723624,0.22650818888315474,0.3165508029507301
784,t4,256,64,0,vectorized_elementwise_kernel,0,0.010712894429294897,0.0389559797428905,0.0,0.0004869497467861317,,,0.0,0.0,0.0008765095442150371,,0.0,0.010712894429294897,0.07815543435917413,0.03627775613556681
785,t4,256,64,0,elementwise_kernel,0,0.6559312293472536,14.920262439538336,0.0,0.29423878166754464,,,0.0,0.0,0.38005842632057857,,0.0,0.6559312293472536,0.5513235716680236,1.3266845457593028
786,t4,256,64,0,vectorized_elementwise_kernel,0,0.5317315000345472,1.8240862295308504,0.0,0.03537621778484074,,,3.537621778484074,0.0,0.02653216333863055,,0.0,0.5317315000345472,0.5379953188696193,1.6972984177433843
787,t4,256,64,0,volta_sgemm_64x32_sliced1x4_nn,0,0.6701734561544037,20.30743410764008,0.0,0.7164816721974292,,,0.0,0.0,0.5480413472174543,,0.0,0.6701734561544037,0.41209246385932796,0.6897719037265897
788,t4,256,64,0,splitKreduce_kernel,0,0.48178818065146983,9.778158039479314,0.0,0.156450528631669,,,0.0,0.0,0.3285461101265049,,0.0,0.48178818065146983,0.46096757929475035,1.44075047362953
789,t4,256,64,0,vectorized_elementwise_kernel,0,0.19722827402565965,0.532558702493343,0.0,0.010328411199870895,,,1.0328411199870895,0.0,0.007746308399903171,,0.0,0.19722827402565965,0.27148642378762206,0.49140643911885745
790,t4,256,64,0,fmha_cutlassF_f16_aligned_64x64_rf_sm75,0,0.09605356195863532,1.9403606806382128,0.05414219681941089,0.03864435409423919,,,0.7843445354493612,0.05414219681941089,0.05407590726664441,,0.006704247114358481,0.09605356195863532,0.08719531357413628,0.0822154132212467
791,t4,256,128,0,elementwise_kernel,0,0.6533683590297555,15.298168516154377,0.0,0.3016792693705195,,,0.0,0.0,0.3896690562702544,,0.0,0.6533683590297555,0.546936376804478,1.3721398409113228
792,t4,256,128,0,vectorized_elementwise_kernel,0,0.5174804355222865,1.7965294317795168,0.0,0.034841782919360326,,,3.4841782919360327,0.0,0.026131337189520244,,0.0,0.5174804355222865,0.5284429227628445,1.580809799251446
793,t4,256,128,0,volta_sgemm_32x32_sliced1x4_nn,0,0.7083657229359299,19.28920164743747,0.0,0.923437798325287,,,0.0,0.0,0.32948749420396584,,0.0,0.7083657229359299,0.6170475002045659,0.6185391266399367
794,t4,256,128,0,vectorized_elementwise_kernel,0,0.4019302253542942,1.022225664059475,0.0,0.01982498257569891,,,1.982498257569891,0.0,0.01486873693177418,,0.0,0.4019302253542942,0.38801740494075737,0.8983195229613568
795,t4,256,128,0,fmha_cutlassF_f16_aligned_32x128_rf_sm75,0,0.19035032022968199,3.223149214411914,0.1300962660903584,0.052688036345280166,,,1.0442958101968702,0.1300962660903584,0.09088094712266531,,0.0020191822311963654,0.19035032022968199,0.20678131704316002,0.1794587645128723
796,t4,512,64,0,elementwise_kernel,0,0.798500344606902,28.413146753310688,0.0,0.6049328016541131,,,0.0,0.0,0.7813715354698961,,0.0,0.798500344606902,0.9437383079801113,2.9194358292718947
797,t4,512,64,0,vectorized_elementwise_kernel,0,0.7110816125860373,4.144296951819076,0.0,0.08055063913470993,,,8.055063913470994,0.0,0.060412979351032445,,0.0,0.7110816125860373,0.9204523107177974,3.909636184857424
798,t4,512,64,0,volta_sgemm_32x32_sliced1x4_nn,0,0.7232184123551315,22.26853749356867,0.0,1.161982332371177,,,0.0,0.0,0.3044483008205942,,0.0,0.7232184123551315,0.9586075732735693,1.23222118545778
799,t4,512,64,0,vectorized_elementwise_kernel,0,0.4038041395170564,1.0118819471061709,0.0,0.01962437715599847,,,1.962437715599847,0.0,0.01471828286699885,,0.0,0.4038041395170564,0.38891816788041395,0.8861632809505557
800,t4,512,64,0,fmha_cutlassF_f16_aligned_64x64_rf_sm75,0,0.19554023341860544,4.101889160930015,0.12105296384536841,0.08280175521422324,,,1.6326127293288393,0.12105296384536841,0.11452717910431374,,0.007495159985800186,0.19554023341860544,0.09487834546539162,0.07952628246652248
801,t4,512,128,0,elementwise_kernel,0,0.7993533204862141,28.51929229666963,0.0,0.6071746219982211,,,0.0,0.0,0.7842672200810357,,0.0,0.7993533204862141,0.9644565606779326,2.9773816582666273
802,t4,512,128,0,vectorized_elementwise_kernel,0,0.6894695430460939,4.1987869009202825,0.0,0.08159037488546274,,,8.159037488546273,0.0,0.06119278116409705,,0.0,0.6894695430460939,0.8906455420102785,3.961395960320306
803,t4,512,128,0,volta_sgemm_64x32_sliced1x4_nn,0,0.7329235793860703,31.845261948652187,0.0,1.779915043680372,,,0.0,0.0,0.3432449039566135,,0.0,0.7329235793860703,0.8443703080334483,1.0575291870374823
804,t4,512,128,0,vectorized_elementwise_kernel,0,0.5270788117200217,1.790558871405317,0.0,0.03472599023331525,,,3.472599023331525,0.0,0.026044492674986434,,0.0,0.5270788117200217,0.5115428309820944,1.570299782962561
805,t4,512,128,0,fmha_cutlassF_f16_aligned_32x128_rf_sm75,0,0.38897019006574207,6.80853069380485,0.2952776696248361,0.11187787817354296,,,2.1086467158053965,0.2952776696248361,0.19195879149157077,,0.0022913505990181204,0.38897019006574207,0.2698812145053233,0.18783928323689073
806,t4,1024,64,0,elementwise_kernel,0,0.9373074475922578,37.617755215658704,0.0,0.8229857343781395,,,0.0,0.0,1.0630232402384303,,0.0,0.9373074475922578,1.295593846276204,5.707462661576586
807,t4,1024,64,0,vectorized_elementwise_kernel,0,0.8764114148625936,5.665052937035813,0.0,0.11768255017166827,,,11.768255017166828,0.0,0.0882619126287512,,0.0,0.8764114148625936,1.2661500158021002,6.64596830960624
808,t4,1024,64,0,volta_sgemm_64x32_sliced1x4_nn,0,0.7465334073277168,34.15964603915389,0.0,2.0025456088247773,,,0.0,0.0,0.2955330626098551,,0.0,0.7465334073277168,1.1027491249469665,2.3160873386265832
809,t4,1024,64,0,vectorized_elementwise_kernel,0,0.5262642630477349,1.7824589831881712,0.0,0.03456890149213423,,,3.456890149213423,0.0,0.02592667611910067,,0.0,0.5262642630477349,0.5281125514820066,1.5756869893997705
810,t4,1024,64,0,fmha_cutlassF_f16_aligned_64x64_rf_sm75,0,0.3951724605133364,8.48153016426296,0.25794606965872446,0.17245758912035683,,,3.3464240737058395,0.25794606965872446,0.23717195169974928,,0.007985059205626971,0.3951724605133364,0.11908839271441327,0.07837386296733845
811,t4,1024,128,0,elementwise_kernel,0,0.9376661495240891,37.682764476497965,0.0,0.8243867667407438,,,0.0,0.0,1.0648329070401275,,0.0,0.9376661495240891,1.2926092288984863,5.728563042475575
812,t4,1024,128,0,vectorized_elementwise_kernel,0,0.8616972706130778,5.625971978484499,0.0,0.11687996689922814,,,11.687996689922814,0.0,0.08765997517442109,,0.0,0.8616972706130778,1.2544028841901012,6.596933898329268
813,t4,1024,128,0,volta_sgemm_64x32_sliced1x4_nn,0,0.7616969770433208,36.13083634199802,0.0,2.1183136517909738,,,0.0,0.0,0.31261795902338946,,0.0,0.7616969770433208,1.123368734397352,1.3264604879847088
814,t4,1024,128,0,vectorized_elementwise_kernel,0,0.5980652928659425,2.95665808041214,0.0,0.057341247620114236,,,5.734124762011423,0.0,0.04300593571508567,,0.0,0.5980652928659425,0.6972802805465338,2.6455930115354462
815,t4,1024,128,0,fmha_cutlassF_f16_aligned_32x128_rf_sm75,0,0.7775693370727906,13.704861021770098,0.6173940909399246,0.22584693330963035,,,4.133675467178775,0.6173940909399246,0.3864280150545129,,0.0023952487994517127,0.7775693370727906,0.6267652971956408,0.19000007017330467
816,t4,2048,64,0,unrolled_elementwise_kernel,0,0.7355529228765736,23.61147536535957,0.00031652438142092316,0.333381565620026,,,0.0,0.03735892056142382,0.6111995369700477,,0.0,0.7355529228765736,0.7830078407611054,1.3676566343510346
817,t4,2048,64,0,unrolled_elementwise_kernel,0,0.7483878377458655,22.21466004219696,0.00018716395562512762,0.3136187300074866,,,0.0,0.03503368951201252,0.574967671680392,,0.0,0.7483878377458655,0.7107604386442524,1.1392329680800382
818,t4,2048,64,0,unrolled_elementwise_kernel,0,0.7272447559931507,23.285553117865295,0.0003032248858447489,0.32876712328767127,,,0.0,0.03683290525114156,0.6027397260273972,,0.0,0.7272447559931507,0.744433816709475,1.3421268550228311
819,t4,2048,64,0,vectorized_elementwise_kernel,0,0.5806060852146608,2.425423637052677,0.0,0.09008716366195658,,,0.0,0.0,0.027719127280602027,,0.0,0.5806060852146608,0.7954783850360024,2.667966000757945
820,t4,2048,64,0,vectorized_elementwise_kernel,0,0.5712979280145253,2.3923955997009507,0.0,0.08886040798889246,,,0.0,0.0,0.027341663996582295,,0.0,0.5712979280145253,0.7943000373811813,2.6371088326391114
821,t4,2048,64,0,volta_sgemm_128x64_tn,0,0.969804162299364,46.61197880515696,0.0,2.719134579993912,,,0.0,0.0,0.5170920196487223,,0.0,0.969804162299364,1.319486675853391,2.041888534127365
822,t4,2048,64,0,softmax_warp_forward,0,0.7543528259136002,25.86407246538466,0.0,0.7181482270719676,,,16.38524621549495,0.0,0.5150194032360369,,0.0,0.7543528259136002,1.0804118359739825,5.013443254482888
823,t4,2048,64,0,vectorized_elementwise_kernel,0,0.962984119131667,8.630165055381804,0.0,0.12020492524923908,,,0.0,0.0,0.42930330446156817,,0.0,0.962984119131667,1.3957257280128792,7.478105112230952
824,t4,2048,64,0,reduce_kernel,0,0.8917615960852538,28.540713400538596,0.0,0.20336344065521159,,,0.0,0.0,1.647243869307214,,0.0,0.8917615960852538,1.0878293236576821,4.446132519879571
825,t4,2048,64,0,vectorized_elementwise_kernel,0,0.010415619660267364,0.0402050457332395,0.0,0.000502563071665494,,,0.0,0.0,0.0009046135289978893,,0.0,0.010415619660267364,0.07315433711930848,0.03744094883907931
826,t4,2048,64,0,elementwise_kernel,0,0.9827832395129729,40.84503800467996,0.0,0.8994311306706801,,,0.0,0.0,1.1617652104496285,,0.0,0.9827832395129729,1.4153880497411837,6.744195222595572
827,t4,2048,64,0,vectorized_elementwise_kernel,0,0.9588080934545352,5.423115162865079,0.0,0.114917375080661,,,11.4917375080661,0.0,0.08618803131049574,,0.0,0.9588080934545352,1.399677114896333,7.358667901130657
828,t4,2048,64,0,volta_sgemm_64x64_nn,0,0.9774489071480795,49.57380364541311,0.0,3.221575178130548,,,0.0,0.0,0.289041508542849,,0.0,0.9774489071480795,1.3954136776408506,4.346116701054024
829,t4,2048,64,0,splitKreduce_kernel,0,0.8042751211931828,21.579406871273413,0.0,0.38052125736871445,,,0.0,0.0,0.7610425147374289,,0.0,0.8042751211931828,1.0923300972923669,4.375242808641453
830,t4,2048,64,0,vectorized_elementwise_kernel,0,0.5980103272155806,2.9634618622663744,0.0,0.057473199753044844,,,5.747319975304484,0.0,0.04310489981478363,,0.0,0.5980103272155806,0.7104170174552393,2.6533647639894484
831,t4,2048,64,0,fmha_cutlassF_f16_aligned_64x64_rf_sm75,0,0.7939131632128031,17.24903940938781,0.5329943744027775,0.35196885833705055,,,6.7707541441832415,0.5329943744027775,0.4828991712136972,,0.008248593600694364,0.7939131632128031,0.22931111606733803,0.07625820756208346
832,t4,2048,128,0,elementwise_kernel,0,0.9820730262946893,40.91129522764448,0.0,0.9008095960267024,,,0.0,0.0,1.1635457282011574,,0.0,0.9820730262946893,1.4160431423734405,6.741662352181144
833,t4,2048,128,0,vectorized_elementwise_kernel,0,0.9579717393141923,5.446715364458595,0.0,0.11540954044687386,,,11.540954044687386,0.0,0.08655715533515539,,0.0,0.9579717393141923,1.3997243579358147,7.367413569637373
834,t4,2048,128,0,volta_sgemm_128x64_nn,0,0.8635410757604195,44.01641744042435,0.0,2.979574765412417,,,0.0,0.0,0.17135068603116965,,0.0,0.8635410757604195,1.3709609251491808,2.108697929077895
835,t4,2048,128,0,vectorized_elementwise_kernel,0,0.701786573628489,4.227321944177094,0.0,0.08213025344882902,,,8.213025344882901,0.0,0.061597690086621755,,0.0,0.701786573628489,0.9122039922200834,4.057687680461983
836,t4,2048,128,0,fmha_cutlassF_f16_aligned_32x128_rf_sm75,0,0.8248353911917473,19.55893023004368,0.903531022822179,0.3227490479762098,,,5.812793769469344,0.903531022822179,0.5517264130944668,,0.001743567826746569,0.8248353911917473,0.871084740972056,0.14092421013738257
837,t4,4096,64,0,elementwise_kernel,0,0.9954369476320452,41.795782691362035,0.0,0.9218644958875896,,,0.0,0.0,1.19074164052147,,0.0,0.9954369476320452,1.4496863821866077,7.0328459474017055
838,t4,4096,64,0,vectorized_elementwise_kernel,0,0.9898830778382113,5.3677633943056104,0.0,0.11432040274497354,,,11.432040274497352,0.0,0.08574030205873015,,0.0,0.9898830778382113,1.437619872362917,7.51528958633514
839,t4,4096,64,0,volta_sgemm_64x64_nn,0,0.9310578236902893,47.62414277184064,0.0,3.078137143540384,,,0.0,0.0,0.28572843415270455,,0.0,0.9310578236902893,1.4086099997226906,4.851768225529606
840,t4,4096,64,0,vectorized_elementwise_kernel,0,0.6997864953308325,4.206989783701812,0.0,0.08173038550562695,,,8.173038550562694,0.0,0.0612977891292202,,0.0,0.6997864953308325,0.9104627264745789,3.9257921621837335
841,t4,4096,64,0,fmha_cutlassF_f16_aligned_64x64_rf_sm75,0,0.8353432393767598,25.78261964663828,0.8097878387711269,0.5269975258608258,,,10.091736678733788,0.8097878387711269,0.7224780477068676,,0.006217223347980845,0.8353432393767598,0.46636728918588677,0.05774762262547149
842,t4,4096,128,0,elementwise_kernel,0,0.9954243840872314,41.82298896937429,0.0,0.922462466372368,,,0.0,0.0,1.1915140190643088,,0.0,0.9954243840872314,1.4499439282880302,7.040099796430765
843,t4,4096,128,0,vectorized_elementwise_kernel,0,0.9882602644913672,5.364662830603312,0.0,0.11425552854252548,,,11.425552854252548,0.0,0.0856916464068941,,0.0,0.9882602644913672,1.4365264739801757,7.504192879427258
844,t4,4096,128,0,volta_sgemm_128x64_nn,0,0.9746224933332334,54.524691544857774,0.0,3.6437914161830203,,,0.0,0.0,0.24758137526637602,,0.0,0.9746224933332334,1.4420711814614067,3.278542278925303
845,t4,4096,128,0,vectorized_elementwise_kernel,0,0.7848612802113826,5.241496774862058,0.0,0.10610574307696292,,,10.610574307696291,0.0,0.0795793073077222,,0.0,0.7848612802113826,1.0875166761650648,5.261637696552081
846,t4,4096,128,0,fmha_cutlassF_f16_aligned_32x128_rf_sm75,0,0.8298037733827045,20.306629904409572,0.9491841379949341,0.33527334754035776,,,5.9869546919460905,0.9491841379949341,0.5730391571342296,,0.0009144888206197582,0.8298037733827045,0.9928566026383092,0.09610839907524105
847,t4,8192,64,0,elementwise_kernel,0,0.9988285969050222,42.057350553960035,0.0,0.9280295956703941,,,0.0,0.0,1.1987048944075924,,0.0,0.9988285969050222,1.4585786778491217,7.110933980591117
848,t4,8192,64,0,vectorized_elementwise_kernel,0,0.997544019784447,5.356645060380822,0.0,0.114227250108282,,,11.4227250108282,0.0,0.08567043758121148,,0.0,0.997544019784447,1.451990728546006,7.565003503368724
849,t4,8192,64,0,volta_sgemm_64x64_nn,0,0.9618666584172866,50.81121790537928,0.0,3.3553241183100813,,,0.0,0.0,0.25901668054591603,,0.0,0.9618666584172866,1.445884305687432,4.723440530368612
850,t4,8192,64,0,vectorized_elementwise_kernel,0,0.8035049259132089,5.342238715300705,0.0,0.10818520377169119,,,10.81852037716912,0.0,0.08113890282876839,,0.0,0.8035049259132089,1.105363203560392,5.342832994374159
851,t4,8192,64,0,fmha_cutlassF_f16_aligned_64x64_rf_sm75,0,0.714173978580096,27.20747756908493,0.868725921811851,0.5565672090933597,,,10.632930902857968,0.868725921811851,0.7627982322109337,,0.003294596421489962,0.714173978580096,0.5822172912672382,0.040469604663510884
852,t4,8192,128,0,elementwise_kernel,0,0.9988087865558825,42.061534373788945,0.0,0.9281217319493702,,,0.0,0.0,1.1988239037679367,,0.0,0.9988087865558825,1.4585853713847958,7.11136115097046
853,t4,8192,128,0,vectorized_elementwise_kernel,0,0.997319291401831,5.359268738530205,0.0,0.11428389571611955,,,11.428389571611955,0.0,0.08571292178708965,,0.0,0.997319291401831,1.4515447561499026,7.566882022882152
854,t4,8192,128,0,volta_sgemm_128x64_nn,0,0.9989135047765401,56.452366415145086,0.0,3.8750752456025683,,,0.0,0.0,0.18840300484613942,,0.0,0.9989135047765401,1.4568020472709469,2.773017664394933
855,t4,8192,128,0,vectorized_elementwise_kernel,0,0.8559732728890868,5.482742796751585,0.0,0.11391700967849595,,,11.391700967849596,0.0,0.08543775725887195,,0.0,0.8559732728890868,1.2367611629491602,6.4622038046501284
856,t4,8192,128,0,fmha_cutlassF_f16_aligned_32x128_rf_sm75,0,0.8877586734189911,22.17147325325089,1.0436858314302948,0.36602157809091884,,,6.505733687200037,1.0436858314302948,0.6258972539381682,,0.0005019756713373117,0.8877586734189911,1.0847374012194968,0.1259715668038194
